id,label,matcher,reason,content
harv_ev_cfpb_hello_digit_2022_0001,assessable_claim,misses,This is a self-contained advertising claim that promises a benefit ('save money') and a method ('without thinking about it'). A compliance reviewer could assess this claim for truthfulness and substantiation.,save money without thinking about it
harv_ev_cfpb_bloomtech_isa_2024_0004,assessable_claim,misses,"This is a clear, self-contained claim about the financial terms of a service, promising the absence of 'loans' and 'debt'. A compliance reviewer could assess this directly.","No loans, no debt"
harv_ev_cfpb_bloomtech_isa_2024_0005,assessable_claim,misses,This is a self-contained claim about the purpose and outcome of a product or service ('designed to get you hired'). A compliance reviewer could assess whether this design claim is substantiated.,designed to get you hired
harv_ev_cfpb_bloomtech_isa_2024_0010,assessable_claim,misses,"This is a clear, self-contained claim about a payment model ('We don’t get paid until you do'). A compliance reviewer could assess the truthfulness of this statement.",We don’t get paid until you do
harv_ev_cfpb_bloomtech_isa_2024_0011,assessable_claim,misses,"This is a self-contained advertising claim explaining a business model and its benefit ('Aligned Incentives . . . Because we invest in you, instead of the other way around, we only make money when you do'). A compliance reviewer could assess the truthfulness of this claim about aligned incentives and payment structure.","Aligned Incentives . . . Because we invest in you, instead of the other way around, we only make money when you do"
harv_ev_fda_opioid_marketing_2020_0015,assessable_claim,misses,"This is a self-contained claim about the terms of a financial arrangement, stating the absence of a 'personal guaranty of collateral'. A compliance reviewer could assess its accuracy.",no personal guaranty of collateral
harv_ev_ftc_lumosity_brain_training_2016_0020,assessable_claim,misses,This is a self-contained claim about the positive impact of a product ('Lumosity') in a specific setting ('in the Classroom') on a specific group ('Students'). A compliance reviewer could assess whether this claim is substantiated.,Lumosity in the Classroom Can Positively Impact Students
harv_ev_ftc_lumosity_brain_training_2016_0022,assessable_claim,misses,"This is a self-contained testimonial or claim about a product's benefit ('Lumosity helps me stay focused during the last mile of the race'). While a testimonial, it makes a specific performance claim that would require substantiation.",Lumosity helps me stay focused during the last mile of the race
harv_ev_ftc_lumosity_brain_training_2016_0023,assessable_claim,misses,"This is a self-contained claim presented as a question, implying a benefit ('How Brain Training Can Improve Your Athletic Game'). It suggests that brain training *can* improve athletic performance, which is an assessable claim.",How Brain Training Can Improve Your Athletic Game
harv_ev_ftc_lumosity_brain_training_2016_0024,assessable_claim,misses,"This is a self-contained claim listing multiple benefits ('Improve Your Job Performance, Attitude, and Ratings'). A compliance reviewer could assess whether these improvements are substantiated.","Improve Your Job Performance, Attitude, and Ratings"
harv_ev_ftc_lumosity_brain_training_2016_0025,not_a_claim,fires,This appears to be a topic or heading rather than an advertising claim. It describes a concept ('Cognitive Reserve and the Effects of Aging') but doesn't make a promise or statement about a product's performance or benefit.,Cognitive Reserve and the Effects of Aging
harv_ev_ftc_lumosity_brain_training_2016_0027,assessable_claim,misses,This is a self-contained claim about a specific benefit ('Improves Executive Function') for a specific group ('Breast Cancer Survivors') from a specific activity ('Cognitive Training'). A compliance reviewer could assess whether this claim is substantiated.,Cognitive Training Improves Executive Function in Breast Cancer Survivors
harv_ev_ftc_volkswagen_clean_diesel_2016_0033,assessable_claim,misses,"This is a self-contained advertising claim that directly refutes a negative perception about diesel ('It’s No Longer A Dirty Word'). It implies that modern diesel is clean, which is an assessable claim.",Diesel – It’s No Longer A Dirty Word
harv_ev_ftc_volkswagen_clean_diesel_2016_0034,assessable_claim,misses,"This is a self-contained advertising claim that directly refutes a negative perception about diesel ('It’s no longer a dirty word'). It implies that modern diesel is clean, which is an assessable claim.",Diesel. It’s no longer a dirty word
harv_ev_ftc_volkswagen_clean_diesel_2016_0035,assessable_claim,misses,This is a self-contained claim about the design purpose of a product ('designed to reduce emissions'). A compliance reviewer could assess whether the product is indeed designed for and achieves this purpose.,designed to reduce emissions
harv_ev_ftc_volkswagen_clean_diesel_2016_0036,assessable_claim,misses,"This is a self-contained advertising claim that makes multiple specific, quantifiable promises: 'Diesel is not dirty', 'clean-diesel technology such as ours can achieve 40-percent better fuel economy and reduce nitrogen-oxide emissions by 90%'. These are all assessable claims requiring substantiation.",Diesel is not dirty. This marathon is about getting the word out that clean-diesel technology such as ours can achieve 40-percent better fuel economy and reduce nitrogen-oxide emissions by 90%
harv_ev_ftc_volkswagen_clean_diesel_2016_0037,assessable_claim,fires,"This is a self-contained claim about a product component ('deNOx catalytic converter') and its specific, quantifiable benefit ('helps reduce NOx emissions by up to 90 per cent'). A compliance reviewer could assess this claim.",deNOx catalytic converter . . . helps reduce NOx emissions by up to 90 per cent
harv_ev_ftc_volkswagen_clean_diesel_2016_0038,assessable_claim,fires,"This is a self-contained claim about a product's performance and the mechanism by which it achieves it ('reduces nitrogen oxide (NOx) emissions by up to 90% by making internal engine modifications and implementing a NOx storage catalytic converter'). This is a specific, quantifiable claim that can be assessed.",reduces nitrogen oxide (NOx) emissions by up to 90% by making internal engine modifications and implementing a NOx storage catalytic converter
harv_ev_ftc_volkswagen_clean_diesel_2016_0039,assessable_claim,fires,"This is a self-contained superlative claim ('world’s cleanest diesel SUV'). This is a strong, assessable claim that would require substantiation against all other diesel SUVs globally.",world’s cleanest diesel SUV
harv_ev_ftc_volkswagen_clean_diesel_2016_0040,assessable_claim,misses,"This is a self-contained claim describing a product feature ('advanced exhaust emission control system'). The term 'advanced' implies superiority or effectiveness, making it an assessable claim.",advanced exhaust emission control system
harv_ev_ftc_volkswagen_clean_diesel_2016_0041,assessable_claim,misses,This is a self-contained comparative claim ('significantly less intrusive on the environment than past diesel engines'). The term 'significantly less intrusive' is an assessable claim requiring substantiation.,significantly less intrusive on the environment than past diesel engines
harv_ev_ftc_volkswagen_clean_diesel_2016_0042,assessable_claim,misses,"This is a self-contained comparative claim ('fewer NOx emissions than comparable gasoline engines'). This is a specific, assessable claim that would require substantiation.",fewer NOx emissions than comparable gasoline engines
harv_ev_ftc_volkswagen_clean_diesel_2016_0044,not_a_claim,misses,"This text appears to be a rhetorical question or descriptive narrative, possibly setting up a contrast, rather than a direct advertising claim about a specific product. It describes 'Traditional diesel coffee' in a negative light but doesn't make a claim about a product being advertised.","Traditional diesel coffee, it’s got the extra kick. It’s got the carbon monoxide, the sulfur oxide . . . . Ready for some sooty emissions, diesel particulates . . . ?"
harv_ev_ftc_volkswagen_clean_diesel_2016_0045,not_a_claim,misses,"This is a heading or a statement identifying a common misconception ('Diesel Old Wives’ Tale #6: Diesel is Dirty'). It's not a direct advertising claim about a product's features or benefits, but rather a setup to debunk a myth.",Diesel Old Wives’ Tale #6: Diesel is Dirty
harv_ev_ftc_volkswagen_clean_diesel_2016_0047,assessable_claim,misses,This is a self-contained claim about a product's certification and usability ('Certified for use in all 50 states'). This is a factual claim that can be assessed for accuracy.,Certified for use in all 50 states
harv_ev_ftc_volkswagen_clean_diesel_2016_0049,assessable_claim,fires,"This is a self-contained advertising claim that describes Volkswagen's approach to car manufacturing, promising efficiency, eco-consciousness, and fun to drive cars. A compliance reviewer could assess this claim for truthfulness and substantiation.","Think Blue is the Volkswagen way to drive progress by creating and producing cars that are more efficient, eco- conscious, and fun to drive"
harv_ev_ftc_volkswagen_clean_diesel_2016_0050,assessable_claim,misses,This is a self-contained advertising claim that makes a comparative statement about hybrids. A compliance reviewer could assess this claim for truthfulness and substantiation.,Hybrids? They’re so last year
harv_ev_ftc_volkswagen_clean_diesel_2016_0051,assessable_claim,misses,This is a self-contained advertising claim that suggests an experience of 'going green' without the typical associated feeling. A compliance reviewer could assess this claim.,Now going green doesn’t have to feel like you’re going green
harv_ev_ftc_volkswagen_clean_diesel_2016_0052,assessable_claim,misses,This is a self-contained advertising claim that makes a specific comparison about resale value between TDI clean diesel models and gasoline vehicles. A compliance reviewer could assess this claim for substantiation.,TDI ® clean diesel models typically have a higher resale value versus comparable gasoline vehicles
harv_ev_ftc_volkswagen_clean_diesel_2016_0053,fragment,fires,This phrase is incomplete. 'better resale value projections' requires context to understand what it is better than or what product it refers to.,better resale value projections
harv_ev_ftc_volkswagen_clean_diesel_2016_0055,fragment,misses,"This is a fragment because 'That's the power of German engineering' refers to something unstated. Without knowing what 'That' refers to, it cannot be assessed as a self-contained claim.",That’s the power of German engineering
harv_ev_ftc_credit_karma_preapproved_2023_0060,assessable_claim,misses,This is a self-contained advertising claim that states the recipient is 'pre-approved' for a specific credit card. A compliance reviewer could assess the truthfulness of this pre-approval.,Congrats! ... You’re pre-approved for an American Express Card
harv_ev_ftc_credit_karma_preapproved_2023_0061,assessable_claim,misses,This is a self-contained advertising claim that states the recipient is 'pre-approved' for a specific credit card. A compliance reviewer could assess the truthfulness of this pre-approval.,You’re pre-approved for this Amex Card
harv_ev_ftc_walmart_bamboo_greenwashing_2022_0066,not_a_claim,misses,"This appears to be a product name or description, not an advertising claim about its performance or benefits.",Protect-A-Bed Bamboo Waterproof Mattress Protector
harv_ev_ftc_walmart_bamboo_greenwashing_2022_0067,not_a_claim,misses,"This appears to be a product name or description, not an advertising claim about its performance or benefits.",Protect-A-Bed Bamboo Waterproof Pillow Protector
harv_ev_ftc_walmart_bamboo_greenwashing_2022_0068,not_a_claim,fires,"This appears to be a product name or description, not an advertising claim about its performance or benefits.",Sleep Philosophy Bamboo Shredded Memory Foam Body Pillow
harv_ev_ftc_walmart_bamboo_greenwashing_2022_0070,not_a_claim,misses,"This appears to be a product name or description, not an advertising claim about its performance or benefits.",Park B. Smith Ultra Spa Luxury Bamboo Solid Bath Rug
harv_ev_ftc_walmart_bamboo_greenwashing_2022_0071,not_a_claim,misses,"This appears to be a product name or description, not an advertising claim about its performance or benefits.",Food NetworkTM CookingreenTM 2-pk. Striped Kitchen Towels
harv_ev_ftc_walmart_bamboo_greenwashing_2022_0073,not_a_claim,misses,"This appears to be a product name or description, not an advertising claim about its performance or benefits.",Simply Vera Vera Wang 600 Thread Count Supima Cotton Rayon from Bamboo Sheet Set or Pillowcases
harv_ev_ftc_walmart_bamboo_greenwashing_2022_0074,not_a_claim,misses,"This appears to be a product name or description, not an advertising claim about its performance or benefits.",Happitat™ Fluffy Rayon From Bamboo Pillow
harv_ev_ftc_walmart_bamboo_greenwashing_2022_0075,fragment,misses,This phrase is incomplete. 'gentle on the planet' requires context to understand what product or action is gentle on the planet.,gentle on the planet
harv_ev_ftc_walmart_bamboo_greenwashing_2022_0076,not_a_claim,misses,"This appears to be a product name or description, not an advertising claim about its performance or benefits.",Happitat™ Soft Rayon From Bamboo Duvet Cover and Sham Set
harv_ev_ftc_walmart_bamboo_greenwashing_2022_0077,not_a_claim,misses,"This appears to be a product name or description, not an advertising claim about its performance or benefits.",Happitat™ Fluffy Rayon From Bamboo Mattress Pad
harv_ev_ftc_walmart_bamboo_greenwashing_2022_0078,assessable_claim,fires,This is a self-contained advertising claim that promises environmentally friendly use due to a highly renewable bamboo blend. A compliance reviewer could assess this claim for substantiation.,Highly renewable bamboo blend promises environmentally friendly use
harv_ev_ftc_walmart_bamboo_greenwashing_2022_0079,not_a_claim,misses,"This appears to be a product name or description, not an advertising claim about its performance or benefits.",Pacific Coast Textiles 6-pack Bamboo Towel Set
harv_ev_ftc_walmart_bamboo_greenwashing_2022_0080,assessable_claim,misses,This is a self-contained advertising claim that promises coziness and suits eco-friendly taste. A compliance reviewer could assess the 'eco-friendly' aspect of this claim.,Going green has never been so sumptuous . . . this sheet set keeps you cozy while suiting your eco-friendly taste
harv_ev_ftc_walmart_bamboo_greenwashing_2022_0087,assessable_claim,fires,This is a self-contained advertising claim about the material composition of washcloths. A compliance reviewer could assess the truthfulness of the '100% natural bamboo fibers' claim.,washcloths are made from 100% natural bamboo fibers
harv_ev_ftc_walmart_bamboo_greenwashing_2022_0089,fragment,misses,This phrase is incomplete. 'renewable and environmentally sustainable' requires context to understand what product or material is being described as such.,renewable and environmentally sustainable
harv_ev_ftc_walmart_bamboo_greenwashing_2022_0095,assessable_claim,misses,This is a self-contained advertising claim that promises to appeal to a sense of luxury and a desire to help the planet. The 'help the planet' aspect is an assessable claim.,Our Serenity Bamboo Comforter will appeal to your sense of luxury and your desire to help the planet
harv_ev_ftc_devry_education_claims_2016_0099,assessable_claim,misses,This is a self-contained advertising claim that promises career success if one counts on DeVry. A compliance reviewer could assess this claim for substantiation.,Count on DeVry for Career Success
harv_ev_ftc_omics_deceptive_publishing_2019_0108,not_a_claim,misses,"This is a heading or a list title, not an advertising claim.",Peer Review Journal List
harv_ev_ftc_omics_deceptive_publishing_2019_0109,not_a_claim,misses,"This is a heading or a process description, not an advertising claim.",OMICS Peer Review Process
harv_ev_ftc_omics_deceptive_publishing_2019_0110,not_a_claim,misses,"This appears to be a company name or a descriptive title, not an advertising claim.",iMedPub LTD Peer Reviewed Open Access Journals & Articles Publishing Company
harv_ev_ftc_omics_deceptive_publishing_2019_0112,assessable_claim,misses,This is a self-contained claim about the quality of the appointed board members.,Only top scholars are appointed to Boards of Editors
harv_ev_ftc_amazon_prime_dark_patterns_2023_0119,assessable_claim,misses,"This is a clear, self-contained advertising claim about a benefit of Prime.",Get FREE Two-Day Delivery with Prime
harv_ev_ftc_amazon_prime_dark_patterns_2023_0120,assessable_claim,fires,"This is a clear, self-contained advertising claim about a monetary saving.",Save $5.99 instantly on this order
harv_ev_ftc_amazon_prime_dark_patterns_2023_0132,not_a_claim,misses,"This is an instruction or a button label, not an advertising claim.",End Your Amazon Prime Membership
harv_ev_ftc_amazon_prime_dark_patterns_2023_0133,not_a_claim,misses,"This is an instruction or a button label, not an advertising claim.",End Your Prime Membership
harv_ev_ftc_amazon_prime_dark_patterns_2023_0140,not_a_claim,misses,"This is an instruction or a call to action, not an advertising claim.",Sign up for Prime
harv_ev_ftc_amazon_prime_dark_patterns_2023_0141,assessable_claim,fires,This is a self-contained claim about a benefit of a free trial.,FREE Same-Day Delivery with a free trial of Amazon Prime
harv_ev_ftc_amazon_prime_dark_patterns_2023_0142,assessable_claim,misses,This is a self-contained claim offering a free trial for a specific duration.,Try Prime FREE for 30 days
harv_ev_ftc_amazon_prime_dark_patterns_2023_0143,assessable_claim,misses,"This is a clear, self-contained advertising claim about a benefit of Prime.",Get FREE Prime Delivery with Prime
harv_ev_ftc_amazon_prime_dark_patterns_2023_0144,assessable_claim,misses,This is a self-contained claim about the terms of a service.,No hassle. No Commitments. Cancel Anytime
harv_ev_ftc_amazon_prime_dark_patterns_2023_0145,assessable_claim,misses,This is a self-contained claim offering a free Prime membership for a specific duration.,we’re giving you Prime FREE for 30 days!
harv_ev_ftc_amazon_prime_dark_patterns_2023_0146,assessable_claim,misses,This is a self-contained claim about getting Prime eligible items for free.,Get your Prime eligible items for $5.99 FREE
harv_ev_ftc_amazon_prime_dark_patterns_2023_0147,not_a_claim,misses,"This is an instruction or a call to action, not an advertising claim.",Start your Prime FREE trial
harv_ev_ftc_amazon_prime_dark_patterns_2023_0148,assessable_claim,misses,This is a self-contained claim about the ability to cancel at any time.,"Don’t worry, cancel anytime"
harv_ev_ftc_amazon_prime_dark_patterns_2023_0154,assessable_claim,misses,"This is a clear, self-contained advertising claim about a shipping benefit.",Get FREE two-day shipping
harv_ev_ftc_amazon_prime_dark_patterns_2023_0175,fragment,misses,This is incomplete and depends on missing context to be understood as a claim.,storefront that they can
harv_ev_ftc_amazon_prime_dark_patterns_2023_0176,not_a_claim,misses,"This is narrative from a legal document, not advertising copy.",Compl. ¶ 113. Consumers who click that button are told
harv_ev_ftc_amazon_prime_dark_patterns_2023_0177,not_a_claim,fires,"This is an instruction or descriptive text about how to end a membership, not an advertising claim.",You can end your Prime membership by selecting the End Membership button on this page
harv_ev_ftc_amazon_prime_dark_patterns_2023_0178,not_a_claim,fires,"This is an instruction or a call to action, not an advertising claim.",start watching videos by clicking here!
harv_ev_ftc_facebook_privacy_2019_0202,fragment,misses,"This is incomplete and depends on missing context to be understood as a claim (e.g., 'you can review and edit...').",review and edit the privacy of key pieces of information
harv_ev_ftc_facebook_privacy_2019_0207,fragment,misses,"This is incomplete and depends on missing context to be understood as a claim (e.g., 'you can control who can see...').",control who can see
harv_ev_ftc_facebook_privacy_2019_0210,not_a_claim,misses,"This appears to be a heading or a descriptive statement, not an advertising claim.",Responding to Your Feedback
harv_ev_ftc_facebook_privacy_2019_0211,not_a_claim,misses,"This appears to be a descriptive statement or a heading, not a direct advertising claim about a product or service's benefits or features.",Facebook Expands Power of Platform Across the Web and Around the World
harv_ev_ftc_chegg_data_security_2023_0226,assessable_claim,fires,"This is a self-contained claim about the security measures taken by Chegg to protect personal information, which could be assessed for truthfulness and substantiation.","Chegg takes commercially reasonable security measures to protect the Personal Information submitted to us, both during transmission and once we receive it"
harv_ev_ftc_intuit_turbotax_free_2022_0234,assessable_claim,misses,"This is a direct advertising claim stating that taxes are free with TurboTax AbsoluteZero, which can be assessed for accuracy.","Hey, at least your taxes are free. . . . With TurboTax AbsoluteZero, at least your taxes are free"
harv_ev_ftc_intuit_turbotax_free_2022_0237,not_a_claim,misses,"This appears to be a title or label for a video version, not an advertising claim.",Movie Credits Version 2
harv_ev_ftc_intuit_turbotax_free_2022_0239,not_a_claim,misses,"This appears to be a title or label for a video version, not an advertising claim.",Movie Credits 15-second Version 2
harv_ev_ftc_intuit_turbotax_free_2022_0241,assessable_claim,fires,"This is a direct and repetitive claim that 'TurboTax free is free', which can be assessed for accuracy.","That’s right, TurboTax free is free. Free, free free free"
harv_ev_ftc_intuit_turbotax_free_2022_0244,assessable_claim,misses,"This is a direct and repetitive claim of 'Free', which can be assessed for accuracy in the context of a tax service.","Free, free free free"
harv_ev_ftc_intuit_turbotax_free_2022_0246,assessable_claim,fires,"This is a direct claim that 'TurboTax Free is free', which can be assessed for accuracy.","That’s right, TurboTax Free is free"
harv_ev_ftc_intuit_turbotax_free_2022_0256,assessable_claim,fires,"This is a direct and repetitive claim that 'TurboTax Free Edition is free', which can be assessed for accuracy.","That’s right, TurboTax Free Edition is free. Free, free free free"
harv_ev_ftc_intuit_turbotax_free_2022_0260,assessable_claim,misses,"This is a clear, self-contained advertising claim offering to 'File your taxes FREE'.",File your taxes FREE
harv_ev_ftc_intuit_turbotax_free_2022_0261,assessable_claim,misses,"This is a clear, self-contained advertising claim offering a 'FREE final expert review'.","Plus, get a FREE final expert review"
harv_ev_ftc_intuit_turbotax_free_2022_0262,assessable_claim,fires,"This is a self-contained advertising claim offering free federal and state tax filing, with a condition and a guarantee, which can be assessed.",Simple tax returns only. File your federal and state taxes for free. Guaranteed
harv_ev_ftc_intuit_turbotax_free_2022_0263,assessable_claim,fires,"This is a clear, self-contained advertising claim stating that federal and state taxes can be filed for zero dollars.",File your federal and state taxes for zero dollars
harv_ev_ftc_intuit_turbotax_free_2022_0264,assessable_claim,fires,"This is a clear, self-contained advertising claim stating that federal and state taxes can be filed for free.",File your federal and state taxes for free
harv_ev_ftc_intuit_turbotax_free_2022_0265,assessable_claim,fires,"This is a self-contained advertising claim detailing multiple ways to file taxes for free, with conditions, which can be assessed.","File your taxes free, your way. Do it yourself free. Get unlimited advice from tax experts free or have an expert do it all for you 100% free only from turbo tax. Simple tax returns only. Must file by February 15th"
harv_ev_ftc_intuit_turbotax_free_2022_0266,assessable_claim,fires,"This is a self-contained advertising claim detailing multiple ways to file taxes for free, with conditions, which can be assessed.","Now file your taxes free your way. Do it yourself, file with unlimited help, or have an expert do it all for you. Pay zero to file only from Turbo Tax. Simple tax returns only. Must file by February 15th"
harv_ev_ftc_intuit_turbotax_free_2022_0267,assessable_claim,fires,"This is a self-contained advertising claim detailing multiple ways to file taxes for free, with conditions, which can be assessed.",File your taxes free your way. Do it yourself free. Get unlimited advice from tax experts free or have an expert do it all for you. 100% free. Only from Turbo Tax. Simple tax returns only. Must file by March 31st
harv_ev_ftc_intuit_turbotax_free_2022_0268,assessable_claim,fires,"This is a direct and repetitive claim that 'turbo tax free edition is free', which can be assessed for accuracy.","That’s right. turbo tax free edition is free. Free, free, free, free"
harv_ev_ftc_intuit_turbotax_free_2022_0271,assessable_claim,fires,This is a self-contained advertising claim promising a 'guaranteed biggest refund fast and FREE'.,start the transfer and get your guaranteed biggest refund fast and FREE!
harv_ev_ftc_intuit_turbotax_free_2022_0274,assessable_claim,fires,"This is a clear, self-contained advertising claim offering 'FREE guaranteed - $0 Fed $0 State $0 To File'.",FREE guaranteed - $0 Fed $0 State $0 To File
harv_ev_ftc_intuit_turbotax_free_2022_0275,assessable_claim,fires,"This is a clear, self-contained advertising claim offering 'FREE guaranteed $0 Fed $0 State $0 To File'.",FREE guaranteed $0 Fed $0 State $0 To File
harv_ev_ftc_intuit_turbotax_free_2022_0276,assessable_claim,misses,"This is a self-contained advertising claim offering to file simple tax returns for free, with repetition, which can be assessed.","File your simple tax returns for FREE Free, free free free FREE! You have everything you need to finish and file for free, free, free and yes __FREE!"
harv_ev_ftc_intuit_turbotax_free_2022_0278,assessable_claim,misses,"This is a clear, self-contained advertising claim promising to 'Get your biggest refund absolutely free'.",Get your biggest refund absolutely free
harv_ev_ftc_intuit_turbotax_free_2022_0279,assessable_claim,misses,"This is a clear, self-contained advertising claim encouraging users to 'Join the millions who file for $0'.",Join the millions who file for $0
harv_ev_ftc_intuit_turbotax_free_2022_0281,assessable_claim,misses,"This is a clear, self-contained advertising claim stating 'IRS taxes for free'.",IRS taxes for free
harv_ev_ftc_intuit_turbotax_free_2022_0289,assessable_claim,fires,This is a self-contained advertising claim that promises a specific benefit: filing taxes for free.,Allows me to file my taxes for free
harv_ev_ftc_intuit_turbotax_free_2022_0336,assessable_claim,fires,This is a direct and self-contained advertising claim stating that TurboTax Free Edition is free.,That’s right. TurboTax Free Edition is free
harv_ev_ftc_intuit_turbotax_free_2022_0338,assessable_claim,misses,This is a clear and self-contained advertising claim promising that users can file taxes on TurboTax for free.,you can file on TurboTax for absolutely nothing
harv_ev_ftc_intuit_turbotax_free_2022_0345,assessable_claim,fires,"This is a comprehensive advertising claim with multiple promises of free services, including conditions. It is self-contained and assessable.","File your taxes free, your way. Do it yourself free. Get unlimited advice from tax experts free or have an expert do it all for you. 100% free. Only from TurboTax. Simple tax returns only. Must file by February 15th"
harv_ev_ftc_intuit_turbotax_free_2022_0346,assessable_claim,fires,"This is a self-contained advertising claim presented as a title or slogan, promising 100% free online tax filing.",TurboTax® Official Site – 100% Free Online Tax Filing
harv_ev_ftc_intuit_turbotax_free_2022_0348,assessable_claim,fires,"This is a self-contained advertising claim, presented as a title or slogan, promising free, fast, easy, and 100% free tax filing.","TurboTax® Free Tax Filing – E-file Your Taxes For Free. . . . Fast, easy and 100% free"
harv_ev_ftc_herbalife_mlm_2016_0368,fragment,misses,"The ellipses indicate missing context, making it a fragment. 'take control of your ... situation / financial future / life' is incomplete without knowing what 'situation' or 'life' refers to specifically in the ad.",take control of your . . . situation / financial future / life
harv_ev_ftc_herbalife_mlm_2016_0369,assessable_claim,misses,This is a self-contained advertising claim inviting people to 'join the emerging megatrend of wellness'. It implies a benefit or opportunity.,join the emerging megatrend of wellness
harv_ev_ftc_herbalife_mlm_2016_0370,assessable_claim,fires,This is a self-contained advertising claim promising the ability to earn discounts and profits by retailing products.,allows you to earn Member discounts and profits instantly by retailing products
harv_ev_ftc_herbalife_mlm_2016_0371,assessable_claim,misses,"This is a self-contained factual claim about the company's performance, stating it 'has surpassed the GNP of all major European countries'.",has surpassed the GNP of all major European countries
harv_ev_ftc_weight_watchers_kurbo_coppa_2022_0376,assessable_claim,misses,This is a self-contained descriptive claim about the product's features: 'child-focused lessons and content'.,child-focused lessons and content
harv_ev_ftc_mediaalpha_insurance_leads_2025_0381,assessable_claim,misses,This is a self-contained claim about the company's operations: 'working with hundreds of different insurance carriers'.,working with hundreds of different insurance carriers
harv_ev_ftc_mediaalpha_insurance_leads_2025_0382,assessable_claim,misses,"This is a self-contained claim, likely a boast or description of providers offered: 'Top Health Insurance Providers'.",Top Health Insurance Providers
harv_ev_ftc_mediaalpha_insurance_leads_2025_0383,assessable_claim,misses,This is a self-contained descriptive claim about the entity: 'national health enrollment center'.,national health enrollment center
harv_ev_ftc_mediaalpha_insurance_leads_2025_0384,fragment,fires,The claim 'discount would significantly lower consumers’ medical bills by' is incomplete. It needs to specify 'by how much' to be a full claim.,discount would significantly lower consumers’ medical bills by
harv_ev_ftc_mediaalpha_insurance_leads_2025_0386,assessable_claim,misses,This is a clear and self-contained advertising claim offering a 'FREE HEALTH INSURANCE PLAN'.,FREE HEALTH INSURANCE PLAN
harv_ev_ftc_mediaalpha_insurance_leads_2025_0387,assessable_claim,misses,"This is a self-contained advertising claim, likely a program name or offer: 'Health Insurance Give Back Program'.",Health Insurance Give Back Program
harv_ev_ftc_mediaalpha_insurance_leads_2025_0388,assessable_claim,misses,"This is a self-contained claim, likely a product or program name: 'Trump Health Care Plan'.",Trump Health Care Plan
harv_ev_ftc_mediaalpha_insurance_leads_2025_0389,assessable_claim,misses,This is a self-contained claim about the number of people who qualified for a specific health plan and its cost.,millions of Americans … were able to qualify for a great health plan for $1/day
harv_ev_ftc_mediaalpha_insurance_leads_2025_0390,assessable_claim,misses,This is a self-contained descriptive claim about a process: 'Quick and Easy Eligibility Process'.,Quick and Easy Eligibility Process
harv_ev_ftc_mediaalpha_insurance_leads_2025_0391,assessable_claim,misses,This is a self-contained advertising claim about pricing: 'Health Plans from $1'.,Health Plans from $1
harv_ev_ftc_mediaalpha_insurance_leads_2025_0392,assessable_claim,fires,"This is a self-contained advertising claim promising the ability to 'Instantly Browse Prices, Plans, and Eligibility'.","Instantly Browse Prices, Plans, and Eligibility"
harv_ev_ftc_mediaalpha_insurance_leads_2025_0393,assessable_claim,misses,This is a self-contained call to action and claim about availability: 'Sign Up for 2023 Coverage Now'.,Sign Up for 2023 Coverage Now
harv_ev_ftc_mediaalpha_insurance_leads_2025_0395,assessable_claim,misses,This is a self-contained claim about an option provided to consumers: 'given the option to work with a health insurance agent'.,given the option to work with a health insurance agent
harv_ev_ftc_mediaalpha_insurance_leads_2025_0401,not_a_claim,fires,"This is a statement of qualification or identity, not an advertising claim about a product or service. It describes the speaker's role.",I'm a licensed health insurance agent and benefits coordinator for the headquarters of the state of New Jersey
harv_ev_ftc_nextmed_weight_loss_2025_0410,assessable_claim,fires,This is a self-contained advertising claim stating that NextMed offers specific FDA approved weight-loss medications.,NextMed offers new FDA approved weight-loss medications like Ozempic and Wegovy
harv_ev_ftc_nextmed_weight_loss_2025_0412,assessable_claim,misses,This is a self-contained advertising claim about the average weight loss of their members.,Our members lose over 53 lbs on average
harv_ev_ftc_nextmed_weight_loss_2025_0413,assessable_claim,fires,This is a self-contained advertising claim about the expected average percentage of body weight loss.,expect to lose up to an average of 23% of body weight
harv_ev_ftc_nextmed_weight_loss_2025_0414,assessable_claim,fires,This is a self-contained advertising claim combining a specific weight loss amount with a percentage.,can lose 53 pounds at 23% weight loss
harv_ev_ftc_nextmed_weight_loss_2025_0417,assessable_claim,misses,This is a self-contained advertising claim implying that no diet or exercise is required for the product/service.,no diet or exercise
harv_ev_ftc_hrblock_free_filing_2024_0423,assessable_claim,fires,This is a self-contained advertising claim stating that doing taxes yourself is free.,Best part of doing taxes yourself? It’s free
harv_ev_ftc_hrblock_free_filing_2024_0424,assessable_claim,misses,This is a self-contained advertising claim stating that simple returns can be filed for free.,Simple returns file free
harv_ev_ftc_instacart_deceptive_2025_0435,assessable_claim,misses,This is a self-contained advertising claim offering a benefit of peace of mind when placing an order.,Place your order with peace of mind
harv_ev_ftc_instacart_deceptive_2025_0436,assessable_claim,misses,This is a self-contained advertising claim promoting Instacart+ for free delivery and other benefits.,Join Instacart+ for free delivery and more
harv_ev_ftc_opendoor_ibuying_2022_0439,fragment,fires,This phrase is a fragment. 'Our best estimate of full market value' is incomplete without knowing what 'our best estimate' refers to or what it's being compared against.,our best estimate of full market value
harv_ev_ftc_opendoor_ibuying_2022_0440,assessable_claim,misses,This is a self-contained advertising claim stating that Opendoor makes a small amount on each sale.,Opendoor only makes a small amount on each sale
harv_ev_ftc_opendoor_ibuying_2022_0441,fragment,misses,This is a fragment. 'local real estate experts' is a descriptive phrase but not a complete claim without context of what they do or offer.,local real estate experts
harv_ev_ftc_opendoor_ibuying_2022_0443,assessable_claim,fires,This is a self-contained advertising claim making a promise about the value a home seller deserves.,You deserve nothing less than what your home is worth
harv_ev_ftc_opendoor_ibuying_2022_0444,fragment,misses,This is a fragment. 'amount we collect for providing a stress-free experience' is incomplete without knowing the actual amount or the full context of the collection.,amount we collect for providing a stress-free experience
harv_ev_ftc_opendoor_ibuying_2022_0447,assessable_claim,fires,This is a self-contained advertising claim about passing wholesale savings from partnerships to the customer.,we do our best to pass wholesale savings on to you from our partnerships with local vendors
harv_ev_ftc_opendoor_ibuying_2022_0448,assessable_claim,fires,This is a self-contained advertising claim stating their goal is not to profit from repairs and that discounts are passed on.,"goal is not to make money from repairs—in fact, we pass any discounts from our vendors directly to you"
harv_ev_ftc_opendoor_ibuying_2022_0450,assessable_claim,misses,This is a self-contained advertising claim announcing the completion of market value analysis and an offer.,"just finished analyzing your home’s market value, and we’re excited to make you an offer!"
harv_ev_ftc_opendoor_ibuying_2022_0453,fragment,fires,"This is a fragment. 'risks and holding costs of the home' is a descriptive phrase, but not a complete claim without context of what is being done with or about these risks and costs.",risks and holding costs of the home
harv_ev_ftc_opendoor_ibuying_2022_0454,fragment,misses,"This is a fragment. 'staging and prep work' is a descriptive phrase, but not a complete claim without context of what is being offered or done regarding it.",staging and prep work
harv_ev_ftc_opendoor_ibuying_2022_0457,fragment,misses,"This is a fragment. 'based on comparable home sales and adjusting for differences like square footage, age, features, and location' describes a methodology but doesn't state a complete claim or outcome.","based on comparable home sales and adjusting for differences like square footage, age, features, and location"
harv_ev_ftc_publishers_clearing_house_2023_0473,not_a_claim,fires,"This is a heading or title, not an advertising claim.",Official Entry Registration Form
harv_ev_ftc_publishers_clearing_house_2023_0480,not_a_claim,misses,"This is an instruction or action, not an advertising claim.",submit entry and order
harv_ev_ftc_publishers_clearing_house_2023_0486,not_a_claim,misses,"This appears to be a label or instruction on a document, not an advertising claim.",High Priority Doc. W-10 Enclosed
harv_ev_ftc_publishers_clearing_house_2023_0487,not_a_claim,misses,"This appears to be a label or status update on a document, not an advertising claim.",W-19 Notice – Step 3 of 3 INCOMPLETE
harv_ev_ftc_publishers_clearing_house_2023_0488,not_a_claim,misses,"This appears to be an instruction or label on a document, not an advertising claim.",Enclosed Doc. W8 CERTIFIED. OPEN NOW!
harv_ev_ftc_publishers_clearing_house_2023_0489,not_a_claim,misses,"This appears to be a document heading or internal reference, not an advertising claim.",CONFIRMED & BINDING Contents Re. Doc W11
harv_ev_ftc_publishers_clearing_house_2023_0490,not_a_claim,misses,"This appears to be a document heading or internal reference, not an advertising claim.",High Priority Doc. W-52 Enclosed
harv_ev_ftc_publishers_clearing_house_2023_0491,not_a_claim,misses,"This appears to be a document heading or internal reference, not an advertising claim.",Enc. Doc. W30 APPROVED. OPEN NOW!
harv_ev_ftc_publishers_clearing_house_2023_0494,not_a_claim,misses,"This appears to be a document heading or internal reference, not an advertising claim.",Enc. Doc. W30 APPROVED. OP EN NOW!
harv_ev_ftc_publishers_clearing_house_2023_0495,not_a_claim,misses,"This appears to be a document heading or internal reference, not an advertising claim.",High Priority Doc. W-34 Issued
harv_ev_ftc_publishers_clearing_house_2023_0497,not_a_claim,misses,"This describes a process or status, not an advertising claim about a product or service.",has been Processed and is being scheduled for shipment
harv_ev_ftc_google_youtube_coppa_2019_0515,not_a_claim,misses,"This is a title or topic, not an advertising claim.",Insights on Families Online
harv_ev_ftc_google_youtube_coppa_2019_0516,assessable_claim,fires,This is a self-contained claim about YouTube's market position in reaching children.,YouTube is today’s leader in reaching children age 6-11 against top TV channels
harv_ev_ftc_google_youtube_coppa_2019_0517,assessable_claim,fires,This is a self-contained claim about YouTube's popularity among kids.,YouTube was unanimously voted as the favorite website for kids 2-12
harv_ev_ftc_google_youtube_coppa_2019_0518,fragment,fires,"This is a fragment. It's missing the subject of the claim (e.g., 'YouTube was voted...') to be assessable on its own.",favorite website for kids 2-12
harv_ev_ftc_google_youtube_coppa_2019_0522,not_a_claim,misses,"This appears to be a title or name, not an advertising claim.",Meet the Junior Rainbow Princesses
harv_ev_ftc_google_youtube_coppa_2019_0525,not_a_claim,misses,"This appears to be a title or topic, not an advertising claim.",how to train your dragon
harv_ev_ftc_google_youtube_coppa_2019_0529,not_a_claim,misses,"This appears to be a title or question, not an advertising claim.",Annie’s Hair is Purple?!
harv_ev_ftc_google_youtube_coppa_2019_0530,not_a_claim,fires,"This appears to be a title or description of content, not an advertising claim about a product or service.",Giant Rainbow Castle! Barbie Princess + Fairy Tea Party – Toy Video
harv_ev_ftc_google_youtube_coppa_2019_0531,assessable_claim,misses,This is a self-contained claim describing the nature of a channel's content.,unique toy channel bursting with . . . family friendly videos inspired by sugary cute toys
harv_ev_ftc_google_youtube_coppa_2019_0532,assessable_claim,fires,This is a self-contained claim describing the nature of content offered.,family friendly parodies and skits for kids
harv_ev_ftc_google_youtube_coppa_2019_0536,not_a_claim,misses,"This appears to be a title or name, not an advertising claim.",Hickory Dickory Dock Rocks
harv_ev_nyag_4kapps_healthcare_2024_0553,assessable_claim,fires,This is a self-contained claim identifying a service and providing a call to action.,"Inpatient mental health treatment centers in Brooklyn, NY. Call 24/7"
harv_ev_nyag_4kapps_healthcare_2024_0555,not_a_claim,fires,"This is a call to action or button text, not a claim about a product or service itself.",View Pricing and Availability
harv_ev_nyag_4kapps_healthcare_2024_0556,not_a_claim,fires,"This is a call to action or button text, not a claim about a product or service itself.",Get Pricing and Availability
harv_ev_nyag_4kapps_healthcare_2024_0558,not_a_claim,misses,"This is descriptive text about how a phone number works, not an advertising claim about a product or service.",Calling this # will route you to a third-party treatment center that advertises on this site
harv_ev_caag_roomster_fake_reviews_2023_0563,assessable_claim,misses,This is a self-contained claim offering a service and its benefit.,Buy app reviews & boost your app ranking
harv_ev_caag_cri_genetics_2024_0566,fragment,misses,"This is a fragment. It's missing the subject of the claim (e.g., 'Our products really are high quality') to be assessable on its own.",really are high quality
harv_ev_caag_cri_genetics_2024_0568,assessable_claim,misses,This is a self-contained claim describing the nature and purpose of product reviews.,unbiased product reviews for consumers looking to purchase anything related to the field of genetics
harv_ev_caag_cri_genetics_2024_0573,fragment,misses,"This is a fragment. It's missing the subject of the claim (e.g., 'We examined...') to be assessable on its own.",examined nearly every test in the booming market
harv_ev_caag_cri_genetics_2024_0574,fragment,misses,This phrase is incomplete and lacks context to be an assessable claim. It implies a comparison but doesn't state what is being sorted or what the 'great ones' are.,sort out the great ones from the cheap knockoffs
harv_ev_caag_cri_genetics_2024_0576,fragment,misses,"This is a descriptive phrase, not a self-contained advertising claim. It needs more context to understand what is 'lost in the market'.",lost in the market
harv_ev_caag_cri_genetics_2024_0577,not_a_claim,misses,"This is a factual statement describing an action taken, not an advertising claim about a product or service.",sampled DNA tests from 12 different companies
harv_ev_caag_cri_genetics_2024_0578,not_a_claim,fires,"This describes an action taken ('analyzed them') and its purpose, rather than making a direct advertising claim about a product's benefits.",analyzed them to see which ones accomplish the benefits listed
harv_ev_caag_cri_genetics_2024_0579,assessable_claim,misses,"This is a direct claim about a product's technology, implying superiority or uniqueness due to being 'Patented' and related to 'DNA Analysis'.",Patented DNA Analysis Technology
harv_ev_caag_cri_genetics_2024_0580,not_a_claim,fires,"This is transactional text confirming an order and providing information about next steps, not an advertising claim.","Thank You For Your Order! Your order has been successfully processed, you will receive an email with the details"
harv_ev_caag_cri_genetics_2024_0581,not_a_claim,misses,"This is narrative text describing a user interaction ('hit the button') and a subsequent explanation, not an advertising claim.","button, but then explained that if consumers hit the"
harv_ev_caag_cri_genetics_2024_0582,not_a_claim,misses,"This is a standard transactional message, not an advertising claim.",Thank you for your order!
harv_ev_nad_nad_reviews_advertising_claims_for_point_of_use_wate_2015_05ee80_0001,assessable_claim,misses,"This is a clear claim about a product's testing and verification by a specific entity, implying reliability and quality.",Tested and Verified by the United Nations
harv_ev_nad_nad_reviews_advertising_claims_for_point_of_use_wate_2015_05ee80_0002,assessable_claim,fires,This is a direct claim about the product's capability to produce safe drinking water from various sources.,"Makes safe drinking water from lakes, rivers, streams, U.S. and foreign faucets, foreign bottled water and more"
harv_ev_nad_nad_examines_claims_for_kimberly_clark_s_huggies_lit_2015_9063ee_0005,assessable_claim,fires,This is a comparative claim stating that Huggies diapers perform better than a competitor's product in a specific function.,Huggies Little Snugglers diapers with a GentleAbsorb Liner draws more mess away than Pampers Swaddlers
harv_ev_nad_nad_examines_claims_for_kimberly_clark_s_huggies_lit_2015_9063ee_0006,fragment,fires,"This phrase is incomplete. It states an action ('draws more mess away') but doesn't specify what is doing the action or what it's being compared to, making it a fragment of a larger claim.",draws more mess away
harv_ev_nad_nad_refers_advertising_for_sunpill_to_ftc_2007_7f9742_0008,not_a_claim,misses,"This text describes what 'sunscreen is unnecessary' or 'does not provide adequate protection' or that 'Sunpill is the first line of defense'. It appears to be a summary of claims being made about Sunpill and sunscreen, rather than a direct advertising claim itself. The structure 'sunscreen is unnecessary, does not provide adequate protection... or that Sunpill is the first line of defense' suggests it's reporting on claims, not making them directly.","sunscreen is unnecessary, does not provide adequate protection against the sun or that Sunpill is the first line of defense in sun protection"
harv_ev_nad_nad_refers_advertising_for_sunpill_to_ftc_2007_7f9742_0009,assessable_claim,fires,"This is a strong, assessable claim about the potential impact and significance of Sunpill, attributing the statement to 'Scientists'.",Scientists say Sunpill could impact human skin and sun health more than any product in a decade!
harv_ev_nad_nad_refers_advertising_for_sunpill_to_ftc_2007_7f9742_0010,assessable_claim,misses,"This is a clear instruction for product usage tied to a specific benefit (during prolonged sun exposure), implying the product provides protection or benefit under those conditions.","during prolonged sun exposure, take two tablets"
harv_ev_nad_nad_glaxosmithkline_benefiber_claim_2020_1df549_0014,assessable_claim,fires,"This is a direct, assessable claim about a product's efficacy, supported by a 'clinically proven' assertion.",clinically proven to curb cravings
harv_ev_nad_nad_glaxosmithkline_benefiber_claim_2020_1df549_0015,assessable_claim,misses,"This is a direct claim about a product's benefit, stating it 'helps you feel full longer'.",helps you feel full longer
harv_ev_nad_nad_pfizer_bayer_claim_2019_e16b7d_0018,assessable_claim,fires,This is a comparative claim asserting that Advil lasts longer than any other proven product.,Nothing’s been proven to last longer than Advil
harv_ev_nad_nad_pfizer_bayer_claim_2019_e16b7d_0019,assessable_claim,fires,This is a comparative claim asserting that Advil works longer than any other product.,Nothing works . . . longer than Advil
harv_ev_nad_nad_pfizer_bayer_claim_2019_e16b7d_0020,assessable_claim,fires,This is a comparative claim asserting that Advil works longer than any other product.,Nothing works longer than Advil
harv_ev_nad_nad_cleanair_covid_19_claims_2020_677415_0021,assessable_claim,misses,"This is a specific, quantifiable claim about a product's efficacy against COVID-19 within a given timeframe.",kills 99.9% of COVID-19 within 10 minutes
harv_ev_nad_nad_recommends_comcast_drop_unqualified_claim_that_c_2015_5305ea_0027,assessable_claim,misses,"This is a direct claim about Xfinity's reliability and speed, using a comparison ('like that rabbit') to emphasize these qualities.",Xfinity does. They’re reliable and fast … like that rabbit
harv_ev_nad_nad_finds_trampoline_maker_s_review_site_misleading__2016_ab06af_0034,assessable_claim,fires,This is a direct claim about a product's ranking based on consumer ratings across multiple attributes.,"Consumer rated number one for safety, performance & play value"
harv_ev_nad_nad_pg_easy_ups_claims_2017_49be72_0036,assessable_claim,misses,"This is a claim about the product's ease of use, positioning it as the 'easiest way' to transition to underwear.",easiest way to underwear
harv_ev_nad_nad_pg_easy_ups_claims_2017_49be72_0038,assessable_claim,misses,This is a comparative claim stating that the product performs better than 'ordinary training pants' in terms of leakage.,Doesn’t leak like ordinary training pants
harv_ev_nad_nad_refers_advertising_for_ba_sports_nutrition_s_bod_2017_9c9085_0039,assessable_claim,misses,This is a self-contained advertising claim that a compliance reviewer could assess for substantiation or disclosure.,Ditch Artificial Sports Drinks
harv_ev_nad_nad_refers_advertising_for_ba_sports_nutrition_s_bod_2017_9c9085_0040,fragment,misses,"This is a list of ingredients or characteristics, but it's not a complete claim on its own. It needs context to be assessable.","artificial flavors, artificial sweeteners, artificial colors"
harv_ev_nad_nad_refers_advertising_for_ba_sports_nutrition_s_bod_2017_9c9085_0041,assessable_claim,misses,This is a self-contained advertising claim that a compliance reviewer could assess for substantiation or disclosure.,"Ditch artificial Sports Drinks: artificial flavors, artificial sweeteners, artificial colors"
harv_ev_nad_nad_refers_advertising_claims_for_cross_brands_sea_s_2018_8b7c07_0043,fragment,misses,"This appears to be a product feature or name, but it's not a complete, assessable claim on its own. It needs context to understand what 'IR GUARD' does.",IR GUARD infrared protection
harv_ev_nad_nad_refers_advertising_claims_for_cross_brands_sea_s_2018_8b7c07_0044,fragment,misses,This describes a type of damage but doesn't make a claim about a product's effect on it. It's a fragment.,free radical damage caused by long term exposure to IR-A waves
harv_ev_nad_nad_refers_advertising_claims_for_cross_brands_sea_s_2018_8b7c07_0045,assessable_claim,misses,This is a self-contained advertising claim that a compliance reviewer could assess for substantiation or disclosure.,INFRARED sunscreen protection for your skin from free radical damage caused by long term exposure to IR-A waves
harv_ev_nad_nad_refers_advertising_claims_for_cross_brands_sea_s_2018_8b7c07_0046,assessable_claim,fires,This is a self-contained advertising claim that a compliance reviewer could assess for substantiation or disclosure.,provides 4X more protection than other suncare products
harv_ev_nad_verizon_rootmetrics_claims_2019_750af6_0052,assessable_claim,misses,This is a self-contained advertising claim that a compliance reviewer could assess for substantiation or disclosure.,most reliable 4G LTE network
harv_ev_nad_verizon_rootmetrics_claims_2019_750af6_0053,assessable_claim,fires,This is a self-contained advertising claim that a compliance reviewer could assess for substantiation or disclosure.,best network for streaming
harv_ev_nad_nad_recommends_cosmederm_bioscience_discontinue_chal_2015_8e3cd9_0055,fragment,misses,This is a comparative statement but is incomplete. It needs to specify what is 'than hydrocortisone 1% at reducing itch'.,than hydrocortisone 1% at reducing itch
harv_ev_nad_nad_recommends_ranir_modify_discontinue_certain_clai_2012_30e244_0056,assessable_claim,fires,This is a self-contained advertising claim that a compliance reviewer could assess for substantiation or disclosure.,Relieves symptoms in just 24 hours!
harv_ev_nad_nad_recommends_euro_pro_modify_discontinue_certain_c_2012_0a1ad7_0062,assessable_claim,misses,This is a self-contained advertising claim that a compliance reviewer could assess for substantiation or disclosure.,never loses cleaning power
harv_ev_nad_nad_recommends_euro_pro_modify_discontinue_certain_c_2012_0a1ad7_0063,fragment,fires,This is a superlative but is too vague to be an assessable claim on its own. 'Best in Class Runtime' for what product or context?,Best in Class Runtime
harv_ev_nad_nad_recommends_cerebral_success_discontinue_certain__2014_95f9f5_0066,assessable_claim,fires,This is a self-contained advertising claim that a compliance reviewer could assess for substantiation or disclosure.,works to balance out the harsher effects of caffeine
harv_ev_nad_nad_recommends_cerebral_success_discontinue_certain__2014_95f9f5_0067,assessable_claim,misses,This is a self-contained advertising claim that a compliance reviewer could assess for substantiation or disclosure.,"has an antioxidant effect, which helps protect cell membranes from damage caused by free radicals"
harv_ev_nad_nad_recommends_cerebral_success_discontinue_certain__2014_95f9f5_0070,assessable_claim,misses,This is a self-contained advertising claim that a compliance reviewer could assess for substantiation or disclosure.,increase blood flow & oxygenation to the brain; stimulate protein synthesis; and boost production of acetylcholine
harv_ev_nad_advertising_claims_for_happyneuron_brain_training_me_2020_c0db49_0075,assessable_claim,misses,This is a self-contained advertising claim that a compliance reviewer could assess for substantiation or disclosure.,Start improving your brain now
harv_ev_nad_advertising_claims_for_happyneuron_brain_training_me_2020_c0db49_0077,assessable_claim,fires,This is a self-contained advertising claim that a compliance reviewer could assess for substantiation or disclosure.,Considerably improve your cognitive skills over the first three months
harv_ev_nad_advertising_claims_for_happyneuron_brain_training_me_2020_c0db49_0078,assessable_claim,misses,This is a self-contained advertising claim that a compliance reviewer could assess for substantiation or disclosure.,strengthen all your memory functions
harv_ev_nad_advertising_claims_for_happyneuron_brain_training_me_2020_c0db49_0079,assessable_claim,fires,This is a self-contained advertising claim that a compliance reviewer could assess for substantiation or disclosure.,improve your memory easily
harv_ev_nad_nad_recommends_american_dryer_discontinue_claims_cha_2016_f4f36c_0082,assessable_claim,misses,This is a self-contained advertising claim that a compliance reviewer could assess for substantiation or disclosure.,ExtremeAir CPC is the most hygienic method of hand drying ever!
harv_ev_nad_nad_recommends_american_dryer_discontinue_claims_cha_2016_f4f36c_0083,assessable_claim,fires,This is a self-contained advertising claim that a compliance reviewer could assess for substantiation or disclosure.,"Independently proven to kill: E. Coli, Salmonella, Influenza A, Staph, C.diff, MRSA"
harv_ev_nad_nad_recommends_american_dryer_discontinue_claims_cha_2016_f4f36c_0084,assessable_claim,misses,This is a self-contained advertising claim that a compliance reviewer could assess for substantiation or disclosure.,does what no other hand dryer can do: It kills germs
harv_ev_nad_nad_recommends_central_coast_nutraceuticals_modify_d_2009_453719_0090,assessable_claim,fires,This is a self-contained advertising claim that a compliance reviewer could assess for substantiation or disclosure.,purest and most effective cleansing product on the market today
harv_ev_nad_nad_recommends_central_coast_nutraceuticals_modify_d_2009_453719_0091,assessable_claim,fires,This is a self-contained advertising claim that a compliance reviewer could assess for substantiation or disclosure.,America’s #1 Cleansing product
harv_ev_nad_nad_recommends_central_coast_nutraceuticals_modify_d_2009_453719_0095,assessable_claim,misses,This is a complete and self-contained advertising claim that a compliance reviewer could assess for substantiation.,Cleanse your entire system
harv_ev_nad_klf_international_says_it_will_discontinue_claims_fo_2016_b3cc26_0100,assessable_claim,misses,This is a complete and self-contained advertising claim that a compliance reviewer could assess for substantiation.,Dramatically increasing your female metabolism
harv_ev_nad_klf_international_says_it_will_discontinue_claims_fo_2016_b3cc26_0101,assessable_claim,misses,This is a complete and self-contained advertising claim that a compliance reviewer could assess for substantiation.,Drop up to three dress sizes in a week
harv_ev_nad_supragenix_discontinues_certain_advertising_claims_f_2013_ac00f3_0107,assessable_claim,fires,This is a complete and self-contained advertising claim that a compliance reviewer could assess for substantiation.,"CB-1 produces an actual increase in body mass that you keep when you stop taking it, not just temporary water weight"
harv_ev_nad_supragenix_discontinues_certain_advertising_claims_f_2013_ac00f3_0108,assessable_claim,fires,This is a complete and self-contained advertising claim that a compliance reviewer could assess for substantiation.,Average weight gain of 9.4 lbs. in only 4 weeks
harv_ev_nad_supragenix_discontinues_certain_advertising_claims_f_2013_ac00f3_0109,assessable_claim,misses,This is a complete and self-contained advertising claim that a compliance reviewer could assess for substantiation.,stimulates appetite and slows metabolism
harv_ev_nad_nature_s_healthy_supplements_crn_participate_in_nad__2009_8e6d87_0111,assessable_claim,misses,This is a complete and self-contained advertising claim that a compliance reviewer could assess for substantiation.,will significantly reduce prostate size
harv_ev_nad_nature_s_healthy_supplements_crn_participate_in_nad__2009_8e6d87_0112,assessable_claim,misses,This is a complete and self-contained advertising claim that a compliance reviewer could assess for substantiation.,will dramatically increase your urinary flow
harv_ev_nad_nature_s_healthy_supplements_crn_participate_in_nad__2009_8e6d87_0115,assessable_claim,fires,This is a complete and self-contained advertising claim that a compliance reviewer could assess for substantiation.,Beta-Sitosterol has shown benefit in relieving the symptoms of an Enlarged Prostate or BPH
harv_ev_nad_nature_s_healthy_supplements_crn_participate_in_nad__2009_8e6d87_0116,assessable_claim,misses,This is a complete and self-contained advertising claim that a compliance reviewer could assess for substantiation.,World’s most prescribed product for an enlarged prostate
harv_ev_nad_nature_s_healthy_supplements_crn_participate_in_nad__2009_8e6d87_0117,assessable_claim,fires,This is a complete and self-contained advertising claim that a compliance reviewer could assess for substantiation.,Beta-sitosterol is both natural and safe unlike harsh prescription medications
harv_ev_nad_nature_s_healthy_supplements_crn_participate_in_nad__2009_8e6d87_0119,assessable_claim,fires,This is a complete and self-contained advertising claim that a compliance reviewer could assess for substantiation.,No Known Side Effects
harv_ev_nad_nad_recommends_philips_discontinue_certain_claims_fo_2011_0fd009_0121,assessable_claim,fires,This is a complete and self-contained advertising claim that a compliance reviewer could assess for substantiation.,Sonicare FlexCare is demonstrated in vitro to remove three times more plaque biofilm than Oral-B Triumph
harv_ev_nad_nad_recommends_philips_discontinue_certain_claims_fo_2011_0fd009_0122,assessable_claim,fires,This is a complete and self-contained advertising claim that a compliance reviewer could assess for substantiation.,Sonicare FlexCare is demonstrated in vitro to remove three times more plaque biofilm than Oral B-Triumph
harv_ev_nad_nad_recommends_philips_discontinue_certain_claims_fo_2011_0fd009_0123,assessable_claim,misses,This is a complete and self-contained advertising claim that a compliance reviewer could assess for substantiation.,two times gentler on dentin than Oral-B Triumph
harv_ev_nad_nad_recommends_philips_discontinue_certain_claims_fo_2011_0fd009_0125,fragment,misses,This phrase is incomplete and lacks context to be assessed as a standalone claim. It's missing what kind of design or what it's available in.,design available in toothbrushing
harv_ev_nad_nad_refers_advertising_for_solace_dermatend_mole_war_2011_5ec6b3_0126,assessable_claim,fires,This is a complete and self-contained advertising claim that a compliance reviewer could assess for substantiation.,"Removes unwanted moles, warts and skin tags!"
harv_ev_dssrc_dssrc_refers_aloe_veritas_to_ftc_2019_f6e752_0127,assessable_claim,misses,"This is a complete and self-contained advertising claim that a compliance reviewer could assess for substantiation, particularly regarding the 'extraordinary level of success'.",We give you the means to achieve an extraordinary level of success
harv_ev_nad_meal_delivery_service_gobble_says_it_will_discontinu_2015_05b491_0128,assessable_claim,fires,This is a complete and self-contained advertising claim that a compliance reviewer could assess for substantiation regarding the sustainability and eco-friendliness of the business.,Thank you for helping our efforts to build a sustainable and eco-friendly business
harv_ev_nad_nad_recommends_sergeant_s_discontinue_certain_claims_2014_19bf4d_0129,assessable_claim,fires,This is a complete and self-contained advertising claim that a compliance reviewer could assess for substantiation.,Starts to Kill fleas and Ticks in as little as 5 Minutes
harv_ev_nad_nad_recommends_sergeant_s_discontinue_certain_claims_2014_19bf4d_0130,assessable_claim,misses,This is a complete and self-contained advertising claim that a compliance reviewer could assess for substantiation.,start killing fleas and ticks in five minutes
harv_ev_nad_nad_recommends_sergeant_s_discontinue_certain_claims_2014_19bf4d_0131,fragment,misses,"This is a fragment because it ends with an ellipsis, indicating missing comparative information ('than...K9 Advantix II').",Prevent more fleas from biting your pets than … K9 Advantix II
harv_ev_nad_nad_examines_advertising_for_nutrition_21_2008_5a8f2c_0133,assessable_claim,misses,This is a complete and self-contained advertising claim that a compliance reviewer could assess for substantiation.,"Promotes healthy blood sugar, important for brain health"
harv_ev_nad_nad_examines_advertising_for_nutrition_21_2008_5a8f2c_0134,assessable_claim,fires,This is a complete and self-contained advertising claim that a compliance reviewer could assess for substantiation.,Maintains brain fluidity and may help in maintenance of cognitive functions
harv_ev_nad_nad_examines_advertising_for_nutrition_21_2008_5a8f2c_0135,assessable_claim,fires,This is a complete and self-contained advertising claim that a compliance reviewer could assess for substantiation.,Supports communication between brain cells and promotes improved memory
harv_ev_nad_nad_examines_advertising_for_nutrition_21_2008_5a8f2c_0137,not_a_claim,fires,"This is a statement of personal experience, not an advertising claim about a product or service.",I experience physical or mental fatigue
harv_ev_nad_nad_examines_advertising_for_nutrition_21_2008_5a8f2c_0138,not_a_claim,misses,"This is a statement of personal experience, not an advertising claim about a product or service.",I find it hard to think straight
harv_ev_nad_nad_examines_advertising_for_nutrition_21_2008_5a8f2c_0139,not_a_claim,misses,"This is a statement of personal experience, not an advertising claim about a product or service.",I have a short attention span
harv_ev_nad_nad_examines_advertising_for_nutrition_21_2008_5a8f2c_0141,assessable_claim,fires,"This is a clear, self-contained claim about a product's benefit.",Improves Memory & Recall
harv_ev_nad_nad_examines_advertising_for_nutrition_21_2008_5a8f2c_0142,assessable_claim,misses,"This is a clear, self-contained claim about a product's benefit.",Increases Alertness & Concentration
harv_ev_nad_nad_examines_advertising_for_nutrition_21_2008_5a8f2c_0143,assessable_claim,fires,"This is a clear, self-contained claim about a product's benefit.",Helps Improve Focus and Vitality
harv_ev_nad_nad_determines_reckitt_benckiser_acted_properly_in_d_2012_87bfee_0145,assessable_claim,fires,"This is a clear, self-contained comparative claim.",Rated #1 Stain Treatment
harv_ev_nad_euro_pro_dyson_participate_in_nad_forum_2007_66cbe5_0146,assessable_claim,misses,"This is a clear, self-contained comparative claim about product performance.","Other vacuums may start out with powerful suction, then they lose it"
harv_ev_nad_euro_pro_dyson_participate_in_nad_forum_2007_66cbe5_0147,fragment,fires,This phrase is incomplete and lacks context to be a self-contained claim. It needs to specify what 'exhausts cleaner air'.,exhausts cleaner air than you normally breathe
harv_ev_nad_nad_finds_supported_petco_s_claim_that_it_is_setting_2020_004318_0153,fragment,misses,"This phrase is too general and lacks context to be a specific, assessable advertising claim. It doesn't state what provides 'better health'.",better health for the pets we love
harv_ev_nad_nad_recommends_blue_buffalo_modify_certain_claims_to_2014_05a401_0154,assessable_claim,misses,This is a self-contained claim that implies deception by other brands and encourages consumers to learn the 'truth'.,Pet parents are learning the truth about the ingredients in some of the leading dog food brands. Don’t be fooled by the big name dog food brands
harv_ev_nad_nad_recommends_comcast_discontinue_express_implied_c_2018_6b6bfb_0159,assessable_claim,misses,This is a self-contained claim about the limited availability of a competitor's service.,"Greg was telling people everywhere that they could get AT&T Fiber when it’s really only available to, like, 10 percent of their customers"
harv_ev_nad_nad_recommends_comcast_discontinue_express_implied_c_2018_6b6bfb_0160,assessable_claim,fires,"This is a clear, self-contained superlative claim.","Only Xfinity delivers the fastest, most reliable internet"
harv_ev_nad_nad_refers_advertising_claims_made_by_creekside_natu_2020_970f45_0162,assessable_claim,fires,"This is a clear, self-contained claim about a product's benefits and its comparison to prescription products.","Creekside Natural Therapeutics Focused Mind, Jr. is a natural alternative to prescription pharmaceutical products which improves focus & memory in children"
harv_ev_nad_nad_refers_advertising_claims_made_by_creekside_natu_2020_970f45_0163,assessable_claim,fires,"This is a clear, self-contained claim about a product's efficacy for a specific condition.",PS is proven to help with #ADHD
harv_ev_nad_nad_refers_advertising_claims_made_by_creekside_natu_2020_970f45_0164,assessable_claim,misses,"This is a clear, self-contained claim about an ingredient's function and benefit.",Inositol (100 mg) – increases serotonin which calms anxiety and hyperactivity
harv_ev_nad_prestige_brands_halts_certain_comparative_claims_for_2013_53faed_0165,assessable_claim,fires,"This is a clear, self-contained claim about product speed/efficiency.",Cleans in just 3 minutes
harv_ev_nad_prestige_brands_halts_certain_comparative_claims_for_2013_53faed_0166,assessable_claim,misses,"This is a clear, self-contained claim about a product's outcome.",Get your dentures crystal clean
harv_ev_nad_kimberly_clark_corporation_discontinues_wet_to_dry_i_2019_f3bf49_0168,assessable_claim,fires,"This is a clear, self-contained claim about product speed/efficiency.",Wet to Dry in 10 Seconds
harv_ev_caru_caru_recommends_spin_master_discontinue_certain_broa_2010_00b1c1_0170,assessable_claim,misses,"This is a clear, self-contained claim about a product's novelty and performance.",revolutionary new toy for filling the bath with the foamiest bubbles
harv_ev_caru_caru_recommends_spin_master_discontinue_certain_broa_2010_00b1c1_0171,assessable_claim,fires,"This is a clear, self-contained claim about a product's speed/efficiency.",watch your bath fill up instantly with bubbles
harv_ev_caru_caru_recommends_spin_master_discontinue_certain_broa_2010_00b1c1_0173,assessable_claim,misses,"This is a clear, self-contained claim about a product's characteristic.",Easy on Sensitive Skin
harv_ev_nad_nad_little_spoon_baby_food_claims_2020_e7361e_0174,assessable_claim,misses,"This is a clear, self-contained claim about the product's quality and freshness.",Get organic fresh food
harv_ev_nad_nad_little_spoon_baby_food_claims_2020_e7361e_0176,assessable_claim,misses,"This is a clear, self-contained claim about the product's state and readiness.",Ready to feed Fresh
harv_ev_nad_nad_little_spoon_baby_food_claims_2020_e7361e_0177,fragment,misses,"This is a slogan or a call to action, but not a specific, assessable claim about a product's attributes or performance without further context.",Let’s keep it fresh
harv_ev_nad_nad_recommends_rust_oleum_discontinue_2x_coverage_cl_2016_8ade43_0181,assessable_claim,fires,"This is a self-contained advertising claim that promises twice the coverage, half the time, and half the cost compared to competitive brands.",You’ll get twice the coverage in a single pass—which means your project will be done in half the time at half the cost of competitive brands
harv_ev_nad_nad_recommends_rust_oleum_discontinue_2x_coverage_cl_2016_8ade43_0183,assessable_claim,misses,This is a direct and assessable claim about product performance.,get twice the coverage
harv_ev_nad_nad_verizon_5g_claims_2020_7b7eeb_0186,assessable_claim,misses,This is a self-contained advertising claim about the experience users can have with 5G in specific locations.,People from midtown Manhattan to downtown Denver can experience what your 5G can deliver
harv_ev_nad_nad_verizon_5g_claims_2020_7b7eeb_0188,fragment,misses,"This phrase is incomplete and lacks context to be a standalone claim. It's unclear what 'almost 2 gigs' refers to (speed, data, etc.) or what 'here in Los Angeles' modifies.",almost 2 gigs here in Los Angeles
harv_ev_nad_nad_refers_puerto_rico_telephone_company_advertising_2019_8b4c5d_0190,assessable_claim,fires,This is a self-contained advertising claim about being the 'only provider' for multiple services through one network.,"only provider in Puerto Rico that can provide mobile telephony and broadband, landline telephony and broadband and landline video services through one island-wide network"
harv_ev_nad_nad_refers_puerto_rico_telephone_company_advertising_2019_8b4c5d_0191,assessable_claim,fires,"This is a self-contained advertising claim offering a free iPhone with an unlimited plan for a specific price, and includes a hashtag claim about network power.",Switch to Claro and get your iPhone 6s or 6D Plus Free! On an unlimited everything plan for $29 per month Yes!!! #TheMostPowerfulNetwork
harv_ev_nad_nad_recommends_at_t_modify_certain_u_verse_ads_to_be_2014_c9b5cc_0192,assessable_claim,fires,This is a direct and assessable claim about internet speed.,Up to 45 Mbps
harv_ev_nad_nad_recommends_at_t_modify_certain_u_verse_ads_to_be_2014_c9b5cc_0193,assessable_claim,fires,This is a self-contained advertising claim about internet speed relative to price.,Fastest Internet for the Price
harv_ev_caru_caru_reviews_cec_chuck_e_cheese_golden_ticket_promot_2016_a0f557_0195,assessable_claim,misses,"This is a self-contained advertising claim describing a promotion where every Ticket Blaster has a Golden Ticket, and winning leads to specific prizes.",Now every Ticket Blaster has a Golden Ticket. Catch it and win. Win incredible prizes like a Dell Promo Gift Card Worth $250.00
harv_ev_caru_caru_reviews_cec_chuck_e_cheese_golden_ticket_promot_2016_a0f557_0196,assessable_claim,misses,This is a self-contained advertising claim listing specific prizes that can be won.,"Win a $250 Promo Card from Dell, Pizza Party, Tickets and More!"
harv_ev_nad_nad_refers_advertising_for_cytosport_s_muscle_milk_t_2009_d48552_0202,assessable_claim,misses,This is a self-contained descriptive claim about the product's nature.,High Protein Chocolate Milk Shake
harv_ev_narb_narb_recommends_shell_modify_discontinue_certain_cla_2017_ecf8c0_0205,assessable_claim,misses,This is a self-contained comparative advertising claim about product protection.,no other gasoline protects better
harv_ev_nad_nad_recommends_usplabs_modify_discontinue_certain_cl_2013_eab0e6_0207,assessable_claim,misses,This is a self-contained advertising claim about the effectiveness of the first dose based on a clinical study.,Clinical study demonstrates first dose effectiveness
harv_ev_nad_certain_advertising_claims_for_doggie_dailies_dietar_2020_8efbd7_0209,assessable_claim,fires,"This is a self-contained advertising claim about the benefits of the product for energy levels, mobility, and joint health.","Help increase my energy levels and maintain my mobility and overall joint health, allowing me to live a happier, healthier life for years to come!"
harv_ev_nad_nad_finds_santica_can_support_certain_claims_for_cel_2009_ca68d0_0219,assessable_claim,misses,This is a self-contained advertising claim about the potential results of using CelluScience.,"After treatment with CelluScience, you could see firmer, smoother and better looking skin"
harv_ev_nad_nad_finds_santica_can_support_certain_claims_for_cel_2009_ca68d0_0220,assessable_claim,misses,This is a self-contained advertising claim about the product's ability to produce results without lifestyle changes.,"CelluScience can produce results without any changes in diet, exercise or life style"
harv_ev_nad_nad_recommends_ciba_discontinue_certain_claims_for_a_2009_950f7d_0221,assessable_claim,fires,This is a self-contained comparative advertising claim about superior comfort.,"DAILIES AQUACOMFORT PLUS, WITH OUR UNIQUE TRIPLE ACTION MOISTURE, DELIVERS SUPERIOR COMFORT COMPARED TO 1•DAY ACUVUE MOIST"
harv_ev_nad_nad_recommends_ciba_discontinue_certain_claims_for_a_2009_950f7d_0222,assessable_claim,misses,"This is a self-contained advertising claim about patient preference for a product over a competitor, including a specific ratio. The mention of a bar chart is descriptive of the ad, not part of the claim itself.",Patients prefer new DAILIES AquaComfort Plus almost 2-to-1 over 1•Day Acuvue Moist. The advertisement featured a bar chart entitled
harv_ev_nad_nad_recommends_ciba_discontinue_certain_claims_for_a_2009_950f7d_0223,not_a_claim,misses,"This is a rhetorical question, not a direct advertising claim about a product or service.",Looking for a great new way to grow your practice?
harv_ev_nad_nad_finds_samsung_can_support_color_volume_claim_but_2018_bfd33a_0225,assessable_claim,misses,This is a self-contained advertising claim about color consistency and viewing experience from any perspective.,"Color stays true from any perspective, so every seat is a great seat"
harv_ev_nad_p_g_colgate_palmolive_participate_in_nad_forum_2007_328736_0227,fragment,misses,This phrase is incomplete and lacks context. It's unclear what 'over 70 publications & research presentations' refers to or supports.,over 70 publications & research presentations
harv_ev_nad_p_g_colgate_palmolive_participate_in_nad_forum_2007_328736_0228,assessable_claim,misses,This is a self-contained advertising claim about the support for product research.,Crest Pro-Health product research is supported by over 70 publications & research presentations
harv_ev_nad_nad_recommends_reckitt_benckiser_discontinue_certain_2019_8b2446_0229,assessable_claim,fires,This is a self-contained descriptive claim about the product's ingredients.,crafted with 100% natural essential oils
harv_ev_nad_nad_recommends_reckitt_benckiser_discontinue_certain_2019_8b2446_0230,assessable_claim,fires,This is a self-contained descriptive claim about the product's ingredients.,infused with 100% natural essential oils
harv_ev_nad_novartis_wyeth_participate_in_nad_forum_2009_1c1737_0232,assessable_claim,fires,"This is a self-contained advertising claim presented as a rhetorical question, highlighting a unique product feature and its fast-acting relief.",Quick. What’s the only gel-tab with a triple ingredient formula to start relieving your headache in just 15 minutes. Extra Strength Excedrin. Go
harv_ev_nad_novartis_wyeth_participate_in_nad_forum_2009_1c1737_0233,assessable_claim,fires,This is a self-contained advertising claim that promises a specific benefit within a defined timeframe.,start(s) relieving your headache in 15 minutes
harv_ev_nad_nad_recommends_greenpan_modify_discontinue_certain_e_2012_f5cbfe_0235,assessable_claim,misses,This is a self-contained advertising claim describing a product attribute.,high quality non stick coating
harv_ev_nad_nad_recommends_nourishlife_discontinue_claims_at_iss_2013_3e6075_0236,assessable_claim,misses,This is a self-contained advertising claim stating a benefit.,Promotion of a healthy inflammatory response
harv_ev_nad_nad_recommends_nourishlife_discontinue_claims_at_iss_2013_3e6075_0237,assessable_claim,fires,This is a self-contained advertising claim describing a potential outcome or benefit.,Others notice advances in speech and coordination after several weeks
harv_ev_nad_nad_recommends_nourishlife_discontinue_claims_at_iss_2013_3e6075_0238,assessable_claim,fires,This is a self-contained advertising claim asserting a benefit supported by evidence.,mounting clinical evidence and hundreds of parental reports indicate this special blend of nutrients provides targeted benefits
harv_ev_nad_nad_recommends_motherlove_herbal_company_discontinue_2015_783561_0239,assessable_claim,misses,This is a self-contained advertising claim describing the product's effectiveness and purpose.,effective herbal formula designed to quickly increase breast milk for breastfeeding mothers
harv_ev_nad_nad_finds_humorous_vignette_in_broadcast_ad_was_not__2014_734abb_0241,assessable_claim,misses,This is a self-contained advertising claim promising a benefit related to entertainment access.,Get the most entertainment on any device anywhere with Xfinity from Comcast
harv_ev_nad_advertising_claims_for_parent_s_choice_probiotic_col_2019_668a11_0242,assessable_claim,fires,"This is a self-contained advertising claim stating a specific, quantifiable benefit.",Clinically shown to reduce crying time by 50%
harv_ev_nad_advertising_claims_for_parent_s_choice_probiotic_col_2019_668a11_0244,assessable_claim,fires,This is a self-contained advertising claim describing the product's mechanism and benefit.,Probiotic L. reuteri helps to promote a healthy balance of beneficial bacteria in baby’s digestive comfort
harv_ev_nad_nad_recommends_prevention_pharmaceuticals_discontinu_2016_1ad004_0245,assessable_claim,misses,This is a self-contained advertising claim about product quality.,highest purity levels available
harv_ev_nad_nad_recommends_prevention_pharmaceuticals_discontinu_2016_1ad004_0246,assessable_claim,misses,This is a self-contained advertising claim making a comparative statement about product purity.,no purer Omega-3 supplement available
harv_ev_nad_nad_recommends_prevention_pharmaceuticals_discontinu_2016_1ad004_0247,assessable_claim,fires,This is a self-contained advertising claim stating a specific product content.,nearly 100% omega-3 content
harv_ev_nad_nad_recommends_prevention_pharmaceuticals_discontinu_2016_1ad004_0248,assessable_claim,fires,This is a self-contained advertising claim making a comparative ranking.,Ranked best omega-3 to stop inflammation
harv_ev_nad_nad_recommends_prevention_pharmaceuticals_discontinu_2016_1ad004_0249,assessable_claim,fires,This is a self-contained advertising claim describing a unique product feature and its proven benefit.,"There are many fish-oils on the market, but only Omax3 contains the revolutionary 4:1 ratio of EPA to DHA, which Yale-affiliated research has shown to better resolve inflammation than any other combination of EPA and DHA"
harv_ev_nad_nad_recommends_prevention_pharmaceuticals_discontinu_2016_1ad004_0250,assessable_claim,fires,This is a self-contained advertising claim making a comparative statement about product effectiveness.,Omax3 helps manage the body’s inflammatory response more than any other omega-3 supplement available today
harv_ev_nad_schering_plough_novartis_participate_in_nad_forum_2007_0469fb_0251,assessable_claim,misses,This is a self-contained advertising claim that poses a question and then offers a solution with a specific timeframe.,"Why live with athlete’s foot? The itching, the burning. Lotrimin Ultra treats most athlete’s foot in just one week’s use"
harv_ev_nad_schering_plough_novartis_participate_in_nad_forum_2007_0469fb_0252,assessable_claim,misses,This is a self-contained advertising claim making a comparative statement about speed of cure.,Lotrimin Ultra is so powerful nothing cures faster
harv_ev_nad_schering_plough_novartis_participate_in_nad_forum_2007_0469fb_0253,assessable_claim,misses,This is a self-contained advertising claim describing the product's effectiveness and timeframe.,"Lotrimin Ultra, the one week killer cure"
harv_ev_nad_nad_recommends_tennant_discontinue_certain_claims_fo_2012_00f9c6_0254,assessable_claim,misses,This is a self-contained advertising claim describing a technology's performance.,ec-H20 technology makes water perform like a powerful detergent
harv_ev_nad_nad_recommends_tennant_discontinue_certain_claims_fo_2012_00f9c6_0255,assessable_claim,fires,This is a self-contained advertising claim stating a proven environmental benefit.,Tennant ec-H20 is proven to reduce environmental impact by up to 98%
harv_ev_nad_nad_recommends_tennant_discontinue_certain_claims_fo_2012_00f9c6_0256,assessable_claim,fires,This is a self-contained advertising claim describing a technology's function and outcome.,ec-H20 electrically converts water into a superior cleaning solution
harv_ev_nad_nad_recommends_dermadoctor_discontinue_claims_compar_2013_76c013_0257,not_a_claim,misses,"This appears to be a product name or descriptive label, not a claim about its performance or benefits.",Photodynamic Therapy Laser Lotion
harv_ev_nad_nad_recommends_at_t_modify_discontinue_certain_claim_2018_2a9db7_0261,fragment,misses,The phrase 'like a boss thing' makes this incomplete and dependent on missing context to understand the full claim.,More for your stream like a boss thing
harv_ev_nad_nad_finds_westport_can_support_claims_for_zephrex_d__2014_23ccbf_0263,assessable_claim,fires,This is a self-contained advertising claim stating the speed of action.,"Fast acting, going to work in as little as 30 minutes"
harv_ev_nad_nad_finds_westport_can_support_claims_for_zephrex_d__2014_23ccbf_0264,assessable_claim,fires,This is a self-contained advertising claim stating the speed of action and its specific benefit.,Starts working to clear swollen passages in as little as 30 minutes
harv_ev_nad_nad_finds_westport_can_support_claims_for_zephrex_d__2014_23ccbf_0265,fragment,misses,"This is a fragment because it is cut off and lacks context. 'Fast acting' is a claim, but '30-minutes' is not a complete thought and needs more information to be assessable.",fast acting … 30-minutes
harv_ev_nad_nad_examines_domino_s_taste_test_claims_following_ch_2009_e2bce6_0268,assessable_claim,fires,This is a self-contained advertising claim that can be assessed for truthfulness and substantiation. It makes a direct comparison and states a specific outcome.,Domino’s oven baked sandwiches beat Subway’s in a national taste test 2 to 1
harv_ev_nad_nad_examines_domino_s_taste_test_claims_following_ch_2009_e2bce6_0269,fragment,fires,"This is a fragment because it is a headline or slogan that is missing the subject of the claim. While it contains comparative language, it's not a complete sentence or thought on its own.",BEAT SUBWAY 2 to 1 IN A NATIONAL TASTE TEST
harv_ev_caru_caru_determines_general_mills_advertising_for_yoplai_2011_a7b76c_0272,assessable_claim,misses,"This is a self-contained advertising claim. It introduces a product and makes a specific claim about its taste, which can be assessed.","Introducing Yoplait Splitz, the yogurt that tastes like a sundae"
harv_ev_nad_revlon_challenges_advertising_claims_for_clairol_hai_2009_45dbad_0278,assessable_claim,fires,"This is a self-contained advertising claim. It makes a comparative claim about product longevity, which can be substantiated.",Lasts up to 2 weeks longer than ColorSilk
harv_ev_nad_nad_recommends_kohler_discontinue_global_leader_clai_2009_be9df1_0279,assessable_claim,misses,"This is a self-contained advertising claim. It makes a superlative claim about market position, which can be assessed for substantiation.",Global leader in performance toilets
harv_ev_nad_nad_recommends_kohler_discontinue_global_leader_clai_2009_be9df1_0281,assessable_claim,misses,"This is a self-contained advertising claim. It describes a product feature and its benefit, which can be assessed for truthfulness.",Powerful . . . Class Five flushing technology delivers extraordinary power
harv_ev_nad_nad_recommends_discontinuance_of_health_and_doctor_r_2019_7e12c4_0282,assessable_claim,misses,"This is a self-contained advertising claim. It describes the benefits of a product for specific ailments, which can be assessed for substantiation.","remedies that work fast on sniffles, sneezes, sore throats and coughs"
harv_ev_nad_nad_recommends_discontinuance_of_health_and_doctor_r_2019_7e12c4_0283,assessable_claim,misses,"This is a self-contained advertising claim. It states a benefit of a product for specific symptoms, which can be assessed for substantiation.",relief for coughs and sniffles
harv_ev_nad_nad_recommends_discontinuance_of_health_and_doctor_r_2019_7e12c4_0284,assessable_claim,misses,"This is a self-contained advertising claim. It states a benefit of a product for a specific condition, which can be assessed for substantiation.",easing baby’s cold symptoms
harv_ev_nad_nad_recommends_discontinuance_of_health_and_doctor_r_2019_7e12c4_0285,assessable_claim,misses,"This is a self-contained advertising claim. It states a benefit of a product for a specific condition, which can be assessed for substantiation.",good for. . . diarrhea
harv_ev_nad_nad_recommends_reckitt_benckiser_discontinue_certain_2016_10946b_0286,assessable_claim,misses,"This is a self-contained advertising claim. It makes a preventative health claim, which can be assessed for substantiation.",Help Fight the Flu Before it Starts
harv_ev_nad_nad_recommends_tempur_pedic_modify_discontinue_certa_2013_6c9930_0287,assessable_claim,fires,"This is a self-contained advertising claim. It makes a comparative and superlative claim about product performance, which can be assessed for substantiation.",No other mattress can match our TEMPUR material in delivering your best night’s sleep
harv_ev_nad_nad_recommends_tempur_pedic_modify_discontinue_certa_2013_6c9930_0288,assessable_claim,misses,"This is a self-contained advertising claim. It makes a comparative claim about product composition and manufacturing, which can be assessed for truthfulness.",Other companies buy generic memory foam off the shelf … gel foam mattresses simply add gel either as a top layer or by infusing the memory foam with gel
harv_ev_nad_nad_recommends_sprint_modify_discontinue_certain_com_2014_827a28_0293,assessable_claim,fires,"This is a self-contained advertising claim. It makes a guarantee about a service, which can be assessed for its terms and conditions.",Guaranteed Unlimited For Life
harv_ev_nad_nad_recommends_sprint_modify_discontinue_certain_com_2014_827a28_0295,assessable_claim,misses,"This is a self-contained advertising claim. It makes a specific savings claim tied to a service, which can be assessed for substantiation.","Save $83/Year with Unlimited, My Way from Sprint"
harv_ev_nad_nad_recommends_sprint_modify_discontinue_certain_com_2014_827a28_0298,assessable_claim,fires,"This is a self-contained advertising claim. It makes a guarantee and an exclusivity claim, which can be assessed for truthfulness.",Guaranteed for life and only from Sprint
harv_ev_nad_nad_recommends_sprint_modify_discontinue_certain_com_2014_827a28_0299,assessable_claim,misses,"This is a self-contained advertising claim. It makes a superlative claim about a product's popularity, which can be assessed for substantiation.",Sprint’s most popular free smartphone
harv_ev_nad_nad_refers_dutch_glow_maker_sas_group_to_ftc_after_a_2015_e6bfcd_0308,assessable_claim,misses,"This is a self-contained advertising claim. It describes a promotional offer, which can be assessed for its terms and conditions.","Buy One, Get One Free"
harv_ev_nad_nad_refers_advertising_for_patenthealth_s_trigosamin_2011_ce4391_0309,assessable_claim,misses,"This is a self-contained advertising claim. It refers to a clinical trial and states a specific timeframe for results, which can be assessed for substantiation.",Clinical trial; participants began to feel noticeable results in just days
harv_ev_nad_nad_refers_advertising_for_patenthealth_s_trigosamin_2011_ce4391_0310,assessable_claim,misses,"This is a self-contained advertising claim. It makes a specific claim about the speed of results for a product, which can be assessed for substantiation.",Imagine a pill that can start helping you get around more easily in just a matter of days
harv_ev_nad_nad_reviews_claims_for_neuracel_reminds_advertisers__2015_0bc2c1_0312,assessable_claim,misses,"This is a self-contained advertising claim. It makes a definitive claim about pain relief, which can be assessed for substantiation.",No More Nerve Pain
harv_ev_nad_nad_reviews_claims_for_neuracel_reminds_advertisers__2015_0bc2c1_0313,assessable_claim,misses,"This is a self-contained advertising claim. It makes a definitive statement about a treatment option, which can be assessed for its truthfulness in context of the product being advertised.",Surgery Is Not An Option
harv_ev_nad_nad_examines_claims_for_jjci_sunscreen_product_recom_2017_0e363c_0318,assessable_claim,fires,"This is a self-contained advertising claim. It makes a subjective but assessable superlative claim about a product's feel, which can be evaluated for consumer perception and substantiation.",best feeling sunscreen ever
harv_ev_nad_nad_reviews_advertising_for_prostalex_plus_2009_1f6344_0322,assessable_claim,fires,"This is a self-contained advertising claim. It makes multiple specific claims about a product's benefits for prostate function, which can be assessed for substantiation.",Revolutionary new drug-free formula helps you regain your youthful prostate function so you’ll urinate less often and sleep though the night
harv_ev_nad_nad_reviews_advertising_for_prostalex_plus_2009_1f6344_0323,assessable_claim,misses,This is a self-contained advertising claim promising a specific benefit.,regain your youthful prostate function
harv_ev_nad_nad_recommends_cox_communications_modify_or_disconti_2019_8c4e6b_0326,assessable_claim,fires,This is a complete advertising claim stating a price and speed for internet service.,Get Cox high speed internet starting at $19.99 a month for up to 10 megs
harv_ev_nad_nad_recommends_cox_communications_modify_or_disconti_2019_8c4e6b_0327,assessable_claim,misses,This is a complete advertising claim stating a starting price for internet service.,Cox Internet starting at $19.99
harv_ev_nad_nad_finds_oracle_took_necessary_action_in_discontinu_2012_9ac733_0332,assessable_claim,fires,This is a self-contained advertising claim comparing speed and market position.,Exadata 20x Faster … Replaces IBM Again
harv_ev_nad_nad_finds_oracle_took_necessary_action_in_discontinu_2012_9ac733_0333,assessable_claim,fires,This is a self-contained advertising claim describing a customer's experience and a performance benefit.,Giant European Retailer Moves Databases from IBM Power to Exadata … Runs 20 Times Faster
harv_ev_nad_nad_finds_oracle_took_necessary_action_in_discontinu_2012_9ac733_0334,assessable_claim,fires,This is a self-contained advertising claim describing a customer's experience and a performance benefit.,Giant European Retailer Moves Databases from IBM Power to Exadata Runs 20 Times Faster
harv_ev_caru_caru_refers_dave_buster_s_to_ftc_after_company_decli_2017_7a87ac_0337,assessable_claim,fires,This is a self-contained advertising claim promising a free benefit.,free video game play
harv_ev_caru_caru_refers_dave_buster_s_to_ftc_after_company_decli_2017_7a87ac_0339,assessable_claim,fires,This is a self-contained advertising claim detailing an offer for free video game play with a condition.,Dave & Busters has free video game play weekdays this summer. You can buy a power card for $50 and play video games for free all summer
harv_ev_nad_health_solutions_commits_to_discontinue_claims_for_p_2015_28f61b_0340,assessable_claim,fires,This is a self-contained advertising claim with a testimonial and a benefit promise.,Doctor Approved – Rediscover Your Youth and Vitality
harv_ev_nad_health_solutions_commits_to_discontinue_claims_for_p_2015_28f61b_0341,assessable_claim,fires,This is a self-contained advertising claim promising immediate results.,Results You Can Experience Immediately
harv_ev_nad_nad_recommends_molekule_discontinue_pollution_elimin_2019_dfe816_0342,assessable_claim,misses,This is a self-contained advertising claim about product capability and room size.,Made for large rooms. Molekule is able to completely replace the air in a 600 square foot room (large living room) once an hour
harv_ev_nad_nad_recommends_molekule_discontinue_pollution_elimin_2019_dfe816_0343,assessable_claim,misses,This is a self-contained advertising claim about product capability and room size.,Molekule is able to completely replace the air in a 600 square foot room (large living room) once an hour
harv_ev_narb_narb_panel_recommends_kimberly_clark_discontinue_cer_2014_94b975_0346,assessable_claim,fires,This is a self-contained advertising claim of 'unbeatable protection' with a comparative substantiation.,"Unbeatable Protection† †Super absorbency vs. leading brand, among those with a preference"
harv_ev_nad_nad_recommends_wink_naturals_discontinue_certain_cha_2019_c7d80e_0348,assessable_claim,fires,This is a self-contained advertising claim about the combined benefit of ingredients.,Zinc and Elderberry combine to form the ultimate immune support system
harv_ev_nad_nad_recommends_wink_naturals_discontinue_certain_cha_2019_c7d80e_0349,assessable_claim,misses,This is a self-contained advertising claim about the benefit of an ingredient.,Ivy Leaf Extract for *ahem* mucus relief
harv_ev_nad_nad_recommends_wink_naturals_discontinue_certain_cha_2019_c7d80e_0350,assessable_claim,fires,This is a self-contained advertising claim posing a rhetorical question about product effectiveness and value.,How many bottles of other cough syrup are you throwing away and replacing with our 1 Cough Syrup that works for everyone?
harv_ev_nad_nad_recommends_wink_naturals_discontinue_certain_cha_2019_c7d80e_0351,assessable_claim,fires,This is a self-contained advertising claim about a product's natural benefits.,"Finally, a natural cough syrup with benefits"
harv_ev_nad_nad_recommends_wink_naturals_discontinue_certain_cha_2019_c7d80e_0352,assessable_claim,misses,This is a self-contained advertising claim about natural soothing benefits.,Soothes coughs and irritated throats naturally
harv_ev_nad_nad_recommends_novahue_llc_discontinue_sun_protectio_2018_58a24c_0355,assessable_claim,misses,This is a self-contained advertising claim about skin protection from DNA damage.,Protects the skin from DNA damage due to sun exposure
harv_ev_narb_smiledirectclub_2020_b27eae_0357,assessable_claim,fires,This is a self-contained comparative advertising claim about speed.,We’re 3x Faster than Braces
harv_ev_narb_smiledirectclub_2020_b27eae_0358,assessable_claim,fires,This is a self-contained comparative advertising claim about speed to achieve a desired outcome.,"Get a smile you’ll love, 3x sooner than braces"
harv_ev_nad_nad_examines_revised_claims_for_olivet_pet_food_stor_2018_652d85_0359,assessable_claim,fires,This is a self-contained advertising claim about product safety and material composition.,BPA free and food safe
harv_ev_nad_nad_examines_revised_claims_for_olivet_pet_food_stor_2018_652d85_0360,assessable_claim,misses,This is a self-contained advertising claim about material composition.,made of recycled material
harv_ev_nad_nad_refers_bodyarmor_nutrition_to_ftc_after_company__2014_9b8c94_0362,assessable_claim,fires,This is a self-contained advertising claim about product benefits.,SUPERIOR NUTRITION + HYDRATION
harv_ev_nad_nad_refers_bodyarmor_nutrition_to_ftc_after_company__2014_9b8c94_0363,assessable_claim,misses,This is a self-contained comparative advertising claim about electrolyte content.,ELECTROLYES: 2½X THE LEADING SPORTS DRINK
harv_ev_nad_gsk_the_winning_combination_participate_in_nad_forum_2008_3104f3_0365,assessable_claim,fires,This is a self-contained advertising claim that promises a specific outcome (stop smoking naturally) within a defined timeframe (as little as 3 weeks). A compliance reviewer could assess this claim for substantiation.,STOP SMOKING Naturally In As Little As 3 Weeks
harv_ev_nad_gsk_the_winning_combination_participate_in_nad_forum_2008_3104f3_0366,assessable_claim,misses,This is a self-contained advertising claim that states the product is 'clinically tested' to help users 'stop smoking once and for all'. This claim requires substantiation.,Clinically Tested to Help You: Stop Smoking Once and for All
harv_ev_nad_gsk_the_winning_combination_participate_in_nad_forum_2008_3104f3_0367,assessable_claim,misses,"This is a self-contained advertising claim that makes a comparative statement about not having to quit cold turkey like other products, implying superiority or a different method. It also makes a claim about 'not-so-good results' from competitors. This is assessable for comparative claims and implied efficacy.",You don’t have to quit cold turkey like the other products on the market. You know the ones you’ve probably tried with not-so-good results
harv_ev_nad_gsk_the_winning_combination_participate_in_nad_forum_2008_3104f3_0368,assessable_claim,misses,This is a self-contained advertising claim that states the product 'can be used as often as needed without any problems'. This is an assessable claim about safety and usability.,Resolve can be used as often as needed without any problems
harv_ev_caru_caru_recommends_skechers_discontinue_implied_claim_f_2016_a3903e_0369,assessable_claim,misses,This is a self-contained advertising claim that promises a specific feeling ('walking on air') with the product. It's a clear benefit claim that could be assessed for substantiation.,Do you want to feel like you’re walking on air? Well guess what? Now you can with the new Skech-Air from Skechers!
harv_ev_nad_verizon_5g_speed_claims_2020_6a70f8_0374,assessable_claim,misses,This is a self-contained advertising claim that promises a benefit ('don't worry about lag'). It implies a performance characteristic that can be assessed.,don’t worry about lag
harv_ev_nad_nad_recommends_zero_technologies_discontinue_demonst_2014_56d754_0377,assessable_claim,fires,"This is a self-contained advertising claim that makes a comparative statement about the product's ability to remove dissolved solids compared to conventional filters, and specifies the mechanism (five stages vs. one or two). This is an assessable claim requiring substantiation for both efficacy and comparison.","Not only does Zero Water remove a little red wine from water, it removes virtually all dissolved solids, because conventional filters like Brita only have one or two stages, and Zero Water has five"
harv_ev_nad_nad_recommends_zero_technologies_discontinue_demonst_2014_56d754_0378,not_a_claim,misses,"This is rhetorical questioning, not a direct advertising claim about a product's features or benefits. It's designed to engage the reader rather than make a specific promise.",Think your water filter is good? Think again
harv_ev_nad_nad_recommends_p_g_discontinue_certain_claims_for_ol_2013_a6fede_0381,fragment,misses,"This is a fragment. 'cleanses as effectively as' is incomplete; it requires a comparative object to be a full claim (e.g., 'cleanses as effectively as soap').",cleanses as effectively as
harv_ev_nad_nad_refers_claims_made_by_new_nordic_to_ftc_followin_2016_850b3c_0383,assessable_claim,misses,This is a self-contained advertising claim that describes the product's form and function ('skin care in a tablet'). It implies a benefit and can be assessed for accuracy and efficacy.,skin care in a tablet
harv_ev_nad_nad_recommends_schmidt_s_deodorant_co_discontinue_ce_2017_e9a091_0384,assessable_claim,misses,This is a self-contained advertising claim that states a benefit ('helps keep you dry'). This is an assessable claim about product performance.,helps keep you dry
harv_ev_nad_nad_recommends_schmidt_s_deodorant_co_discontinue_ce_2017_e9a091_0385,assessable_claim,misses,This is a self-contained advertising claim that states a benefit ('provides wetness protection') and a specific ingredient claim ('without aluminum'). This is an assessable claim about product performance and composition.,provides wetness protection without aluminum
harv_ev_nad_nad_novartis_claims_sentinel_2012_61f44e_0387,assessable_claim,fires,"This is a self-contained advertising claim that makes a direct comparative statement about Sentinel's superiority, effectiveness, and longevity compared to specific named adulticides. This is an assessable comparative claim requiring substantiation.","Sentinel is superior to, more effective, or longer lasting than adulticides such as Comfortis and Trifexis"
harv_ev_nad_nad_novartis_claims_sentinel_2012_61f44e_0388,assessable_claim,misses,This is a self-contained advertising claim about the performance of a specific ingredient ('spinosad does not prevent fleas from laying eggs'). This is an assessable claim about product efficacy.,spinosad does not prevent fleas from laying eggs
harv_ev_nad_nad_recommends_bobsweep_usa_discontinue_certain_clai_2018_54fb3f_0393,assessable_claim,fires,This is a self-contained advertising claim that states a specific performance benefit ('removes sub-micron particles from the air'). This is an assessable claim requiring substantiation.,removes sub-micron particles from the air
harv_ev_nad_nad_recommends_bobsweep_usa_discontinue_certain_clai_2018_54fb3f_0394,assessable_claim,misses,This is a self-contained advertising claim that states a specific function and benefit ('UV sterilizes all types of floors'). This is an assessable claim requiring substantiation.,UV sterilizes all types of floors
harv_ev_nad_nad_recommends_bobsweep_usa_discontinue_certain_clai_2018_54fb3f_0395,assessable_claim,misses,"This is a self-contained advertising claim that states a specific, strong benefit ('obliterates the harmful germs that come in its path'). This is an assessable claim requiring substantiation.",obliterates the harmful germs that come in its path
harv_ev_nad_nad_recommends_bobsweep_usa_discontinue_certain_clai_2018_54fb3f_0396,assessable_claim,misses,This is a self-contained advertising claim that makes a comparative statement about a product feature ('longest main brush in the industry'). This is an assessable claim requiring substantiation for the comparison.,longest main brush in the industry
harv_ev_nad_nad_recommends_bobsweep_usa_discontinue_certain_clai_2018_54fb3f_0397,assessable_claim,misses,This is a self-contained advertising claim that states multiple performance benefits ('covers more ground while lifting up more dirt in just a single sweep'). This is an assessable claim requiring substantiation.,covers more ground while lifting up more dirt in just a single sweep
harv_ev_nad_nad_recommends_bobsweep_usa_discontinue_certain_clai_2018_54fb3f_0398,fragment,fires,"This is a fragment. 'allows Bob to achieve better results' is incomplete; it needs to specify what 'better results' are being achieved to be a full, assessable claim.",allows Bob to achieve better results
harv_ev_nad_nad_reviews_advertising_for_danish_butter_cookie_mad_2015_4d672e_0399,assessable_claim,misses,This is a self-contained advertising claim about the product's origin and authenticity ('Baked following the original recipe from Denmark'). This is an assessable claim requiring substantiation of the recipe's origin and adherence.,Baked following the original recipe from Denmark
harv_ev_nad_nad_reviews_advertising_for_danish_butter_cookie_mad_2015_4d672e_0400,assessable_claim,misses,This is a self-contained advertising claim about the product's origin ('Produced and packed in Denmark'). This is an assessable claim requiring substantiation of the manufacturing and packaging location.,Produced and packed in Denmark
harv_ev_nad_nad_reviews_advertising_for_danish_butter_cookie_mad_2015_4d672e_0401,not_a_claim,misses,"This appears to be a company name and location, not an advertising claim about a product's features or benefits.","Danish Specialty Foods, Copenhagen Denmark"
harv_ev_nad_nad_bausch_lomb_ad_claims_2013_77e289_0403,not_a_claim,misses,"This text describes a finding from independent studies regarding a product's association with CLAIK cases. It reads like a factual statement from a report or legal document, not an advertising claim designed to promote a product.","Notably, CLAIK has repeatedly been associated with one PQ-Aldox MPS, OPTI-FREE RepleniSH in independent studies. In one report, this solution was being used in 71% of CLAIK cases"
harv_ev_nad_nad_examines_advertising_for_l_oreal_usa_s_garnier_n_2007_697a23_0404,assessable_claim,misses,This is a self-contained advertising claim that states a specific benefit ('skincare that actually lifts wrinkles from the inside out'). This is an assessable claim requiring substantiation for its efficacy and mechanism.,Now it’s skincare that actually lifts wrinkles from the inside out
harv_ev_nad_nad_examines_advertising_for_l_oreal_usa_s_garnier_n_2007_697a23_0405,assessable_claim,misses,This is a self-contained advertising claim that promises a specific benefit related to skin appearance.,It’s like getting new skin from within
harv_ev_nad_nad_examines_advertising_for_l_oreal_usa_s_garnier_n_2007_697a23_0406,assessable_claim,misses,This is a self-contained advertising claim that promises a specific benefit related to skin appearance.,Great skin from the inside out
harv_ev_nad_nad_examines_advertising_for_l_oreal_usa_s_garnier_n_2007_697a23_0407,assessable_claim,misses,This is a self-contained advertising claim that promises a specific benefit related to wrinkle reduction.,actually lifts wrinkles from the inside out
harv_ev_narb_narb_panel_recommends_bayer_modify_discontinue_certa_2015_b20534_0409,assessable_claim,fires,This is a self-contained advertising claim that specifies a product's onset of action for allergies.,Claritin-D … starts to work on allergies in 30 minutes
harv_ev_nad_nad_recommends_coty_discontinue_gel_manicure_claims__2017_cb925a_0411,assessable_claim,fires,This is a self-contained advertising claim that specifies the duration of color and shine for a product.,up to 14 days color and shine
harv_ev_nad_nad_recommends_coty_discontinue_gel_manicure_claims__2017_cb925a_0412,assessable_claim,misses,This is a self-contained advertising claim about how a product cures.,Cures in Natural Light
harv_ev_nad_nad_finds_pharmavite_can_support_claims_for_its_natu_2011_09749c_0414,assessable_claim,misses,This is a self-contained advertising claim that promises a benefit for mental health.,Keep your mind great with Nature Made GreatMind!
harv_ev_nad_nad_finds_pharmavite_can_support_claims_for_its_natu_2011_09749c_0415,assessable_claim,fires,This is a self-contained advertising claim that promises a benefit for mental clarity and performance.,Enhances mental clarity and performance
harv_ev_nad_nad_finds_pharmavite_can_support_claims_for_its_natu_2011_09749c_0416,assessable_claim,misses,This is a self-contained advertising claim that describes the formulation and benefit of a product.,Nature Made GreatMind is formulated with key ingredients that your mind needs to stay healthy
harv_ev_nad_nad_recommends_kauai_coffee_modify_discontinue_certa_2017_07b4ad_0421,assessable_claim,misses,This is a self-contained advertising claim that makes an environmental statement and offers a solution.,Don’t trash the Earth with your coffee. BREW & RENEW
harv_ev_nad_nad_recommends_kauai_coffee_modify_discontinue_certa_2017_07b4ad_0422,not_a_claim,misses,"This is a factual statement or statistic, not an advertising claim about a product's benefit or feature.",Over 11 Billion K-CUPS go into America’s landfills each year
harv_ev_nad_nad_recommends_kauai_coffee_modify_discontinue_certa_2017_07b4ad_0423,assessable_claim,fires,This is a self-contained advertising claim about a product's environmental certification.,Certified 100% Compostable Single-Serve Pods
harv_ev_narb_narb_recommends_directv_discontinue_worry_free_relia_2018_a8508a_0425,not_a_claim,misses,"This appears to be a statement of concern or a hypothetical scenario, not a direct advertising claim.",My signal will go out
harv_ev_narb_narb_recommends_directv_discontinue_worry_free_relia_2018_a8508a_0426,assessable_claim,misses,This is a self-contained advertising claim promising uninterrupted service.,signal will never go out
harv_ev_nad_nad_examines_advertising_claims_for_p_g_s_iams_pet_f_2009_77737b_0427,assessable_claim,misses,This is a self-contained advertising claim that promises a health benefit for dogs.,Iams ProActive Health Helps Promote 7 Signs of healthy vitality in your dog
harv_ev_nad_nad_examines_advertising_claims_for_p_g_s_iams_pet_f_2009_77737b_0428,assessable_claim,misses,This is a self-contained advertising claim making a comparative statement about product quality.,No other dog food stacks up like Iams
harv_ev_nad_bell_commits_to_discontinue_certain_claims_for_virux_2014_c644ef_0429,not_a_claim,misses,"This appears to be a product name or identifier, not an advertising claim.",Virux Viral Infections #42
harv_ev_nad_nad_recommends_alcon_laboratories_discontinue_certai_2017_21a35e_0434,assessable_claim,fires,This is a self-contained comparative advertising claim.,More Like Natural Tears than Biotrue
harv_ev_nad_nad_recommends_alcon_laboratories_discontinue_certai_2017_21a35e_0435,assessable_claim,misses,This is a self-contained advertising claim making a comparative statement about a product's properties.,more like natural tears
harv_ev_nad_nad_recommends_alcon_laboratories_discontinue_certai_2017_21a35e_0436,assessable_claim,misses,This is a self-contained advertising claim that links a product feature (no preservatives) to a benefit (more like natural tears).,No preservatives to be more like natural tears
harv_ev_narb_narb_recommends_comcast_discontinue_fastest_internet_2016_b7c83a_0439,assessable_claim,fires,This is a self-contained advertising claim making a superlative statement about internet speed.,delivers the fastest internet in America
harv_ev_narb_narb_recommends_comcast_discontinue_fastest_internet_2016_b7c83a_0441,assessable_claim,fires,"This is a self-contained advertising claim making a superlative statement about internet speed, including a reference to substantiation.",XFINITY from Comcast delivers America’s fastest Internet according to 60 million consumer tests run at Speedtest.net
harv_ev_nad_nad_optimmuner_plus_ftc_fda_2020_8d260a_0443,not_a_claim,misses,"This is a descriptive statement about scientific acceptance, not a direct advertising claim about a product's features or benefits.",accepted facts by the scientific community
harv_ev_nad_nad_optimmuner_plus_ftc_fda_2020_8d260a_0444,assessable_claim,misses,This is a self-contained advertising claim promising rapid improvements.,Radical improvements during the first weeks
harv_ev_nad_nad_recommends_modification_to_huggies_little_snuggl_2020_f6b309_0445,assessable_claim,misses,"This is a self-contained advertising claim making a comparative statement about leakage protection, with a clarifying asterisk.",better leakage protection* *Size 1 urine leakage
harv_ev_nad_nad_recommends_cebria_discontinue_challenged_claims__2018_62c32a_0447,assessable_claim,misses,This is a self-contained advertising claim that promises a significant improvement in memory due to Cebria®.,Research results indicate that Cebria® creates a significant improvement in memory
harv_ev_nad_nad_recommends_cebria_discontinue_challenged_claims__2018_62c32a_0448,assessable_claim,misses,This is a self-contained advertising claim about the product's benefit.,Aids in protecting your memory
harv_ev_nad_nad_recommends_cebria_discontinue_challenged_claims__2018_62c32a_0449,assessable_claim,misses,"This is a testimonial, which functions as an advertising claim about the product's effect on memory and speech fluency.","I don’t stop in the middle of a sentence, trying to figure out what word I’m supposed to say next that means what I’m trying to say.*- Yvette Murphy, Age 46"
harv_ev_nad_nad_recommends_cebria_discontinue_challenged_claims__2018_62c32a_0450,assessable_claim,fires,"This is a testimonial, which functions as an advertising claim about the product's effect on memory.","I thought I’m forgetting so many things. Don’t have that anymore. I don’t even think about that. I’m not even worried about that.*- Don Ward, Age 59"
harv_ev_nad_nad_recommends_gillette_modify_discontinue_certain_c_2013_b8a7cf_0455,assessable_claim,fires,This is a self-contained advertising claim about the product's benefit.,helps lock in skin’s moisture
harv_ev_nad_nad_recommends_discontinuance_and_modification_of_ce_2019_0f9d29_0457,not_a_claim,misses,"This is a headline or announcement about a company's new product/service, not a direct advertising claim to consumers.",Ahalogy launches First Third-Party Verified Influencer Marketing Platform
harv_ev_nad_nad_recommends_discontinuance_and_modification_of_ce_2019_0f9d29_0458,not_a_claim,fires,"This is descriptive text about a company's announcement and its solution, not a direct advertising claim to consumers.","Ahalogy, the leading company in helping brands connect consumer passion to purchase, has announced a first-ever solution for verifying that influencer marketing impressions, traffic and other key engagement measures are valid"
harv_ev_nad_nad_recommends_discontinuance_and_modification_of_ce_2019_0f9d29_0459,assessable_claim,fires,This is a self-contained advertising claim stating that Ahalogy is the 'first influencer platform that is 100% verified'.,"We recently announced that our company will be using TPV solutions, like Moat, in all influencer campaigns moving forward, making Ahalogy the first influencer platform that is 100% verified"
harv_ev_nad_nad_recommends_discontinuance_and_modification_of_ce_2019_0f9d29_0460,fragment,misses,This phrase is cut off and lacks context to be a self-contained claim. It describes what 'are valid' but doesn't state who or what is making them valid.,"impressions, traffic and other key engagement measures are valid"
harv_ev_nad_verizon_sprint_participate_in_nad_forum_2008_26ea02_0465,assessable_claim,misses,This is a testimonial-like statement making claims about Verizon Wireless's features and reliability compared to 'that old service'.,We all upgraded to Verizon Wireless. Got push to talk and the reliability of the network. That old service is useless now
harv_ev_nad_verizon_sprint_participate_in_nad_forum_2008_26ea02_0466,assessable_claim,misses,This is a direct call to action with a comparative claim about 'the only one that comes with the network'.,Don’t be the last one standing with another push to talk. Switch to the only one that comes with the network
harv_ev_nad_verizon_sprint_participate_in_nad_forum_2008_26ea02_0467,assessable_claim,misses,"This is a direct, albeit short, claim about the utility of a service.",old service is useless now
harv_ev_nad_nad_reviews_advertising_for_gerber_toddler_products__2012_e8cc76_0469,assessable_claim,fires,This is a self-contained advertising claim about the product's benefits for healthy growth and immune support.,"GRADUATES FRUIT & VEGGIE MELTS snacks are a great way to make every bit count by providing vitamins A, C, & E for healthy growth and natural immune support"
harv_ev_nad_nad_reviews_advertising_for_gerber_toddler_products__2012_e8cc76_0472,fragment,misses,This phrase is cut off and lacks context to be a self-contained claim. It's unclear what 'immune support' refers to or what 'they are made from'.,immune support – or that they are made from
harv_ev_nad_nad_recommends_shark_discontinue_preference_claims_f_2017_87de5d_0474,assessable_claim,misses,"This is a comparative preference claim, even if incomplete, it implies a preference for Shark over competitors.",America preferred … Shark
harv_ev_nad_nad_recommends_shark_discontinue_preference_claims_f_2017_87de5d_0475,fragment,misses,This is a numerical fragment that requires additional context to understand what 'two out of three' refers to.,two out of three
harv_ev_nad_national_advertising_review_board_recommends_philoso_2015_e5b947_0481,assessable_claim,misses,"This is a self-contained advertising claim about the product's anti-aging effects, presented as a consumer statement.","Women told us their skin looked 730 days younger*, that’s 2 years on your side with our age-defying serum"
harv_ev_nad_national_advertising_review_board_recommends_philoso_2015_e5b947_0482,assessable_claim,misses,"This is a self-contained advertising claim about the product's effect on skin, presented as a consumer statement.",Lines have disappeared and … I go makeup free
harv_ev_nad_national_advertising_review_board_recommends_philoso_2015_e5b947_0483,fragment,misses,This phrase is cut off and lacks context to be a self-contained claim. It describes a state but doesn't link it to a product or action.,inside: aging not yet visible on the surface
harv_ev_nad_newell_rubbermaid_discontinues_1_claim_for_paper_mat_2015_f47f8c_0484,assessable_claim,fires,This is a self-contained superlative claim about market leadership.,America’s #1 Ball Point Pen
harv_ev_nad_nad_recommends_ba_sports_nutrition_halt_certain_clai_2017_362e2d_0486,assessable_claim,misses,This is a self-contained advertising claim implying superiority over other sports drinks.,upgrade to a natural sports drink
harv_ev_nad_nad_recommends_reckitt_benckiser_discontinue_certain_2019_0993b6_0490,assessable_claim,misses,This is a self-contained advertising claim comparing Air Wick's fragrance dispersion technology to Febreze and promising to fill every corner with fragrance.,"You don’t live in one corner. Fragrance shouldn’t either. Air Wick’s new technology releases fragrance upwards and outwards, unlike Febreze. So now, you can fill every corner with Fragrance"
harv_ev_nad_nad_recommends_reckitt_benckiser_discontinue_certain_2019_0993b6_0491,assessable_claim,misses,This is a direct call to action implying superiority of Air Wick.,Upgrade to Air Wick
harv_ev_nad_nad_recommends_reckitt_benckiser_discontinue_certain_2019_0993b6_0494,assessable_claim,misses,This is a self-contained advertising claim about Air Wick's fragrance dispersion technology and its ability to fill every corner with fragrance.,"You don’t live in one corner. Fragrance shouldn’t either. Air Wick’s new technology releases fragrance upwards and outwards. So now, you can fill every corner with Fragrance"
harv_ev_nad_nad_recommends_reckitt_benckiser_discontinue_certain_2019_0993b6_0495,assessable_claim,misses,This is a self-contained advertising claim about the product's design and its intended benefit.,Designed to Fill Every Corner with Fragrance
harv_ev_nad_nad_recommends_serta_modify_discontinue_certain_comp_2013_0c5b0a_0496,assessable_claim,fires,This is a self-contained advertising claim comparing the cooling properties of a material to ordinary memory foam.,Our cool action material sleeps cooler than ordinary memory foam
harv_ev_nad_nad_recommends_reckitt_benckiser_discontinue_no_stre_2019_f5d9dc_0500,assessable_claim,misses,This is a self-contained advertising claim about the longevity of clothes.,Clothes Look New For Longer
harv_ev_nad_nad_recommends_reckitt_benckiser_discontinue_no_stre_2019_f5d9dc_0501,assessable_claim,misses,This is a self-contained advertising claim about restoring color.,Brings Back the Color
harv_ev_nad_nad_recommends_reckitt_benckiser_discontinue_no_stre_2019_f5d9dc_0502,assessable_claim,fires,This is a self-contained advertising claim about removing pilling and fuzz.,Removes Pilling & Fuzz
harv_ev_nad_nad_recommends_reckitt_benckiser_discontinue_no_stre_2019_f5d9dc_0503,assessable_claim,misses,"This is a self-contained advertising claim about preventing stretching, shrinking, or fading.","No Stretching, Shrinking, or Fading"
harv_ev_nad_nad_recommends_reckitt_benckiser_discontinue_no_stre_2019_f5d9dc_0504,assessable_claim,misses,This is a self-contained advertising claim about maintaining the new look of clothes after a specific number of washes.,Keeps Clothes Looking Like New After 30 Washes
harv_ev_nad_nad_recommends_reckitt_benckiser_discontinue_no_stre_2019_f5d9dc_0505,assessable_claim,misses,This is a self-contained advertising claim about maintaining the new look of high-tech fabrics after a specific number of washes.,Keeps Your High-Tech Fabrics Looking Like New for 30 Washes
harv_ev_nad_nad_reviews_advertising_for_zicam_products_2009_4e214e_0506,assessable_claim,misses,This is a self-contained advertising claim about the effect of taking Zicam Cold Remedy.,Taking Zicam Cold Remedy at the first sign of a cold: Reduces the duration of the common cold
harv_ev_nad_nad_recommends_envirocon_discontinue_certain_claims__2013_216f65_0508,assessable_claim,misses,This is a self-contained advertising claim asserting unique effectiveness.,It’s the only thing that works
harv_ev_nad_nad_finds_talking_rain_can_support_certain_claims_re_2014_c7b304_0511,assessable_claim,misses,This is a self-contained descriptive claim about a product's ingredients and nature.,Naturally flavored sparkling mountain spring water
harv_ev_nad_nad_finds_chrysler_can_support_most_awarded_claim_fo_2012_0cedeb_0518,fragment,misses,"This is a verb phrase without a subject, making it a fragment. It's unclear who 'invented' or what 'invented' refers to without more context.",invented the premium SUV
harv_ev_nad_nad_recommends_squaretrade_modify_discontinue_certai_2015_eb77d9_0519,assessable_claim,fires,This is a self-contained advertising claim making a comparative assertion about warranty quality and price.,Best Warranty at the Best Price
harv_ev_nad_nad_recommends_metabolic_research_modify_discontinue_2010_527a7f_0520,assessable_claim,misses,This is a self-contained advertising claim listing benefits experienced by users of a product.,People who take Stemulite Experience: Deep REM Sleep Increased Muscle Gain and Endurance Increased Wellness and Energy
harv_ev_nad_nad_recommends_metabolic_research_modify_discontinue_2010_527a7f_0521,assessable_claim,misses,This is a self-contained advertising claim about achieving athletic performance naturally with a specific product.,Achieve Peak Athletic Performance Naturally with Stemulite all-natural Fitness Formula
harv_ev_caru_caru_recommends_conagra_modify_broadcast_advertising_2010_339d88_0525,not_a_claim,misses,"This text contains a mix of promotional statements, disclaimers, and instructions, rather than a single, self-contained advertising claim about a product's features or benefits.","You can win Krazy Combo Ka$h, good for all kinds of prizes. Many will enter, few will win. Ask a parent’s permission before going online"
harv_ev_nad_nad_recommends_choice_home_warranty_modify_discontin_2020_dd3734_0529,fragment,misses,This is a phrase that needs context to be a full claim. 'About a dollar a day' for what? It's incomplete.,about a dollar a day
harv_ev_nad_nad_recommends_mom_brands_discontinue_taste_test_cla_2014_b1e0d3_0530,assessable_claim,misses,This is a self-contained comparative advertising claim based on a taste test.,Malt-O-Meal Dyno-Bites Cereal Preferred Over Post Pebbles Cereal
harv_ev_nad_nad_refers_claims_made_by_nature_works_best_cancer_c_2016_2ce3db_0532,assessable_claim,fires,This is a self-contained comparative advertising claim about results from a cancer clinic.,Better results than any other cancer clinic over the last 8 years
harv_ev_nad_nad_finds_comparative_fda_approved_label_indications_2019_4bac3c_0533,not_a_claim,misses,"This appears to be a rhetorical question followed by a negative statement, likely part of a larger narrative or dialogue, not a direct advertising claim about a product's benefits.",Allergies with sinus congestion and pressure? You won’t find relief here
harv_ev_nad_nad_finds_comparative_fda_approved_label_indications_2019_4bac3c_0542,fragment,misses,"This is a descriptive phrase, but it's not a complete claim. It needs more context to understand what is being said about sinus congestion and pressure.",sinus congestion and pressure
harv_ev_nad_nad_reviews_advertising_for_usb_flexperks_visa_follo_2009_ee915b_0546,fragment,misses,This is a comparative phrase that is incomplete. 'Half as Many Places' needs to specify 'as many places as what?' to be a full claim.,Half as Many Places
harv_ev_narb_narb_panel_recommends_unilever_discontinues_certain__2014_e03314_0550,assessable_claim,fires,This is a self-contained advertising claim making a comparative statement about a new product's gentleness.,Even moisturizing body washes can be harsh. New Dove is different
harv_ev_narb_narb_panel_recommends_unilever_discontinues_certain__2014_e03314_0551,not_a_claim,fires,"This is a rhetorical question, not a direct advertising claim about a product's features or benefits.",Doesn’t Your Skin Deserve The ‘Proven Best Care’?
harv_ev_nad_nad_recommends_goodnighties_discontinue_all_claims_a_2013_f47d78_0560,assessable_claim,fires,This is a self-contained advertising claim about the physiological effects of a product.,"increases oxygen flow in blood cells to help rest, recover and restore tired achy muscles"
harv_ev_nad_nad_recommends_goodnighties_discontinue_all_claims_a_2013_f47d78_0561,assessable_claim,fires,This is a self-contained advertising claim about the effects of a product on sleep patterns and waking state.,You will enter a REM (Rapid Eye Movement) sleeping state quicker and stay there longer allowing you to wake refreshed and ready to brave the day!
harv_ev_nad_nad_recommends_goodnighties_discontinue_all_claims_a_2013_f47d78_0562,assessable_claim,fires,This is a self-contained advertising claim that can be assessed for substantiation.,Goodnighties is the most advanced sleepwear on the market
harv_ev_nad_nad_refers_advertising_claims_by_geerpres_to_ftc_aft_2020_648d44_0565,assessable_claim,misses,This is a self-contained advertising claim that can be assessed for substantiation.,Made in the USA
harv_ev_narb_narb_refers_advertising_claims_made_by_neurocore_to__2020_4637f2_0569,assessable_claim,fires,This is a self-contained advertising claim presenting specific results that can be assessed.,Clients Who Completed Our Program Have reported . . . 84% experienced a noticeable reduction of Depressive symptoms . . . 67% no longer met symptomatic thresholds for Depression
harv_ev_narb_narb_refers_advertising_claims_made_by_neurocore_to__2020_4637f2_0570,not_a_claim,fires,"This appears to be a testimonial or narrative statement, not a direct advertising claim made by the advertiser.",I was looking for a drug-free alternative or at least supplement to the low dose of medications
harv_ev_dssrc_dssrc_income_and_incentive_trip_claims_to_ftc_2019_179633_0573,not_a_claim,fires,"This is a list of expenses or desires, not an advertising claim.","Groceries ?? Credit card debts ?? private school tuition ???????? bills ?? vacations ?? cars ?? homes ?? tithe more ???? , hobbies/sports for kids ???????????? , etc"
harv_ev_nad_nad_recommends_bausch_lomb_discontinue_challenged_su_2017_99f05d_0575,assessable_claim,fires,This is a self-contained advertising claim that can be assessed for substantiation.,provides superior all-day comfort
harv_ev_nad_nad_recommends_bausch_lomb_discontinue_challenged_su_2017_99f05d_0577,assessable_claim,fires,This is a self-contained advertising claim that can be assessed for substantiation.,superior comfort upon insertion
harv_ev_nad_nad_recommends_bausch_lomb_discontinue_challenged_su_2017_99f05d_0578,assessable_claim,fires,This is a self-contained advertising claim that can be assessed for substantiation.,superior comfort at end of day
harv_ev_nad_nad_recommends_directv_discontinue_worry_free_reliab_2018_0cfdcc_0579,assessable_claim,misses,"This is a self-contained advertising claim, refuting a potential negative, which can be assessed.",My signal will go out. Wrong
harv_ev_nad_nad_finds_t_mobile_s_crowdsourced_data_can_serve_as__2015_877fd0_0580,assessable_claim,misses,This is a self-contained advertising claim that can be assessed for substantiation.,T-Mobile Network has MORE Data Capacity
harv_ev_nad_nad_finds_t_mobile_s_crowdsourced_data_can_serve_as__2015_877fd0_0581,assessable_claim,misses,"This is a self-contained advertising claim explaining a design choice with an implied benefit, which can be assessed.","That’s why we designed our network differently, with cell towers closer together"
harv_ev_nad_nad_finds_t_mobile_s_crowdsourced_data_can_serve_as__2015_877fd0_0582,assessable_claim,misses,This is a self-contained advertising claim implying a benefit (no data jamming) that can be assessed.,Don’t let a packed house … jam your data
harv_ev_nad_nad_finds_t_mobile_s_crowdsourced_data_can_serve_as__2015_877fd0_0583,assessable_claim,misses,This is a self-contained advertising claim implying a benefit (no data shutdown) that can be assessed.,Don’t let a capacity crowd … shut out your data
harv_ev_nad_nad_finds_t_mobile_s_crowdsourced_data_can_serve_as__2015_877fd0_0584,assessable_claim,misses,This is a self-contained advertising claim implying a benefit (no data traffic jam) that can be assessed.,Data rush hour … without a traffic jam
harv_ev_nad_nad_finds_t_mobile_s_crowdsourced_data_can_serve_as__2015_877fd0_0585,assessable_claim,misses,This is a self-contained advertising claim that can be assessed for substantiation.,T-Mobile Network MORE Data Capacity
harv_ev_nad_nad_finds_t_mobile_s_crowdsourced_data_can_serve_as__2015_877fd0_0586,assessable_claim,misses,This is a self-contained advertising claim making a comparative statement that can be assessed for substantiation.,T-Mobile’s network has more data capacity per customer than Verizon and AT&T
harv_ev_nad_nad_recommends_skyline_discontinue_certain_performan_2019_7763b5_0588,fragment,misses,The claim 'Skyline pepper spray can go the' is incomplete and lacks context to be assessable.,Skyline pepper spray can go the
harv_ev_nad_nad_recommends_skyline_discontinue_certain_performan_2019_7763b5_0590,assessable_claim,misses,This is a self-contained advertising claim describing a product feature and benefit that can be assessed.,contains invisible UV dye for assailant verification days after use
harv_ev_nad_nad_refers_health_claims_made_for_adderin_supplement_2017_1a66ee_0592,assessable_claim,misses,This is a self-contained advertising claim about a product's effect that can be assessed for substantiation.,Drastically increase long term memory
harv_ev_nad_nad_refers_health_claims_made_for_adderin_supplement_2017_1a66ee_0593,assessable_claim,fires,This is a self-contained advertising claim about a product's effect that can be assessed for substantiation.,Improves your energy levels
harv_ev_nad_nad_refers_health_claims_made_for_adderin_supplement_2017_1a66ee_0594,assessable_claim,misses,This is a self-contained advertising claim about a product's effect that can be assessed for substantiation.,Continually increased brain performance
harv_ev_narb_narb_recommends_clarion_brands_modify_discontinue_cl_2016_755067_0596,assessable_claim,misses,This is a self-contained advertising claim about a product's effect that can be assessed for substantiation.,helps ease the ear ringing that characterizes tinnitus
harv_ev_nad_nad_finds_church_dwight_can_support_performance_clai_2014_257880_0601,assessable_claim,misses,This is a self-contained advertising claim about product benefits that can be assessed for substantiation.,"More of the wow. None of the worry. Get whiter whites, without the worry of chlorine damage"
harv_ev_nad_nad_recommends_french_s_food_modify_discontinue_chal_2016_a6a343_0606,assessable_claim,fires,This is a self-contained advertising claim about product ingredients that can be assessed for substantiation.,French’s: We promise real ingredients
harv_ev_nad_nad_recommends_french_s_food_modify_discontinue_chal_2016_a6a343_0607,assessable_claim,misses,This is a self-contained advertising claim about product ingredients that can be assessed for substantiation.,French’s: only real ingredients
harv_ev_nad_nad_recommends_french_s_food_modify_discontinue_chal_2016_a6a343_0608,not_a_claim,misses,"This is a narrative statement, not an advertising claim about a product's features or benefits.",I promised my mom I would stay off high-fructose corn syrup
harv_ev_nad_nad_recommends_french_s_food_modify_discontinue_chal_2016_a6a343_0609,assessable_claim,fires,This is a self-contained advertising claim stating that French's has no high fructose corn syrup and uses only real ingredients.,Moms know best … French’s has no high fructose corn syrup … French’s … only real ingredients
harv_ev_nad_nad_recommends_french_s_food_modify_discontinue_chal_2016_a6a343_0610,assessable_claim,fires,This is a direct advertising claim about the use of real ingredients.,We promise real ingredients
harv_ev_nad_nad_recommends_continental_tire_modify_certain_adver_2010_b3944f_0612,assessable_claim,fires,This is a comparative advertising claim about performance being better than a competitor's product.,Performance…Better than Michelin Tires
harv_ev_nad_nad_recommends_french_s_discontinue_facebook_commerc_2017_aa7d13_0613,fragment,misses,"This is a fragment. It's a question or a lead-in, not a complete claim about the product's taste or its reasons.",why our ketchup tastes great
harv_ev_nad_nad_examines_fareportal_s_search_engine_marketing_in_2014_d71b6e_0622,assessable_claim,misses,This is an advertising claim about a specific price for airfares to a destination.,Houston $171 Airfares – CheapOair.com
harv_ev_nad_nad_finds_energizer_can_support_10_year_claim_for_en_2014_97ad15_0625,assessable_claim,fires,This is a self-contained advertising claim about the battery's ability to hold power for up to 10 years.,"Everyone needs a battery they can rely on. Energizer® MAX® batteries are now designed to hold power for up to 10 years*, so you’ll always have power when you need it most"
harv_ev_nad_nad_examines_advertising_for_ecc_online_apprentice_p_2009_006328_0627,not_a_claim,misses,"This appears to be a description of a condition of employment or training, not an advertising claim about a product or service benefit.",work for free for a while
harv_ev_nad_nad_refers_advertising_for_xlear_s_spry_dental_defen_2013_405719_0630,assessable_claim,fires,This is a self-contained advertising claim about the product's ability to protect teeth with scientifically-proven all-natural xylitol.,Protect your teeth with scientifically-proven all-natural xylitol
harv_ev_nad_silver_star_brands_says_it_will_discontinue_juniorsl_2016_684c19_0634,assessable_claim,fires,"This is a self-contained advertising claim about the product's potency, ease of ingestion, and absorption.","More potent, easily ingested remedy that is easy for the body to absorb"
harv_ev_nad_silver_star_brands_says_it_will_discontinue_juniorsl_2016_684c19_0635,assessable_claim,misses,This is a self-contained advertising claim about the product's ability to address comfort eating.,Addresses the tendency to comfort eat
harv_ev_nad_silver_star_brands_says_it_will_discontinue_juniorsl_2016_684c19_0636,assessable_claim,fires,This is a self-contained advertising claim about the product's ability to reduce side effects.,Significantly reduces the likelihood of side effects
harv_ev_nad_nad_finds_rainbow_light_took_necessary_action_in_dis_2013_3dba1e_0640,assessable_claim,fires,This is a self-contained advertising claim about the product's formulation to reduce fine lines and support mood.,Omega Skin and Mood is formulated to reduce fine lines and support a healthy mood
harv_ev_nad_nad_finds_rainbow_light_took_necessary_action_in_dis_2013_3dba1e_0641,assessable_claim,misses,This is a self-contained advertising claim about the product's ability to combat environmental pollutants and sun damage.,Combat environmental pollutants and sun damage
harv_ev_nad_nad_recommends_generac_modify_discontinue_certain_cl_2012_5bdd26_0642,assessable_claim,misses,This is a self-contained comparative advertising claim about being the most environmentally friendly generator.,most environmentally friendly generator on the market
harv_ev_nad_nad_recommends_generac_modify_discontinue_certain_cl_2012_5bdd26_0643,assessable_claim,misses,This is a self-contained comparative advertising claim about offering the highest output.,Generac units offer the highest output of any generator of its kind
harv_ev_nad_nad_apec_made_in_usa_claims_2019_cbc3b1_0644,assessable_claim,misses,This is a self-contained advertising claim about being a top-rated U.S. manufacturer.,Top rated U.S. Manufacturer
harv_ev_nad_nad_recommends_viewsonic_discontinue_certain_claims__2017_cca61a_0647,fragment,fires,"This is a fragment. 'Superior color performance claims' describes a type of claim, not an actual claim itself.",superior color performance claims
harv_ev_nad_nad_recommends_conagra_discontinue_certain_comparati_2012_bdfc09_0651,assessable_claim,misses,This is a self-contained comparative advertising claim about being preferred over a leading product.,PREFERRED over the leading Meat Lasagna
harv_ev_nad_nad_recommends_conagra_discontinue_certain_comparati_2012_bdfc09_0652,assessable_claim,misses,This is a self-contained comparative advertising claim about preference over a competitor's product.,Marie Callender’s multi-serve lasagna… is preferred nearly two to one over Stouffer’s
harv_ev_nad_nad_recommends_conagra_discontinue_certain_comparati_2012_bdfc09_0655,assessable_claim,misses,This is a self-contained comparative advertising claim about preference over a competitor's product.,preferred nearly two to one over Stouffer’s
harv_ev_nad_nad_recommends_conagra_modify_or_discontinue_steam_n_2014_dae431_0656,assessable_claim,misses,This is a self-contained advertising claim about the method of peeling tomatoes.,"We peel our tomatoes with steam, not lye"
harv_ev_nad_nad_recommends_farnam_modify_discontinue_certain_cla_2012_32d626_0658,assessable_claim,fires,This is a self-contained advertising claim about the product's speed of action.,starts to kill fleas and ticks in 15 minutes
harv_ev_nad_nad_recommends_farnam_modify_discontinue_certain_cla_2012_32d626_0659,assessable_claim,fires,This is a self-contained advertising claim about the product's speed of action.,starts killing fleas and ticks in 15 minutes
harv_ev_nad_nad_recommends_goya_discontinue_claim_that_excelsior_2019_92ab38_0660,assessable_claim,misses,This is a self-contained advertising claim about the product's popularity.,Puerto Rico’s Favorite Pasta
harv_ev_nad_nad_examines_advertising_for_s_c_johnson_glade_fabri_2019_57d783_0662,assessable_claim,misses,This is a self-contained comparative claim that can be assessed for substantiation.,penetrates deeper than Febreze on carpet
harv_ev_nad_nad_verizon_5g_tv_claims_2020_e7fcb6_0668,assessable_claim,misses,This is a self-contained claim about the capacity and experience of 5G with ultra-wideband.,"massive capacity of 5G with ultra-wideband so more streaming, screaming, posting fans can experience 5G all at once"
harv_ev_nad_nad_verizon_5g_tv_claims_2020_e7fcb6_0669,assessable_claim,fires,This is a self-contained claim about Verizon building the most powerful 5G experience.,Verizon is building the most powerful 5G experience for America
harv_ev_nad_nad_recommends_sharkninja_discontinue_better_best_ov_2018_509e15_0675,assessable_claim,misses,This is a self-contained claim about 'Better Overall Bare Floor Cleaning' which can be assessed.,Better Overall Bare Floor Cleaning
harv_ev_nad_nad_recommends_sharkninja_discontinue_better_best_ov_2018_509e15_0676,assessable_claim,misses,This is a self-contained comparative claim about suction at the hose.,"more pure, raw suction at the hose than the Dyson Cinetic Big Ball"
harv_ev_nad_nad_recommends_doskocil_discontinue_certain_anti_mic_2018_46c139_0678,assessable_claim,misses,This is a self-contained claim about inhibiting the growth of odor-causing bacteria.,Inhibits the Growth of Odor-Causing Bacteria on the Pan
harv_ev_nad_nad_recommends_doskocil_discontinue_certain_anti_mic_2018_46c139_0679,assessable_claim,misses,This is a self-contained claim about Microban preventing the growth of bacteria.,Microban helps prevent the growth of stain and odor causing bacteria
harv_ev_nad_nad_recommends_alcon_discontinue_certain_claims_for__2014_8bbabb_0680,assessable_claim,fires,This is a self-contained claim about 'superior surface deposit resistance'.,superior surface deposit resistance
harv_ev_nad_nad_recommends_alcon_discontinue_certain_claims_for__2014_8bbabb_0681,assessable_claim,misses,This is a self-contained claim about resisting lipids and deposits.,Resists Lipids & Deposits
harv_ev_nad_nad_recommends_alcon_discontinue_certain_claims_for__2014_8bbabb_0682,assessable_claim,fires,This is a self-contained claim about a 'Superior Surface with Moisture and Consistent Comfort'.,Superior Surface with Moisture and Consistent Comfort
harv_ev_nad_dannon_company_general_mills_participate_in_nad_foru_2009_8f44d5_0684,not_a_claim,misses,"This appears to be a product name, not an advertising claim.",Light & Fit 0% Plus Yogurt
harv_ev_nad_nad_recommends_colgate_discontinue_comparative_speed_2012_ccee53_0686,assessable_claim,misses,This is a self-contained claim about getting to the nerve faster for long-lasting relief.,Gets to the nerve faster for long-lasting relief
harv_ev_nad_nad_recommends_colgate_discontinue_comparative_speed_2012_ccee53_0687,assessable_claim,fires,This is a self-contained claim about rushing to the nerve for faster relief and a superior formula.,Rushes to the nerve for faster relief. Superior formula delivers potassium nitrate to the nerve more quickly for faster relief
harv_ev_nad_nad_finds_prophase_can_support_certain_durational_cl_2013_3f6a17_0692,assessable_claim,misses,This is a self-contained claim about clinical studies showing reduction in cold duration and severity.,Clinical Studies have shown: the Cold-EEZE proprietary formula reduces the duration and severity of colds by nearly half
harv_ev_nad_nad_finds_prophase_can_support_certain_durational_cl_2013_3f6a17_0693,assessable_claim,misses,This is a self-contained claim about shortening a cold by taking the product.,"Take Cold-EEZE at the first sign, or anytime, to shorten your cold"
harv_ev_nad_nad_dr_hos_circulation_promoter_claims_2020_7884a3_0696,assessable_claim,misses,"This is a self-contained claim about clinical testing and improvements in circulation, muscle relaxation, and pain relief.","Clinically Tested - Improves Circulation, Relax Muscles, Relieve Pain"
harv_ev_nad_nad_dr_hos_circulation_promoter_claims_2020_7884a3_0698,assessable_claim,fires,"This is a self-contained claim about immediate pain relief, including specific types and timeframes.",Immediate Pain Relief/back pain/no pain/pain relief guaranteed/in 20 minutes
harv_ev_nad_nad_dr_hos_circulation_promoter_claims_2020_7884a3_0699,assessable_claim,misses,"This is a self-contained claim about activating the arteries, vein, and lymphatic system.","activate the arteries, vein and lymphatic system"
harv_ev_nad_nad_dr_hos_circulation_promoter_claims_2020_7884a3_0700,assessable_claim,misses,This is a self-contained claim about reducing swelling and water retention.,reduce swelling and water retention
harv_ev_nad_nad_dr_hos_circulation_promoter_claims_2020_7884a3_0701,assessable_claim,misses,"This is a self-contained claim about improving walking, standing, overall function, and relief from damage.",Walk better; stand better; everything is working better; relief from damage to your spine and joints
harv_ev_nad_nad_dr_hos_circulation_promoter_claims_2020_7884a3_0702,assessable_claim,misses,This is a self-contained claim about living a more active life.,Live a more active life
harv_ev_nad_nad_dr_hos_circulation_promoter_claims_2020_7884a3_0703,assessable_claim,fires,This is a self-contained claim about stopping wasting time with endless appointments.,stop wasting time with endless appointments
harv_ev_nad_nad_dr_hos_circulation_promoter_claims_2020_7884a3_0704,not_a_claim,misses,"This is a personal statement or testimonial, not a general advertising claim made by the advertiser.",I suffer nerve damage in my feet and some in my legs
harv_ev_nad_nad_recommends_neutrogena_discontinue_sunscreen_barr_2013_2ab57b_0709,assessable_claim,misses,This is a self-contained claim about the product being a 'sun + water barrier lotion'.,sun + water barrier lotion
harv_ev_caru_caru_recommends_dave_buster_s_discontinue_free_play__2015_a0a5b0_0710,assessable_claim,fires,This is a self-contained offer for free video games under certain conditions.,Just tell us ‘kids rule’ and you can play video games free until 3!
harv_ev_nad_daimler_trucks_navistar_participate_in_nad_forum_2008_0c9ab8_0712,assessable_claim,fires,This is a self-contained advertising claim that makes specific assertions about fuel efficiency and aerodynamics.,We have more than the most fuel efficient design…its official. Cascadia is the most aerodynamic truck on the planet…And a truck with less aerodynamic drag means better fuel efficiency and savings at the pump
harv_ev_caru_caru_recommends_hasbro_modify_advertising_for_inquis_2015_269227_0718,assessable_claim,misses,This is a self-contained advertising claim describing a product and its features.,Star Wars Rebels. The new Inquisitor Lightsaber with three ways to battle
harv_ev_nad_nad_recommends_vpx_discontinue_certain_claims_for_me_2012_2be0a1_0720,assessable_claim,fires,This is a self-contained advertising claim comparing the release rates of vitamins and minerals in two products.,"Top selling sports nutrition vitamin pack: released 8% riboflavin, 1.5% zinc and 0.75% calcium. Medivin: released 84% riboflavin, 96% zinc and 100% calcium"
harv_ev_nad_nad_recommends_vpx_discontinue_certain_claims_for_me_2012_2be0a1_0721,assessable_claim,misses,This is a self-contained advertising claim making a general statement about absorption and utilization.,"it’s not the amount you take, it’s what you absorb and utilize"
harv_ev_nad_nad_recommends_stoner_discontinue_challenged_adverti_2014_ac93ab_0723,assessable_claim,fires,This is a self-contained advertising claim making a comparative statement about product power.,Invisible Glass is more powerful than any other glass cleaner on the market
harv_ev_nad_nad_recommends_stoner_discontinue_challenged_adverti_2014_ac93ab_0724,assessable_claim,misses,This is a self-contained advertising claim making a comparative statement about product performance.,Invisible Glass is more powerful for faster cleaning and invisible clarity
harv_ev_nad_nad_recommends_stoner_discontinue_challenged_adverti_2014_ac93ab_0725,assessable_claim,fires,This is a self-contained advertising claim making a comparative statement about product formula and power.,Invisible Glass has a ClearDry formula that’s more powerful than ‘blue water’ glass cleaners
harv_ev_nad_nad_finds_church_dwight_can_support_2_1_preference_c_2012_48167c_0727,assessable_claim,misses,This is a self-contained advertising claim making a comparative preference statement.,preferred 2 to 1 vs. the leading Free detergent
harv_ev_nad_nad_recommends_microgreen_polymers_discontinue_chall_2015_694c77_0729,assessable_claim,misses,This is a self-contained advertising claim implying the origin or recycled nature of a product.,I used to be a water bottle
harv_ev_nad_nad_recommends_microgreen_polymers_discontinue_chall_2015_694c77_0730,assessable_claim,misses,This is a self-contained advertising claim encouraging recycling of a specific product.,Please recycle this InCycle cup
harv_ev_nad_nad_recommends_microgreen_polymers_discontinue_chall_2015_694c77_0731,assessable_claim,misses,This is a self-contained advertising claim about the recyclability of a product.,They can be recycled again and again
harv_ev_nad_nad_recommends_schick_modify_discontinue_certain_cla_2011_155288_0732,assessable_claim,fires,This is a self-contained advertising claim making a superlative statement about product performance.,best shave for your skin
harv_ev_nad_nad_recommends_schick_modify_discontinue_certain_cla_2011_155288_0733,assessable_claim,fires,This is a self-contained advertising claim making a comparative statement about product performance.,It’s a Better Shave than Mach 3
harv_ev_nad_nad_recommends_tyratech_discontinue_performance_effi_2015_1aa1c0_0735,assessable_claim,fires,This is a self-contained advertising claim making a specific quantifiable performance claim.,Kills 100% of lice and eggs in 15 minutes
harv_ev_nad_nad_recommends_tyratech_discontinue_performance_effi_2015_1aa1c0_0737,assessable_claim,misses,This is a self-contained advertising claim making a specific performance claim about application.,Kills lice and eggs in one application
harv_ev_nad_nad_recommends_tyratech_discontinue_performance_effi_2015_1aa1c0_0738,assessable_claim,fires,This is a self-contained advertising claim making a specific quantifiable performance claim about speed.,Results in 15 minutes
harv_ev_nad_nad_recommends_tyratech_discontinue_performance_effi_2015_1aa1c0_0739,assessable_claim,fires,This is a self-contained advertising claim making a specific quantifiable performance claim about efficacy.,proven to kill 100% of resistant head lice
harv_ev_nad_nad_refers_advertising_for_brain_research_labs_proce_2014_a13dbe_0741,fragment,fires,"The claim is cut off at the end with 'and claims that the product is', making it incomplete and not fully assessable.",clinically shown to restore the memory and brain power you had 10-15 years ago and claims that the product is
harv_ev_nad_nad_refers_advertising_for_brain_research_labs_proce_2014_a13dbe_0742,assessable_claim,misses,This is a self-contained advertising claim describing the function of an ingredient.,"vinpocetine, a substance that helps deliver increased oxygen and glucose to your brain"
harv_ev_nad_nad_finds_kimberly_clark_can_support_preferred_claim_2012_8ce8f9_0745,assessable_claim,fires,This is a self-contained advertising claim making a comparative statement about product capacity.,HUGGIES Little Snugglers Diapers hold more than Pampers Swaddlers with Dry Max
harv_ev_nad_nad_finds_kimberly_clark_can_support_preferred_claim_2012_8ce8f9_0746,assessable_claim,fires,This is a self-contained advertising claim making a comparative statement about product absorbency.,HUGGIES Little Snugglers are more absorbent than Pampers Swaddlers with Dry Max
harv_ev_nad_nad_finds_bayer_healthcare_can_support_certain_claim_2011_72ee36_0747,assessable_claim,fires,This is a self-contained advertising claim making a specific quantifiable performance claim.,significantly increase bone density up to 5%
harv_ev_nad_nad_finds_bayer_healthcare_can_support_certain_claim_2011_72ee36_0748,not_a_claim,misses,"This appears to be a product name or a descriptive phrase, not a self-contained advertising claim.",PLUS Bone Density Builder
harv_ev_nad_nad_recommends_novartis_discontinue_onset_of_action__2015_6a9acc_0751,assessable_claim,fires,This is a self-contained advertising claim making a specific quantifiable performance claim about speed of action.,starts to get to work in your body in 5 minutes
harv_ev_nad_nad_recommends_cover_three_discontinue_claims_that_b_2020_ee5b93_0758,not_a_claim,misses,"This text appears to be a slogan or a narrative statement rather than a specific, verifiable advertising claim about a product's features or benefits.",Return: Issues do not have to define you. Regenerate the past
harv_ev_nad_nad_recommends_comcast_discontinue_claims_challenged_2017_4d9aae_0761,fragment,misses,This is a fragment of a sentence and does not constitute a self-contained advertising claim. It's missing the main clause that would complete the thought.,"there is rain, storms, hail or high winds, it is a certainty that consumers will experience"
harv_ev_nad_nad_recommends_behr_discontinue_number_one_claim_mad_2018_05dd15_0768,assessable_claim,fires,This is a self-contained advertising claim making a superlative statement about the product.,"Best Paints, Best Brands"
harv_ev_nad_landfill_waste_biodegradability_2020_2a8bed_0769,assessable_claim,fires,This is a self-contained advertising claim stating the composition of a product.,Eco-One is 100% organic and non-starch based
harv_ev_nad_landfill_waste_biodegradability_2020_2a8bed_0770,fragment,fires,This is a fragment. It describes a characteristic ('proven methane off-gassing') but is missing the subject that possesses this characteristic and the full context of the claim.,"proven methane off-gassing, which allows it to be re-captured for energy"
harv_ev_nad_landfill_waste_biodegradability_2020_2a8bed_0771,assessable_claim,misses,This is a self-contained advertising claim stating a functional benefit of a product.,renders plastic products biodegradable
harv_ev_nad_landfill_waste_biodegradability_2020_2a8bed_0772,assessable_claim,misses,This is a self-contained advertising claim stating a specific benefit of a product in a particular environment.,Eco-One enhances the biodegradability of plastic products in biologically active landfills
harv_ev_caru_caru_recommends_build_a_bear_workshop_modify_future__2008_fc9f0d_0775,assessable_claim,misses,This is a self-contained advertising claim detailing a price point and an additional free offering.,You can make a new furry friend starting at $10.00 and continue the adventure online for free at Buildabear.com
harv_ev_caru_caru_recommends_build_a_bear_workshop_modify_future__2008_fc9f0d_0776,assessable_claim,misses,This is a self-contained advertising claim stating a starting price for a product category.,Animals starting at $10.00
harv_ev_narb_narb_recommends_coty_discontinue_claims_that_sally_h_2017_99e27a_0778,fragment,misses,This is a fragment. It describes a characteristic ('gel without the light') but is missing the product it refers to and the full context of the claim.,gel without the light
harv_ev_narb_narb_recommends_coty_discontinue_claims_that_sally_h_2017_99e27a_0779,fragment,fires,This is a fragment. It describes a duration of a benefit ('up to 14 days of color & shine') but is missing the product it refers to and the full context of the claim.,up to 14 days of color & shine
harv_ev_narb_narb_recommends_coty_discontinue_claims_that_sally_h_2017_99e27a_0780,fragment,misses,This is a fragment. It describes a characteristic ('gel without a light') but is missing the product it refers to and the full context of the claim.,gel without a light
harv_ev_nad_epson_to_voluntarily_discontinue_loaded_and_ready_cl_2016_5ce56e_0782,fragment,misses,This is a fragment. It describes a state ('loaded and ready with up to two years of ink in the box') but is missing the product it refers to and the full context of the claim.,loaded and ready with up to two years of ink in the box
harv_ev_nad_nad_refers_advertising_for_amilife_edc_fidget_spinne_2017_45de49_0786,fragment,misses,"This is a fragment. It lists benefits ('Great for anxiety, focusing, ADHD, autism') but is missing the product it refers to and the full context of the claim.","Great for anxiety, focusing, ADHD, autism"
harv_ev_nad_nad_finds_fareportal_cannot_support_certain_claims_m_2013_1c389d_0789,assessable_claim,misses,This is a self-contained advertising claim stating a quantity of a specific offering.,Over 100 Million Exclusive Wholesale Fares
harv_ev_nad_nad_recommends_cambridge_institute_for_better_vision_2011_d86ab3_0792,assessable_claim,fires,This is a self-contained advertising claim listing multiple benefits related to eye health.,"Promote Healthy Eyes, Protect Your Eyesight And Support Optimal Visual Functioning"
harv_ev_nad_nad_recommends_cambridge_institute_for_better_vision_2011_d86ab3_0793,not_a_claim,misses,"This is narrative text from a legal document, describing a personal experience, not a direct advertising claim.","Now his eye doctors tell us that his vision has completely stabilized. Needless to say, we’re both extremely pleased!"
harv_ev_nad_nad_recommends_rb_discontinue_certain_claims_for_muc_2014_a1e6eb_0794,assessable_claim,fires,This is a self-contained advertising claim detailing a unique product feature and its functional benefits.,Only Mucinex has a bi-layer tablet. One side starts fast in 8 minutes. The other side keeps on working for 12 hours
harv_ev_nad_nad_recommends_rb_discontinue_certain_claims_for_muc_2014_a1e6eb_0796,fragment,fires,This is a fragment. It describes a speed of action ('start in 8 minutes') but is missing the product it refers to and the full context of the claim.,start in 8 minutes
harv_ev_nad_reckitt_benckiser_discontinues_claims_modifies_packa_2009_51336f_0799,assessable_claim,fires,This is a self-contained advertising claim making a comparative statement about product performance and a resulting benefit.,New Finish Quantum. Our advanced technology cleans better than the leading Cascade product and leaves nothing behind but the Jet Dry shine
harv_ev_nad_telebrands_commits_to_discontinue_claims_for_amish_s_2015_de36bb_0803,assessable_claim,fires,This is a self-contained advertising claim offering a guarantee and stating product benefits.,"We guarantee our handmade formula will nourish your wood and restore that fresh clean shine, or you’ll get your money back"
harv_ev_nad_nad_recommends_reckitt_discontinue_certain_claims_th_2013_4363d2_0806,not_a_claim,misses,"This appears to be a descriptive phrase or a humorous juxtaposition, not a direct advertising claim about a product's benefit or feature that needs substantiation.",Mediterranean Lavender with a hint of … Fungi
harv_ev_nad_nad_recommends_reckitt_discontinue_certain_claims_th_2013_4363d2_0807,not_a_claim,misses,"This appears to be a descriptive phrase or a humorous juxtaposition, not a direct advertising claim about a product's benefit or feature that needs substantiation.",Sweet Citrus with a note of … E. coli
harv_ev_nad_nad_recommends_reckitt_discontinue_certain_claims_th_2013_4363d2_0808,assessable_claim,misses,This is a self-contained advertising claim making a statement about the efficacy of certain air fresheners regarding germ killing.,"Air fresheners like Febreze smell nice, but aren’t approved to kill the germs that cause odors"
harv_ev_narb_narb_recommends_unilever_discontinue_claims_made_in__2017_233bf6_0811,not_a_claim,misses,"This is a slogan or an imperative, not a factual claim about a product's features or benefits that requires substantiation.",Let Your Senses Decide
harv_ev_narb_narb_recommends_healthy_directions_discontinue_certa_2013_49bc05_0815,fragment,fires,"This is a fragment. It describes a scope of action ('formulated to work throughout your entire body, in EVERY joint from your neck and shoulders to your toes') but is missing the product it refers to and the full context of the claim.","formulated to work throughout your entire body, in EVERY joint from your neck and shoulders to your toes"
harv_ev_nad_nad_refers_advertising_by_greenfiber_to_ftc_after_co_2013_e44e3f_0816,assessable_claim,fires,"This is a self-contained advertising claim that makes a specific, quantifiable assertion about fire resistance compared to another product. A compliance reviewer could assess this for substantiation.",Proven 57% More Fire Resistant vs. Fiberglass
harv_ev_caru_caru_recommends_stabenfeldt_modify_advertising_priva_2009_7e6fca_0825,assessable_claim,fires,"This is a complete advertising claim offering a specific deal for joining a book club, including a price and conditions. It is self-contained and assessable.",Special Offer for Girls who Love Horses & Ponies…Join the #1 Horse Book Club and get this Giant Welcome Package for just $1. Plus shipping and handling
harv_ev_nad_hydro_toys_discontinues_environmental_claims_for_wat_2015_062766_0828,assessable_claim,misses,This is a self-contained advertising claim about the environmental friendliness of a product. It is clear and assessable for substantiation.,Our water balloons . . . are environmentally friendly
harv_ev_nad_nad_reviews_advertising_claims_for_rental_carpet_cle_2013_f1e4ed_0829,fragment,misses,This is a rhetorical question that relies on visual or contextual information ('That' and 'This') to convey its meaning. It is not a self-contained claim.,Why Settle for That When You Can Rent This?
harv_ev_nad_nad_reviews_advertising_claims_for_rental_carpet_cle_2013_f1e4ed_0830,fragment,misses,This is a rhetorical question that relies on visual or contextual information ('that' and 'this') to convey its meaning. It is not a self-contained claim.,"Why use a brush like that, when you can use a brush like this?"
harv_ev_nad_nad_reviews_advertising_claims_for_rental_carpet_cle_2013_f1e4ed_0833,assessable_claim,fires,This is a self-contained comparative claim about the cost of other carpet cleaners. It is clear and assessable.,Other carpet cleaners can cost 3 times more
harv_ev_nad_nad_recommends_heartland_discontinue_99_natural_clai_2010_8c996b_0835,assessable_claim,misses,This is a self-contained advertising claim about the product being 'Natural!' and a 'No calorie Sweetener'. It is clear and assessable.,Natural! No calorie Sweetener
harv_ev_nad_nad_recommends_heartland_discontinue_99_natural_clai_2010_8c996b_0836,assessable_claim,misses,"This is a self-contained advertising claim describing the product as a 'natural sweetener that tastes like sugar, bakes like sugar, without the calories'. It is clear and assessable.","everyone loves IDEAL, the new natural sweetener that tastes like sugar, bakes like sugar, without the calories"
harv_ev_nad_nad_recommends_heartland_discontinue_99_natural_clai_2010_8c996b_0837,assessable_claim,misses,This is a self-contained advertising claim suggesting the product is an 'Ideal replacement in your sugar bowl' and encourages to 'Sweeten the natural way!'. It is clear and assessable.,Ideal replacement in your sugar bowl … Sweeten the natural way!
harv_ev_nad_nad_recommends_heartland_discontinue_99_natural_clai_2010_8c996b_0838,assessable_claim,fires,"This is a self-contained advertising claim that poses a question and then provides an answer, 'More than 99% natural', which is a direct claim about the product's composition. It is assessable.",What makes Ideal different than the other no calorie sweeteners on the market currently? … More than 99% natural
harv_ev_nad_nad_recommends_heartland_discontinue_99_natural_clai_2010_8c996b_0839,assessable_claim,fires,"This is a direct, quantifiable claim about the product's natural content. It is self-contained and assessable.",more than 99% natural
harv_ev_nad_nad_reviews_advertising_for_dr_franks_s_joint_relief_2008_e6c113_0840,not_a_claim,misses,This appears to be a product name or a descriptive title rather than an advertising claim. It doesn't make a promise or assertion that needs substantiation.,Dr. Frank’s Joint Pain Relief for Dogs and Cats
harv_ev_nad_nad_reviews_advertising_for_dr_franks_s_joint_relief_2008_e6c113_0841,assessable_claim,misses,This is a self-contained advertising claim describing a process and its outcome ('the pain stops everywhere – it’s that simple'). It is clear and assessable.,"You spray, your pet drinks, and the pain stops everywhere – it’s that simple"
harv_ev_nad_nad_reviews_advertising_for_dr_franks_s_joint_relief_2008_e6c113_0842,assessable_claim,misses,This is a self-contained advertising claim describing a process and its outcome ('they live pain free'). It is clear and assessable.,"You spray, your pet drinks, and they live pain free"
harv_ev_nad_nad_reviews_advertising_for_dr_franks_s_joint_relief_2008_e6c113_0843,assessable_claim,misses,This is a self-contained advertising claim stating the product is 'specially formulated to stop joint pain'. It is clear and assessable.,Dr. Frank’s Joint Pain Relief for Dogs & Cats is specially formulated to stop joint pain
harv_ev_nad_nad_reviews_advertising_for_dr_franks_s_joint_relief_2008_e6c113_0844,assessable_claim,misses,This is a self-contained advertising claim describing the product's effect ('stops the pain...watch them run...stop limping'). It is clear and assessable.,"stops the pain of your dog or cat …watch them run up the stairs, run on the beach and stop limping"
harv_ev_nad_nad_recommends_murad_modify_environmental_shield_cla_2014_c9dd9c_0845,assessable_claim,fires,"This is a self-contained advertising claim with a specific, quantifiable assertion about fading spots and a timeframe. It is clear and assessable.",Clinically proven to fade spots by 33% in just one week
harv_ev_nad_nad_body_armor_sports_drinks_claims_2020_4524b7_0847,assessable_claim,fires,This is a self-contained comparative claim about the number of natural ingredients. It is clear and assessable.,More Natural Ingredients than Gatorade Thirst Quencher & Gatorade Zero
harv_ev_nad_nad_finds_plz_s_world_s_best_glass_cleaner_claim_to__2017_3b747c_0852,assessable_claim,misses,This is a self-contained factual claim about the product's origin and manufacturing history. It is assessable for accuracy.,Made in the USA since 1947
harv_ev_nad_nad_refers_advertising_claims_by_capillus_inc_to_ftc_2018_93fcfc_0854,assessable_claim,fires,"This is a self-contained advertising claim about the product's effectiveness in regrowing hair, supported by a 'clinically proven' assertion. It is clear and assessable.",Clinically proven to regrow hair
harv_ev_nad_nad_refers_advertising_claims_by_capillus_inc_to_ftc_2018_93fcfc_0855,assessable_claim,misses,This is a self-contained advertising claim about the product's preference among doctors worldwide. It is clear and assessable.,preferred choice of doctors worldwide
harv_ev_nad_nad_capital_one_commercials_2020_734564_0859,assessable_claim,misses,"This is a self-contained claim about a specific financial benefit ('redeemed $115,000 dollars in cash back') and its impact. It is assessable for accuracy.","I redeemed $115,000 dollars in cash back in just one year, which doubled our marketing budget last summer"
harv_ev_nad_nad_examines_advertising_from_intelligent_beauty_2007_86cba1_0861,assessable_claim,misses,This is a self-contained advertising claim promising the elimination of 'DARK CIRCLES & CROW’S FEET'. It is clear and assessable.,NO MORE DARK CIRCLES & CROW’S FEET
harv_ev_nad_nad_recommends_internet_order_modify_discontinue_cer_2013_1eae0f_0863,assessable_claim,fires,"This is a self-contained advertising claim with a specific, quantifiable promise about learning a language in a set timeframe. It is clear and assessable.",Learn a language in 10 days with Pimsleur
harv_ev_nad_nad_recommends_internet_order_modify_discontinue_cer_2013_1eae0f_0864,assessable_claim,fires,This is a self-contained advertising claim about the ease and method of language absorption. It is clear and assessable.,"You’ll absorb your new language effortlessly without any reading, writing or computer use"
harv_ev_nad_nad_recommends_internet_order_modify_discontinue_cer_2013_1eae0f_0867,assessable_claim,fires,This is a self-contained advertising claim that promises a specific outcome within a timeframe.,learn a language in 10 days
harv_ev_nad_nad_infinity_superfoods_covid_19_post_2020_9e54fd_0869,fragment,fires,This phrase is incomplete and requires context to understand what 'is needed more than ever'.,now is needed more than ever
harv_ev_caru_caru_recommends_ontel_modify_ad_claims_for_dream_lit_2013_36f4b2_0872,assessable_claim,misses,This is a self-contained claim about promoting a restful night's sleep.,promote a restful night’s sleep
harv_ev_nad_nad_recommends_kimberly_clark_modify_discontinue_cer_2018_6f9001_0873,assessable_claim,fires,This is a comparative claim about being the 'fastest growing brand in hospitals'.,fastest growing brand in hospitals
harv_ev_nad_nad_matys_cough_products_claims_2020_27afd5_0884,assessable_claim,misses,This is a self-contained claim about the product's function to clear mucus.,"works to . . . clear troublesome mucus due to dry, irritated throats"
harv_ev_nad_nad_matys_cough_products_claims_2020_27afd5_0885,not_a_claim,misses,"This is a general statement or slogan, not a specific advertising claim about a product's performance or characteristics.",feeling better should always be this simple
harv_ev_nad_nad_matys_cough_products_claims_2020_27afd5_0886,assessable_claim,misses,This is a self-contained claim about the product's ability to ease cold symptoms.,helps ease common cold symptoms
harv_ev_nad_nad_matys_cough_products_claims_2020_27afd5_0887,fragment,misses,This is an incomplete phrase. 'Great for' needs to be followed by what it is great for in an advertising context to be a full claim.,"great for . . . colds, allergies"
harv_ev_caru_caru_recommends_mga_entertainment_modify_packaging_f_2012_97dbf8_0890,assessable_claim,misses,This is a quantifiable claim about a product feature: 'Now with 100s of poses'.,Now with 100s of poses
harv_ev_nad_social_media_post_implying_continual_g_glutathione_e_2020_92b78f_0892,assessable_claim,misses,This is a direct claim linking glutathione to strong immunity.,Strong IMMUNITY Needs Glutathione
harv_ev_nad_social_media_post_implying_continual_g_glutathione_e_2020_92b78f_0893,not_a_claim,fires,"This is a general statement about the importance of immunity, not a specific claim about a product or service.",Building your immunity during these times is more important than ever
harv_ev_nad_nad_recommends_transfair_modify_language_accompanyin_2011_cef65a_0896,assessable_claim,fires,This is a specific claim about the certification of ingredients.,Fair Trade Certified Ingredients
harv_ev_nad_nad_recommends_transfair_modify_language_accompanyin_2011_cef65a_0897,not_a_claim,fires,"This appears to be a heading or a descriptive label for a product, not an advertising claim about its performance or benefits.",Fair Trade Product of the Week
harv_ev_nad_nad_recommends_transfair_modify_language_accompanyin_2011_cef65a_0898,assessable_claim,fires,This is a specific claim about the certification of an ingredient.,Fair Trade Certified Ingredient
harv_ev_nad_nad_recommends_transfair_modify_language_accompanyin_2011_cef65a_0899,assessable_claim,fires,This is a claim about the product's ability to 'help change the world' and being 'four of the best body care products on earth'.,help change the world with four of the best body care products on earth
harv_ev_nad_nad_recommends_capillus_discontinue_certain_claims_f_2017_2be56f_0900,assessable_claim,fires,This is a self-contained claim about the product's ability to prevent hair loss and regrow hair.,Capillus laser therapy caps prevent progression of hair loss and regrow thinning hair in a dignified manner
harv_ev_nad_nad_recommends_capillus_discontinue_certain_claims_f_2017_2be56f_0901,assessable_claim,fires,This is a comparative claim highlighting the product's ease of use and preference by doctors.,"Unlike laser comb devices, Capillus lasers require no effort from the user – making it a preferred choice of doctors worldwide"
harv_ev_nad_nad_recommends_new_nordic_discontinue_challenged_cla_2015_5fc8aa_0907,assessable_claim,misses,This is a self-contained claim about reducing wrinkle formation.,reduces the formation of wrinkles
harv_ev_nad_nad_recommends_new_nordic_discontinue_challenged_cla_2015_5fc8aa_0910,assessable_claim,misses,This is a self-contained claim about reducing the formation of new wrinkles.,Helps reduce the formation of new wrinkles
harv_ev_nad_nad_recommends_new_nordic_discontinue_challenged_cla_2015_5fc8aa_0911,assessable_claim,fires,This is a self-contained claim about promoting collagen formation.,Promotes the skin’s own formation of collagen
harv_ev_nad_nad_recommends_health_club_diet_llc_discontinue_heal_2018_67ff79_0912,assessable_claim,misses,"This is a comprehensive claim about the product's natural composition, patented technology, and effects on male desire, firmness, stamina, and sensitivity.","Androzene is an all-natural scientific breakthrough that uses patented technology to increase a man’s desire, firmness, stamina, and sensitivity"
harv_ev_nad_nad_recommends_comcast_discontinue_certain_comparati_2012_16b8fc_0913,assessable_claim,misses,This is a direct comparative claim between two services.,"U-VERSE can’t, XFINITY CAN"
harv_ev_nad_nad_recommends_comcast_discontinue_certain_comparati_2012_16b8fc_0914,assessable_claim,misses,This is a descriptive claim about the type of network.,advanced fiber optic network
harv_ev_nad_supplements_maker_legacy_labs_says_it_will_permanent_2016_41b621_0915,assessable_claim,misses,"This is a detailed claim about the product's formula and its benefits for learning, memory, focus, and concentration.","Cognitine contains a powerful, synergistic formula of nine heavily researching ingredients that support learning, memory, focus, and concentration"
harv_ev_nad_certain_advertising_claims_iq_natural_flooring_disco_2020_623131_0917,assessable_claim,misses,This is a specific claim about the product being the 'first homogeneous vinyl flooring made with 75% natural and renewable raw materials'.,iQ Natural is the first homogeneous vinyl flooring made with 75% natural and renewable raw materials
harv_ev_nad_nad_finds_t_mobile_took_necessary_proper_action_in_d_2012_22e018_0918,assessable_claim,misses,This is a self-contained advertising claim that can be assessed for truthfulness.,America’s Largest 4G Network
harv_ev_nad_nad_refers_advertising_for_phytozon_to_ftc_for_furth_2015_08b793_0919,assessable_claim,misses,This is a self-contained advertising claim about a health benefit.,Helped Manage My Breast Cancer
harv_ev_nad_nad_refers_advertising_for_phytozon_to_ftc_for_furth_2015_08b793_0920,assessable_claim,misses,This is a self-contained advertising claim about a health benefit.,Helped with my Macular Degeneration
harv_ev_nad_i_health_culturelle_probiotic_2018_e14a29_0923,fragment,fires,The claim 'most clinically proven effective' is incomplete without knowing what it is being compared to or what it is effective for.,most clinically proven effective
harv_ev_nad_i_health_culturelle_probiotic_2018_e14a29_0926,assessable_claim,fires,This is a self-contained advertising claim about health benefits.,"helps with occasional digestive upset, including diarrhea, gas and bloating"
harv_ev_nad_i_health_culturelle_probiotic_2018_e14a29_0927,assessable_claim,fires,This is a self-contained advertising claim about the product's uniqueness and benefits.,it’s the only one you need to help support good digestion and immune health
harv_ev_narb_narb_recommends_energybits_discontinue_health_relate_2019_d49ed6_0931,assessable_claim,fires,"This is a self-contained advertising claim, albeit an unusual one, that can be assessed for truthfulness.",Want to repair the ozone layer? Eat our algae tabs!
harv_ev_nad_nad_recommends_carma_laboratories_discontinue_certai_2018_fc75ec_0933,fragment,misses,This is a slogan or tagline that is too vague to be assessed as a standalone claim without context of what is 'less sore' and 'more smile'.,Less sore. More smile
harv_ev_nad_nad_recommends_carma_laboratories_discontinue_certai_2018_fc75ec_0934,assessable_claim,misses,This is a self-contained advertising claim about the product's effects.,Carmex Cold Sore Treatment helps minimize the appearance of sores while it helps promote healing
harv_ev_nad_nad_recommends_carma_laboratories_discontinue_certai_2018_fc75ec_0935,assessable_claim,misses,This is a self-contained advertising claim about the product's efficacy and speed.,Carmex Cold Sore Treatment works on contact to provide immediate results
harv_ev_nad_nad_recommends_comcast_discontinue_unqualified_faste_2012_8d6bad_0936,fragment,fires,The claim 'fastest in the nation' is incomplete without specifying what is fastest.,fastest in the nation
harv_ev_nad_nad_recommends_comcast_discontinue_unqualified_faste_2012_8d6bad_0937,assessable_claim,fires,This is a self-contained advertising claim about being the fastest internet service provider.,fastest Internet service provider in the nation
harv_ev_nad_nad_recommends_comcast_discontinue_unqualified_faste_2012_8d6bad_0938,assessable_claim,fires,This is a self-contained advertising claim comparing internet providers and stating XFINITY was rated fastest.,"FiOS Does Not Live up to Expectations….With Speeds of Up to 105 Mbps, XFINITY was rated as the fastest Internet provider in the nation by PC Magazine"
harv_ev_narb_narb_recommends_goya_discontinue_claim_that_excelsio_2019_c581c9_0941,assessable_claim,misses,"This is a self-contained advertising claim in Spanish, stating 'The favorite pasta of Puerto Rico'.",La pasta favorita de Puerto Rico
harv_ev_nad_nad_refers_claims_made_for_cold_turkey_tea_to_ftc_fo_2009_c6e533_0942,assessable_claim,fires,This is a self-contained advertising claim with a specific guarantee and benefit.,Guaranteed to reduce nicotine withdrawal symptoms by up to 100% or your money back!
harv_ev_nad_nad_refers_claims_made_for_cold_turkey_tea_to_ftc_fo_2009_c6e533_0943,assessable_claim,fires,This is a self-contained advertising claim explaining the mechanism and benefits of the product.,"Our perfect blend of Cold Turkey tea contains alkaloids which specifically bind to the nicotine receptors, thus reducing, and in some cases elimination, nicotine withdrawal symptoms"
harv_ev_nad_nad_finds_no_high_fructose_corn_syrup_claim_alongsid_2019_cc5d5a_0945,assessable_claim,misses,This is a self-contained comparative advertising claim.,Moms prefer Hellmann’s over Heinz
harv_ev_nad_nad_finds_no_high_fructose_corn_syrup_claim_alongsid_2019_cc5d5a_0948,assessable_claim,fires,This is a self-contained comparative advertising claim.,Moms prefer to serve their children Hellmann’s Real Ketchup over Heinz Original Ketchup
harv_ev_nad_nad_refers_comparative_pricing_claims_made_by_total__2017_b2b4b1_0950,assessable_claim,misses,"This is a self-contained advertising claim, implying better prices than a competitor.",Don’t Paymo at BevMo
harv_ev_nad_nad_refers_comparative_pricing_claims_made_by_total__2017_b2b4b1_0951,assessable_claim,misses,This is a self-contained comparative advertising claim about pricing.,everyday low prices crush BevMo’s sale prices
harv_ev_nad_nad_recommends_church_dwight_discontinue_certain_cla_2014_8f4e79_0952,not_a_claim,misses,"This appears to be a product name and a descriptive feature, not a claim about its performance or benefits.",Arm & Hammer Sensitive Skin 4x Concentrated
harv_ev_nad_nad_recommends_national_media_group_discontinue_chal_2017_d95599_0957,assessable_claim,fires,This is a self-contained comparative advertising claim about pain relief strength.,Pain relief 48 time stronger than morphine
harv_ev_nad_nad_recommends_national_media_group_discontinue_chal_2017_d95599_0958,assessable_claim,fires,This is a self-contained comparative advertising claim about duration of effect.,Lasts 26 times longer than 10 popular pain drugs
harv_ev_nad_nad_recommends_national_media_group_discontinue_chal_2017_d95599_0959,assessable_claim,fires,This is a self-contained comparative advertising claim about duration of effect.,Lasted 26 times longer than 10 popular pain drugs
harv_ev_nad_nad_recommends_national_media_group_discontinue_chal_2017_d95599_0960,assessable_claim,misses,This is a self-contained advertising claim about the duration of relief.,Relief lasted 5 days after one dose
harv_ev_nad_nad_recommends_national_media_group_discontinue_chal_2017_d95599_0961,assessable_claim,fires,This is a complete and self-contained advertising claim about a product's efficacy.,Neurocet helps you get rid of pain all over your body
harv_ev_nad_nad_recommends_national_media_group_discontinue_chal_2017_d95599_0962,assessable_claim,misses,"This is a quantifiable claim about an increase in flexibility and movement, which is assessable.",Amazing 71.3% increase in flexibility and movement
harv_ev_nad_advertising_claims_about_insulin_sensitivity_other_h_2018_45c169_0963,assessable_claim,misses,"This is a specific, quantifiable claim about a product's effect on insulin sensitivity.",increased the insulin sensitivity by 38%
harv_ev_nad_nad_recommends_vogue_change_product_names_for_certai_2015_24f501_0965,not_a_claim,misses,"This appears to be a product name or description, not a claim about its performance or benefits.",Renewing Shampoo with Argan Oil
harv_ev_nad_nad_recommends_charter_modify_comparative_advertisin_2020_d29fc6_0966,assessable_claim,misses,"This is a comparative claim about a competitor's inability to keep up, which is assessable.",AT&T/DirecTV simply can’t keep up
harv_ev_nad_nad_recommends_charter_modify_comparative_advertisin_2020_d29fc6_0967,assessable_claim,fires,"This is a comparative claim stating superiority over competition, which is assessable.",Spectrum beats the competition
harv_ev_nad_native_advertising_nad_reviews_joyus_product_videos__2016_aa9bb2_0971,assessable_claim,fires,This is a clear claim about the product's immediate effect on wrinkles.,Instant Wrinkle Relaxing Cream
harv_ev_nad_native_advertising_nad_reviews_joyus_product_videos__2016_aa9bb2_0972,assessable_claim,misses,"This is a comparative claim implying the product has effects similar to Botox, which is assessable.",Botox in a bottle
harv_ev_nad_native_advertising_nad_reviews_joyus_product_videos__2016_aa9bb2_0973,assessable_claim,fires,"This is a specific, time-bound claim about achieving younger-looking skin.",Younger looking skin in just 60 seconds
harv_ev_nad_nad_recommends_great_healthworks_modify_discontinue__2015_dbfd8e_0982,assessable_claim,misses,This is a claim about the product's potency and the small dose required for effectiveness.,Omega XL is so potent it requires only a very small dose to be effective
harv_ev_nad_nad_recommends_sanderson_farms_discontinue_claims_ab_2017_6e09e4_0986,assessable_claim,misses,"This is a claim about a competitor's pricing strategy being a 'trick' to charge more, which is assessable.",just a trick to get you to pay more money
harv_ev_nad_nad_recommends_sanderson_farms_discontinue_claims_ab_2017_6e09e4_0987,assessable_claim,misses,"This is a critical, comparative claim about a competitor's advertising lacking substance.",full of hot air and doesn’t say much
harv_ev_nad_nad_recommends_nordic_us_discontinue_certain_claims__2013_99a34d_0988,assessable_claim,misses,"This is a detailed claim about the product's composition, innovation, and reinvention of a product category.","Hair Volume is based on vitamins, minerals and innovative hair growth from apples. The composition is a unique innovation and reinvention of the old hair, skin and nail tablet"
harv_ev_nad_nad_recommends_nordic_us_discontinue_certain_claims__2013_99a34d_0989,assessable_claim,misses,This is a clear claim about the product's benefit of strengthening hair and its ingredients.,"Strengthens your hair. With hair growth factors and minerals for hair follicles, skin and nails"
harv_ev_nad_nad_recommends_changes_to_at_t_s_get_rid_of_fees_adv_2019_557f15_0991,assessable_claim,fires,"This is a direct claim about eliminating fees, which is assessable.",get rid of fees
harv_ev_nad_nad_recommends_changes_to_at_t_s_get_rid_of_fees_adv_2019_557f15_0993,assessable_claim,misses,"This is a clear claim about price transparency, which is assessable.",price you see is the price you pay
harv_ev_nad_nad_recommends_charter_discontinue_one_version_of_mo_2018_be3be9_0995,assessable_claim,misses,"This is a comparative claim contrasting the reliability of different TV services, which is assessable.",TV that cuts out in the rain is evil. Spectrum is reliable. Satellite TV Bad. Spectrum Good
harv_ev_nad_nad_recommends_charter_discontinue_one_version_of_mo_2018_be3be9_0996,fragment,misses,This phrase is incomplete and lacks context to be a self-contained claim. It implies something 'went out' but doesn't specify what or why it's a claim.,went out in the rain
harv_ev_nad_nad_recommends_charter_discontinue_one_version_of_mo_2018_be3be9_0997,fragment,misses,This phrase is incomplete and lacks context to be a self-contained claim. It implies something 'went out' but doesn't specify what or why it's a claim.,"went out in the rain, again"
harv_ev_nad_nad_recommends_charter_discontinue_one_version_of_mo_2018_be3be9_0999,assessable_claim,misses,"This is a specific claim about a 'Satellite dish' failing in the rain, which is assessable as a comparative claim.",Satellite dish went out in the rain. Again
harv_ev_nad_nad_recommends_charter_discontinue_one_version_of_mo_2018_be3be9_1000,fragment,misses,"This phrase is incomplete. It implies something 'doesn't always work' but doesn't specify what 'it' refers to, making it a fragment.",doesn’t always work in the rain
harv_ev_nad_nad_recommends_meda_modify_discontinue_certain_claim_2013_816c62_1001,assessable_claim,misses,"This is a unique selling proposition claiming to be the 'only one' for specific pain-related sleep issues, which is assessable.",MidNite PM: The only one you can take when pain keeps you up or wakes you in the night
harv_ev_nad_nad_recommends_meda_modify_discontinue_certain_claim_2013_816c62_1002,assessable_claim,fires,This is a clear claim about the product's dual benefits for sleep and pain management.,Promotes healthy sleep and manages minor pain
harv_ev_nad_nad_reviews_claims_for_dyson_hot_cool_link_cool_link_2018_1c331c_1005,assessable_claim,misses,"This is a comparative claim about other purifiers' inability to trap pollutants effectively, which is assessable.","Other purifiers can struggle to trap pollutants, releasing them back into the room"
harv_ev_nad_strivectin_revises_disclosure_in_print_ad_in_respons_2015_d3793d_1006,assessable_claim,misses,"This is a comparative claim about the product's brightening capabilities being superior ('light years ahead'), which is assessable.",Brightening That’s Light Years Ahead
harv_ev_narb_narb_recommends_colgate_discontinue_certain_advertis_2012_928ef8_1016,assessable_claim,fires,This is a self-contained advertising claim that makes a comparative performance statement.,Clinically Proven Better than the leading sensitivity toothpaste
harv_ev_nad_nad_finds_supported_certain_advertising_claims_for_s_2020_0eabfb_1017,assessable_claim,misses,This is a self-contained advertising claim about the scope of protection.,"Protects every door, room, window"
harv_ev_nad_nad_finds_supported_certain_advertising_claims_for_s_2020_0eabfb_1018,assessable_claim,misses,This is a self-contained advertising claim about the types of protection offered.,"Protects against intruders, fires, water damage, and more"
harv_ev_nad_nad_finds_supported_certain_advertising_claims_for_s_2020_0eabfb_1019,assessable_claim,fires,This is a self-contained advertising claim about the system's readiness for attacks.,Prepared for the unexpected – Someone attacks the system? SimpliSafe is ready
harv_ev_nad_nad_finds_supported_certain_advertising_claims_for_s_2020_0eabfb_1020,assessable_claim,fires,This is a self-contained advertising claim about the quality of the monitoring service.,Our monitoring service was named the best in the industry
harv_ev_nad_nad_finds_supported_certain_advertising_claims_for_s_2020_0eabfb_1021,assessable_claim,misses,"This is a self-contained advertising claim, presented as a testimonial, about the product's effectiveness in catching criminals.",We use it to catch criminals. My force used SimpliSafe to stop a serial burglary ring. It still helps us catch criminals in the act today
harv_ev_nad_nad_finds_supported_certain_advertising_claims_for_s_2020_0eabfb_1022,assessable_claim,misses,This is a self-contained advertising claim about the product's range compared to competitors.,Unparalleled range. Most wireless security systems can’t cover your house. Ours can – up to 1000ft. range
harv_ev_nad_primal_nutrition_participates_in_nad_forum_2007_82a2a5_1024,fragment,misses,"This is a comparative claim but lacks the object of comparison, making it a fragment.",Nothing else comes close
harv_ev_nad_nad_clorox_disinfecting_claims_2014_5f41d1_1025,assessable_claim,misses,This is a self-contained advertising claim about efficiency in disinfecting.,"Disinfect more, with less"
harv_ev_nad_nad_finds_lifes2good_can_support_certain_claims_for__2015_abc525_1027,assessable_claim,fires,This is a self-contained advertising claim about a clinically proven solution for hair.,"Discover the clinically proven answer to thicker, fuller hair"
harv_ev_nad_nad_finds_lifes2good_can_support_certain_claims_for__2015_abc525_1028,assessable_claim,misses,This is a self-contained advertising claim about promoting hair growth.,Promotes Existing Hair Growth
harv_ev_nad_nad_finds_lifes2good_can_support_certain_claims_for__2015_abc525_1030,assessable_claim,misses,This is a self-contained advertising claim about the benefits of Viviscal hair vitamins.,Viviscal hair vitamins promote existing hair growth and help to reduce hair shedding
harv_ev_nad_nad_finds_zadro_can_support_certain_advertising_clai_2012_6d473f_1034,assessable_claim,misses,This is a self-contained advertising claim about the product's effectiveness against microorganisms.,"Nano-UV Wand kills 99.9% of bacteria, germs, viruses on surfaces"
harv_ev_nad_nad_finds_zadro_can_support_certain_advertising_clai_2012_6d473f_1035,assessable_claim,fires,This is a self-contained advertising claim about the product's proven effectiveness and method of action.,"Proven effective by independent laboratories, the Nano-UV Disinfectant Wand destroys all kinds of different microorganisms without the use of harmful chemical disinfectants or sprays"
harv_ev_nad_nad_finds_zadro_can_support_certain_advertising_clai_2012_6d473f_1036,fragment,misses,This phrase is incomplete and lacks context to be a self-contained claim.,keep you and your family healthy
harv_ev_nad_nad_reviews_summit_vetpharm_s_claims_following_bayer_2008_2776e5_1039,assessable_claim,fires,This is a self-contained comparative advertising claim.,Vectra 3D outperforms the competition
harv_ev_nad_nad_nurture_baby_food_claims_2014_ecda87_1041,assessable_claim,misses,This is a self-contained advertising claim about the ingredients of Happy Family products.,"Happy Family products do not contain any artificial colors or flavors, artificial additives, or artificial preservatives"
harv_ev_nad_nad_recommends_silver_star_brands_discontinue_all_ch_2015_c558e6_1042,not_a_claim,misses,"This appears to be a product name, not an advertising claim.",Native Remedies A+ TestCalmer
harv_ev_nad_nad_recommends_silver_star_brands_discontinue_all_ch_2015_c558e6_1043,assessable_claim,misses,This is a self-contained advertising claim about the benefits of the herbal supplement.,Herbal supplement for a calm mood and memory function during test taking
harv_ev_nad_nad_recommends_silver_star_brands_discontinue_all_ch_2015_c558e6_1044,assessable_claim,fires,"This is a self-contained advertising claim, presented as a testimonial, about the product's effectiveness.",A+ TestCalmer has reduced the pre-test (jitters) in my household tremendously…and their grades have even improved! I will be ordering from you again!
harv_ev_nad_nad_recommends_dyson_modify_suction_claims_challenge_2018_dc6adf_1045,assessable_claim,misses,This is a self-contained advertising claim stating a specific performance metric.,Suction power … 115 AW
harv_ev_nad_nad_recommends_dyson_modify_suction_claims_challenge_2018_dc6adf_1046,assessable_claim,misses,This is a self-contained advertising claim stating a specific performance metric.,Runtime … 40 mins
harv_ev_nad_nad_recommends_dyson_modify_suction_claims_challenge_2018_dc6adf_1047,assessable_claim,fires,This is a self-contained advertising claim about the product's air purification capabilities.,Captures allergens and expels cleaner air than the air you breathe
harv_ev_nad_nad_recommends_bayer_discontinue_comparative_superio_2019_ef44a0_1048,assessable_claim,fires,This is a self-contained comparative advertising claim about pain relief.,Proven Better on Pain than Tylenol Extra Strength
harv_ev_nad_nad_recommends_bayer_discontinue_comparative_superio_2019_ef44a0_1049,assessable_claim,fires,This is a self-contained comparative advertising claim about pain relief.,Proven Better on Pain than Tylenol
harv_ev_nad_nad_recommends_bayer_discontinue_comparative_superio_2019_ef44a0_1050,assessable_claim,fires,This is a self-contained advertising claim that promises superior performance regarding pain. A compliance reviewer could assess this claim for substantiation.,Proven Better on Pain
harv_ev_nad_nad_examines_advertising_for_campbell_s_tomato_juice_2008_9b8155_1054,assessable_claim,misses,This is a self-contained advertising claim about the quality of ingredients. A compliance reviewer could assess this claim for substantiation.,Made Only with Peak Season Tomatoes
harv_ev_nad_nad_examines_advertising_for_campbell_s_tomato_juice_2008_9b8155_1055,assessable_claim,fires,This is a self-contained advertising claim detailing the quality of tomatoes used and the resulting flavor. A compliance reviewer could assess this claim for substantiation.,Campbell’s only uses tomatoes that are vine ripened to perfection to ensure that you get the full rich tomato flavor you’ve come to expect from Campbell’s Tomato Juice
harv_ev_nad_nad_recommends_unilever_discontinue_certain_claims_f_2015_204403_1059,assessable_claim,fires,This is a self-contained comparative advertising claim. A compliance reviewer could assess this claim for substantiation.,Superior Odor protection versus Secret Clinical
harv_ev_nad_nad_recommends_unilever_discontinue_certain_claims_f_2015_204403_1060,assessable_claim,misses,This is a self-contained advertising claim about product improvement. A compliance reviewer could assess this claim for substantiation.,"Degree, clinical protection improved"
harv_ev_nad_nad_recommends_gtech_discontinue_challenged_claims_f_2014_184b03_1063,assessable_claim,misses,This is a self-contained comparative advertising claim about capacity. A compliance reviewer could assess this claim for substantiation.,holds as much dirt as some other bagless vacuums
harv_ev_nad_nad_recommends_spectrum_disclose_limitations_to_comp_2019_eec8bd_1064,fragment,fires,This is a numerical value that is cut off and lacks context. It's unclear what 'up to $300 annually' refers to without additional information.,up to $300 annually
harv_ev_nad_nad_reviews_advertising_for_sally_hansen_no_chip_10__2007_f44378_1066,assessable_claim,fires,This is a self-contained advertising claim promising specific performance for a duration and includes a guarantee. A compliance reviewer could assess this claim for substantiation and disclosure of guarantee terms.,"No chipping, no cracking, no fading for 10 days guaranteed"
harv_ev_nad_nad_reviews_advertising_for_sally_hansen_no_chip_10__2007_f44378_1069,assessable_claim,misses,This is a self-contained advertising claim promising specific performance. A compliance reviewer could assess this claim for substantiation.,"no chipping, no cracking, no fading"
harv_ev_nad_nad_recommends_white_rodgers_discontinue_certain_cla_2017_5850a7_1071,assessable_claim,misses,This is a self-contained advertising claim about a unique feature of the product. A compliance reviewer could assess this claim for substantiation.,Sensi thermostat is the only Wi-Fi Choice in its class that DOES NOT require a 24 VAC power c-wire for most installations
harv_ev_nad_nad_recommends_white_rodgers_discontinue_certain_cla_2017_5850a7_1072,assessable_claim,misses,This is a self-contained advertising claim about product compatibility. A compliance reviewer could assess this claim for substantiation.,Works with virtually any Heating/Cooling Systems including Heat Pumps
harv_ev_nad_nad_recommends_white_rodgers_discontinue_certain_cla_2017_5850a7_1074,assessable_claim,fires,This is a self-contained advertising claim about installation time. A compliance reviewer could assess this claim for substantiation.,Installs in 15 minutes
harv_ev_nad_nad_recommends_white_rodgers_discontinue_certain_cla_2017_5850a7_1075,assessable_claim,fires,This is a self-contained advertising claim about installation time. A compliance reviewer could assess this claim for substantiation.,Installs in as little as 15 minutes
harv_ev_nad_nad_oracle_claims_ibm_2012_2dbbdd_1076,assessable_claim,fires,This is a self-contained comparative advertising claim about performance. A compliance reviewer could assess this claim for substantiation.,runs Oracle & Java twice as fast as IBM’s fastest computer
harv_ev_nad_nad_oracle_claims_ibm_2012_2dbbdd_1077,assessable_claim,fires,"This is a self-contained comparative advertising claim about performance, including a product name. A compliance reviewer could assess this claim for substantiation.",SPARC SuperCluster Runs Oracle & Java Twice as Fast as IBM’s Fastest Computer
harv_ev_nad_nad_oracle_claims_ibm_2012_2dbbdd_1079,assessable_claim,fires,"This is a self-contained comparative advertising claim about performance, including a specific product model. A compliance reviewer could assess this claim for substantiation.",SPARC SuperCluster T4-4 runs Oracle and Java twice as fast as IBM’s fastest computer
harv_ev_nad_nad_reviews_advertising_claims_made_for_college_hunk_2018_6912fc_1081,assessable_claim,fires,This is a self-contained advertising claim about being the 'only' company offering a specific set of services across a wide geographic area. A compliance reviewer could assess this claim for substantiation.,"We are the only nationwide moving company that offers full-service residential and commercial moving, junk removal, donation pickups, and moving labor services across the United States and Canada"
harv_ev_nad_nad_reviews_taboola_s_native_ad_widget_recommends_cl_2014_595fa8_1082,not_a_claim,misses,"This appears to be a heading or category label, not a specific advertising claim about a product or service.",More in the News
harv_ev_nad_nad_reviews_taboola_s_native_ad_widget_recommends_cl_2014_595fa8_1083,not_a_claim,misses,"This is a disclosure or label indicating the nature of the content, not an advertising claim about a product or service.",Sponsored Content by Taboola
harv_ev_nad_nad_reviews_taboola_s_native_ad_widget_recommends_cl_2014_595fa8_1084,not_a_claim,misses,"This is a disclosure or label indicating the nature of the content, not an advertising claim about a product or service.",Promoted Stories by Taboola
harv_ev_nad_nad_examines_advertising_claims_for_progresso_soups__2009_0cfabb_1088,assessable_claim,misses,This is a self-contained advertising claim about the composition of a product line. A compliance reviewer could assess this claim for substantiation.,Progresso has 26 soups with no MSG
harv_ev_nad_nad_examines_advertising_for_castrol_gtx_2008_b0695b_1089,assessable_claim,fires,"This is a self-contained advertising claim about product performance and superiority, including a comparative claim and reference to tests. A compliance reviewer could assess this claim for substantiation.","Engine sludge can strike anyone. So get Castrol GTX. It’s superior sludge protection, 57% better than the leading 5W-30. Tests prove it"
harv_ev_nad_nad_examines_advertising_for_castrol_gtx_2008_b0695b_1090,assessable_claim,fires,"This is a self-contained advertising claim about product performance and superiority, including a comparative claim and reference to tests. A compliance reviewer could assess this claim for substantiation.",Superior Sludge Protection. 57% better than the leading 5W-30. Tests prove it
harv_ev_nad_nad_recommends_verizon_discontinue_claim_twice_as_fa_2012_dd7af1_1095,assessable_claim,misses,This is a self-contained comparative advertising claim about speed. A compliance reviewer could assess this claim for substantiation.,twice as fast as any AT&T smartphone
harv_ev_nad_nad_refers_advertising_for_dr_frank_s_joint_pain_rel_2009_ac27b9_1098,assessable_claim,misses,This is a self-contained advertising claim about the efficacy and broad applicability of a product. A compliance reviewer could assess this claim for substantiation.,works for all joint pain – no matter what the cause
harv_ev_nad_nad_refers_advertising_for_dr_frank_s_joint_pain_rel_2009_ac27b9_1099,assessable_claim,misses,"This is a self-contained advertising claim promising to stop inflammation, pain, and stiffness.","Stop inflammation, pain and stiffness"
harv_ev_nad_nad_finds_chattem_can_support_challenged_claims_for__2014_f47d39_1102,assessable_claim,misses,This is a self-contained advertising claim listing symptoms that the product temporarily relieves.,temporarily relieves these symptoms of hay fever or other upper respiratory allergies ? nasal congestion ? runny nose ? sneezing ? itchy nose
harv_ev_nad_nad_examines_advertising_for_conagra_s_hunt_s_tomato_2009_552cd2_1110,assessable_claim,misses,This is a self-contained advertising claim about the ingredients of the product.,"made from all-natural, vine-ripened tomatoes"
harv_ev_nad_nad_examines_advertising_for_conagra_s_hunt_s_tomato_2009_552cd2_1112,assessable_claim,fires,This is a self-contained advertising claim about the ingredients of the product.,packed full of Hunt’s 100% all?natural vine ripened tomatoes
harv_ev_nad_nad_refers_advertising_for_captain_d_s_to_government_2008_c2a303_1113,assessable_claim,fires,This is a self-contained advertising claim comparing the amount of food and offering a monetary return.,"Same amount of food, plus $30 back, $45 bucks back"
harv_ev_nad_nad_refers_advertising_for_captain_d_s_to_government_2008_c2a303_1114,assessable_claim,misses,This is a self-contained advertising claim promoting specific menu items and comparing prices.,"Try Captain D’s wild Alaskan salmon, Alaskan king crab medallions, and flounder basket. Sit down food, fast food prices"
harv_ev_nad_nad_refers_advertising_for_captain_d_s_to_government_2008_c2a303_1115,assessable_claim,misses,This is a self-contained advertising claim comparing Captain D's offerings and prices to a competitor.,Captain D’s offerings are comparable to items served at Red Lobster at one half the price
harv_ev_nad_nad_refers_advertising_for_verizon_fios_to_ftc_fcc_f_2017_05efea_1116,assessable_claim,fires,This is a self-contained advertising claim promising full utilization of devices.,Get 100% Out of All Your Devices
harv_ev_nad_nad_refers_advertising_for_verizon_fios_to_ftc_fcc_f_2017_05efea_1117,assessable_claim,fires,This is a self-contained advertising claim about the network type and its speed.,We are a 100% Fiber Optic Network which means the fastest Internet and WiFi Available
harv_ev_nad_nad_recommends_gat_modify_discontinue_claims_at_issu_2013_1869e8_1120,assessable_claim,fires,This is a self-contained advertising claim about a product's clinical efficacy.,Clinically proven to increase strength!
harv_ev_nad_hyperbiotics_says_it_will_discontinue_advertising_cl_2018_09b8a8_1123,assessable_claim,fires,This is a self-contained advertising claim about the effectiveness of the formulas.,Our formulas are 15X more effective
harv_ev_nad_hyperbiotics_says_it_will_discontinue_advertising_cl_2018_09b8a8_1124,assessable_claim,fires,This is a self-contained advertising claim about the product's purpose.,Designed for weight loss support
harv_ev_nad_hyperbiotics_says_it_will_discontinue_advertising_cl_2018_09b8a8_1125,assessable_claim,misses,This is a self-contained advertising claim about the product's purpose.,Designed to support your metabolic function
harv_ev_nad_hyperbiotics_says_it_will_discontinue_advertising_cl_2018_09b8a8_1126,assessable_claim,fires,This is a self-contained advertising claim about the product's purpose and benefits.,Designed to promote optimal urinary function and to normalize the healthy growth of yeast
harv_ev_nad_hyperbiotics_says_it_will_discontinue_advertising_cl_2018_09b8a8_1127,assessable_claim,misses,This is a self-contained advertising claim about the product's benefit.,Promotes upper respiratory health while training
harv_ev_nad_verizon_csc_holdings_participate_in_nad_forum_2009_e82ca3_1128,assessable_claim,misses,This is a self-contained advertising claim about the quality of HD picture and sound.,sharpest HD picture and sound
harv_ev_nad_verizon_csc_holdings_participate_in_nad_forum_2009_e82ca3_1129,assessable_claim,fires,This is a self-contained advertising claim about internet speed.,America’s Fastest Home Internet Access
harv_ev_nad_verizon_csc_holdings_participate_in_nad_forum_2009_e82ca3_1131,assessable_claim,misses,This is a self-contained advertising claim implying superiority over competitors.,Everything else is stuck in the past
harv_ev_nad_verizon_csc_holdings_participate_in_nad_forum_2009_e82ca3_1132,assessable_claim,fires,This is a self-contained advertising claim about the quality of the network.,most advanced fiber optic network
harv_ev_nad_nad_recommends_church_dwight_discontinue_scary_bleac_2016_b14ddc_1138,not_a_claim,misses,"This is narrative text describing a process and observation, not a direct advertising claim about a product's benefit or feature.",We read care labels on thousands of white garments and we were surprised they had this warning symbol which means do not use chlorine bleach
harv_ev_nad_nad_recommends_verizon_discontinue_the_advertising_c_2011_556ca4_1144,assessable_claim,fires,This is a self-contained advertising claim about product ranking.,Rated #1 in HD Picture Quality
harv_ev_nad_nad_refers_advertising_for_implus_airplus_insoles_to_2018_f6fafd_1145,assessable_claim,misses,This is a self-contained advertising claim about the product's ability to soothe pain.,soothe pain resulting from Plantar Fasciitis
harv_ev_nad_following_nad_inquiry_weighting_comforts_to_modify_d_2019_14ac35_1147,assessable_claim,fires,This is a self-contained advertising claim about the product's design for specific conditions.,"Our blankets are designed for you if you’re battling symptoms of Anxiety, Insomnia, PTSD, Restless Leg and Depression"
harv_ev_nad_following_nad_inquiry_weighting_comforts_to_modify_d_2019_14ac35_1148,assessable_claim,fires,This is a self-contained advertising claim about the proven effects of weighted blankets.,"Weighted blankets have been proven to increase serotonin and melatonin in your body, which helps you relax, feel calmer, and fall asleep much easier"
harv_ev_nad_following_nad_inquiry_weighting_comforts_to_modify_d_2019_14ac35_1149,not_a_claim,misses,"This is a testimonial, which is a form of advertising, but the text itself is a personal statement, not a general claim made by the advertiser about the product's features or benefits.",I am recovering from neurolyme and both the regular blanket as well as the lap one have helped soothe my dysregulated nervous system – Anita W
harv_ev_nad_nad_recommends_accel_discontinue_challenged_claims_f_2014_71f988_1150,assessable_claim,misses,This is a self-contained advertising claim that promises a specific benefit for a product.,Cleans and Protects your Catalytic Converter
harv_ev_nad_nad_recommends_accel_discontinue_challenged_claims_f_2014_71f988_1151,assessable_claim,misses,This is a self-contained advertising claim describing the product's function and benefits.,CataClean is a fuel and exhaust system cleaner that reduces carbon build-up and cleans your vehicle’s catalytic converter
harv_ev_nad_nad_refers_claims_made_for_zeltiq_s_coolsculpting_cr_2016_7319bd_1156,assessable_claim,fires,This is a self-contained advertising claim making a strong promise about fat removal and its standing in the market.,Eliminate Fat With The World’s #1 non-Invasive Fat Removal Treatment
harv_ev_nad_nad_examines_advertising_within_nextadvisor_widget_r_2016_ca7e19_1164,assessable_claim,misses,This is a self-contained advertising claim promoting a credit card with a specific benefit.,jaw-dropping 10% cash back card has arrived
harv_ev_nad_nad_examines_advertising_for_petzlife_s_oral_care_pr_2008_d3b766_1166,assessable_claim,fires,"This is a self-contained advertising claim, presented as a testimonial, promising a cure for pet dental problems without certain medical procedures.",PetzLife oral care products have worked on my patients that have had severe tartar and gingivitis. Now we can cure the problem while avoiding anesthesia and the drugs
harv_ev_nad_nad_examines_advertising_for_petzlife_s_oral_care_pr_2008_d3b766_1167,assessable_claim,misses,This is a self-contained advertising claim promising an increase in pet lifespan.,can increase your pet’s lifespan by 3-5 years
harv_ev_nad_nad_examines_advertising_for_petzlife_s_oral_care_pr_2008_d3b766_1168,assessable_claim,fires,This is a self-contained advertising claim promising a specific benefit (plaque and tartar removal) without a particular procedure.,Remove plaque & tartar without anesthesia
harv_ev_nad_nad_origins_plantscription_claims_2012_e95cad_1170,assessable_claim,fires,This is a self-contained advertising claim comparing the product's effectiveness to a prescription.,Nature’s Plantscription rivals an anti-wrinkle prescription
harv_ev_nad_nad_recommends_wink_naturals_discontinue_certain_cha_2019_60388f_1171,assessable_claim,fires,This is a self-contained advertising claim about the ingredients and their proven efficacy.,All-Natural ingredients which have been clinically proven and tested
harv_ev_nad_nad_recommends_wink_naturals_discontinue_certain_cha_2019_60388f_1172,assessable_claim,fires,This is a self-contained advertising claim promising calming relief for anxiety without drugs.,Promotes calming relief for anxiety without drugs
harv_ev_nad_nad_recommends_wink_naturals_discontinue_certain_cha_2019_60388f_1173,assessable_claim,fires,This is a self-contained advertising claim stating that an ingredient has been clinically proven to aid in anxiety relief.,Passion flower extract has been clinically proven to help aid in anxiety relief
harv_ev_nad_nad_recommends_wink_naturals_discontinue_certain_cha_2019_60388f_1175,assessable_claim,fires,This is a self-contained advertising claim describing an ingredient and its clinically proven benefits for anxiety and stress.,"Passion flower extract is the powerful, natural ingredient in our Zen Drops formula that’s clinically proven to provide natural, drug-free relief from feelings of uneasiness and stress"
harv_ev_narb_narb_refers_advertising_claims_made_by_doskocil_to_f_2018_b5b5b3_1177,assessable_claim,misses,This is a self-contained advertising claim about a product being treated for antimicrobial protection.,Treated with Microban for built-in antimicrobial protection
harv_ev_nad_nad_recommends_genomma_modify_current_broadcast_ad_f_2016_6a4ce1_1178,assessable_claim,fires,This is a self-contained advertising claim making a comparative speed claim for alleviating athlete's foot symptoms.,"Silk is 400% faster than other products in alleviating the itching, burning, dryness, and calling of athlete’s foot between the toes"
harv_ev_nad_nad_recommends_genomma_modify_current_broadcast_ad_f_2016_6a4ce1_1180,fragment,misses,This phrase is incomplete and requires additional context to understand what is being compared or claimed.,compared with other OTC products to treat athlete’s foot
harv_ev_nad_nad_finds_brain_research_can_support_certain_claims__2009_52778c_1181,assessable_claim,misses,"This is a self-contained advertising claim about a product being the 'First University-Validated Mood, Memory & Cognitive Enhancer with Double Proof of Efficacy'.","First University-Validated Mood, Memory & Cognitive Enhancer with Double Proof of Efficacy"
harv_ev_nad_nad_finds_brain_research_can_support_certain_claims__2009_52778c_1182,assessable_claim,fires,"This is a self-contained advertising claim promising specific benefits for mind, mood, and memory.","Brain Oxygen-Boosting Miracle Energizes Mind, Mood and Memory"
harv_ev_nad_nad_finds_brain_research_can_support_certain_claims__2009_52778c_1186,fragment,fires,This is a descriptive phrase but not a complete advertising claim on its own. It lacks a verb or a clear promise.,mental vigor and energy
harv_ev_nad_nad_finds_brain_research_can_support_certain_claims__2009_52778c_1187,fragment,misses,This is a phrase that needs context to be an assessable claim. 'Double Proof of Efficacy' on its own doesn't state what product or what efficacy is being referred to.,Double Proof of Efficacy
harv_ev_nad_nad_examines_advertising_for_abbott_s_earlyshield_fo_2009_ff7890_1198,assessable_claim,misses,This is a self-contained advertising claim making a comparative statement about a formula and its packaging.,Our closest formula to breast milk in an innovative package
harv_ev_nad_nad_recommends_rubbermaid_discontinue_certain_claims_2017_e3d787_1200,assessable_claim,fires,This is a self-contained advertising claim promising to keep produce fresh for a specific duration.,keep produce fresh up to 80% Longer—a difference you can see
harv_ev_caru_caru_recommends_idea_village_modify_broadcast_ad_web_2012_931cd2_1201,not_a_claim,misses,"This is instructional text or a call to action, not an advertising claim about a product's features or benefits.",You qualify for a special offer!!! Press cancel on the next screen to view your offer
harv_ev_nad_nad_finds_kraft_heinz_can_support_certain_claims_for_2016_3fde25_1203,not_a_claim,misses,"This is an exclamation or an opinion, not a factual advertising claim that can be substantiated or disproven.",no wonder it tastes so good
harv_ev_nad_nad_pg_charmin_ultra_claims_2016_f282f0_1208,fragment,fires,This is an incomplete comparative claim. 'up to 4x less' needs to specify 'less what'.,up to 4x less
harv_ev_nad_nad_recommends_p_g_discontinue_claims_made_for_swiff_2015_f9c026_1210,assessable_claim,fires,This is a self-contained advertising claim making a comparative statement about cleanliness.,leaves floors up to 3X cleaner
harv_ev_nad_schiff_nutrition_group_crn_participate_in_nad_forum_2009_a9659e_1212,fragment,fires,"This is a comparative claim, but it is missing the product being compared. It is a fragment because it is incomplete without the product name.","better, faster and more powerful than fish oil"
harv_ev_nad_schiff_nutrition_group_crn_participate_in_nad_forum_2009_a9659e_1213,assessable_claim,fires,This is a self-contained advertising claim that makes a specific comparison and benefit claim. A compliance reviewer could assess this claim for substantiation.,just One MegaRed™ softgel = three fish oil softgels for supporting Cardiovascular Health
harv_ev_nad_nad_finds_p_g_can_support_toughest_messes_claim_for__2015_1af102_1221,assessable_claim,fires,This is a self-contained advertising claim that makes a specific performance and comparative claim. A compliance reviewer could assess this claim for substantiation.,"powers through your toughest messes better than the competition, the first time"
harv_ev_caru_caru_recommends_kellogg_revise_product_packaging_for_2016_6b7610_1227,assessable_claim,misses,This is a self-contained advertising claim about the product's ingredients. A compliance reviewer could assess this claim for substantiation.,Made with Real Fruit
harv_ev_nad_nad_recommends_colgate_palmolive_discontinue_natural_2016_f580a6_1230,not_a_claim,fires,"This appears to be a statement about meeting a company's internal model or standard, not a direct advertising claim to consumers about product benefits or features.","meet our stewardship model for safe, effective, and natural"
harv_ev_nad_nad_recommends_epson_america_discontinue_certain_cla_2018_c5c79b_1235,assessable_claim,fires,This is a self-contained advertising claim that makes a specific comparative claim about product performance. A compliance reviewer could assess this claim for substantiation.,Epson’s Advantages over 1-chip DLP Projectors … Epson Projectors have up to 3x Brighter Colors
harv_ev_nad_nad_recommends_epson_america_discontinue_certain_cla_2018_c5c79b_1236,fragment,fires,"This is a comparative claim, but it is missing the product being compared to. It is a fragment because it is incomplete without the product name.",up to 3x brighter colors
harv_ev_nad_nad_recommends_epson_america_discontinue_certain_cla_2018_c5c79b_1237,fragment,fires,"This is a comparative claim, but it is missing the product being compared to. It is a fragment because it is incomplete without the product name.",up to 3x wider color gamut
harv_ev_caru_caru_recommends_n49_modify_kids321_website_to_better_2012_5e6ae9_1238,assessable_claim,misses,This is a self-contained advertising claim that invites action and makes a specific offer. A compliance reviewer could assess this claim.,Commander Wanted! Click here and play for free
harv_ev_caru_caru_recommends_n49_modify_kids321_website_to_better_2012_5e6ae9_1240,assessable_claim,fires,This is a self-contained advertising claim that describes a benefit or outcome of playing the game. A compliance reviewer could assess this claim.,raise your influence in the politics of the world through making alliances or war declarations
harv_ev_nad_nad_recommends_irwin_naturals_discontinue_certain_cl_2012_6f9600_1243,assessable_claim,fires,This is a self-contained advertising claim that makes a specific benefit claim about the product. A compliance reviewer could assess this claim for substantiation.,Doctor developed powerful nutrition to promote healthy & vibrant skin
harv_ev_nad_nad_recommends_irwin_naturals_discontinue_certain_cl_2012_6f9600_1244,assessable_claim,fires,This is a self-contained advertising claim that describes how the product works and its intended benefit. A compliance reviewer could assess this claim for substantiation.,Advanced pro-nutraceutical complex targets internal factors that influence problematic skin
harv_ev_nad_nad_recommends_irwin_naturals_discontinue_certain_cl_2012_6f9600_1245,assessable_claim,misses,This is a self-contained advertising claim that describes the product's function and target. A compliance reviewer could assess this claim for substantiation.,target internal factors that influence problematic skin
harv_ev_nad_unilever_gfa_brands_participate_in_nad_forum_2009_331085_1246,assessable_claim,fires,This is a self-contained advertising claim that makes a specific endorsement claim. A compliance reviewer could assess this claim for substantiation.,Promise Brand of soft spreads endorsed by 9 out of 10 cardiologists
harv_ev_nad_nad_refers_advertising_for_fungi_nail_products_to_ft_2018_fc4a6f_1251,assessable_claim,fires,This is a self-contained advertising claim that asks a question and then makes a specific benefit claim with a timeframe. A compliance reviewer could assess this claim for substantiation.,Looking to improve nail appearance fast? These cure fungus ugly nails in 48 weeks
harv_ev_nad_nad_refers_advertising_for_fungi_nail_products_to_ft_2018_fc4a6f_1252,assessable_claim,misses,This is a self-contained advertising claim that makes a specific benefit claim with a timeframe. A compliance reviewer could assess this claim for substantiation.,Fungus Ugly to Prettier Nails Fast!
harv_ev_nad_nad_finds_berry_can_support_recyclability_superiorit_2015_abb24b_1253,assessable_claim,fires,This is a self-contained advertising claim that describes a technology and its benefits. A compliance reviewer could assess this claim for substantiation.,Berry Plastics has created a technology that blends superior performance with environmental responsibility
harv_ev_nad_nad_recommends_walmart_discontinue_certain_savings_c_2011_a665ed_1256,assessable_claim,misses,This is a self-contained advertising claim that makes a specific comparative savings claim. A compliance reviewer could assess this claim for substantiation.,save 30% or more versus the national office superstores
harv_ev_nad_nad_recommends_walmart_discontinue_certain_savings_c_2011_a665ed_1257,assessable_claim,fires,This is a self-contained advertising claim that makes a specific savings promise. A compliance reviewer could assess this claim for substantiation.,We did the math for you: You’ll save when you shop with us
harv_ev_nad_nad_refers_advertising_for_slim_force_7_to_us_canadi_2009_97fa90_1259,assessable_claim,fires,This is a self-contained advertising claim that makes a specific benefit claim about weight loss and metabolism. A compliance reviewer could assess this claim for substantiation.,"You just don’t lose weight, your whole metabolism is gradually modified"
harv_ev_nad_nad_examines_ratings_claims_for_mypurmist_handheld_s_2016_af677c_1262,assessable_claim,fires,This is a self-contained advertising claim that makes a specific comparative claim about product ratings. A compliance reviewer could assess this claim for substantiation.,More 5-star reviews than any other steam inhaler
harv_ev_nad_nad_recommends_comcast_discontinue_one_commercial_re_2016_ddb79f_1265,assessable_claim,fires,This is a self-contained advertising claim that makes a specific benefit claim about picture quality in various weather conditions. A compliance reviewer could assess this claim for substantiation.,"Don’t let bad weather get in the way of your entertainment . . . Every time it rains, I’m pretty sure I’m not gonna watch TV . . . With Xfinity, you get crystal clear picture quality, rain or shine"
harv_ev_nad_nad_finds_ecobee_can_support_certain_claims_for_smar_2017_752f11_1268,assessable_claim,fires,This is a self-contained advertising claim that makes a specific claim about ease of installation. A compliance reviewer could assess this claim for substantiation.,install in 30 minutes or less
harv_ev_nad_nad_finds_ecobee_can_support_certain_claims_for_smar_2017_752f11_1269,assessable_claim,misses,This is a self-contained advertising claim that makes a specific claim about product compatibility. A compliance reviewer could assess this claim for substantiation.,compatible with 95% of residential heating and cooling systems in North America
harv_ev_nad_nad_reviews_discover_comparison_chart_following_chal_2017_3aa47f_1272,assessable_claim,fires,This is a self-contained advertising claim that makes a specific promise about reward redemption. A compliance reviewer could assess this claim for substantiation.,"Redeem your rewards for cash in any amount, any time"
harv_ev_nad_nad_reviews_discover_comparison_chart_following_chal_2017_3aa47f_1273,assessable_claim,fires,This is a self-contained advertising claim about a product feature and its benefit.,Freeze your account in seconds with an on/off switch on either mobile app or website to prevent new purchases
harv_ev_nad_nad_reviews_discover_comparison_chart_following_chal_2017_3aa47f_1274,assessable_claim,misses,This is a self-contained advertising claim about a product feature and its benefit.,Track recent FICO Credit Scores for free on monthly statements and online
harv_ev_nad_nad_finds_iovate_can_support_challenged_claims_for_s_2015_89ccf2_1277,fragment,fires,The claim 'scientifically shown to be 70% better than regular whey' is a fragment because it's missing what is 'scientifically shown to be 70% better'.,scientifically shown to be 70% better than regular whey
harv_ev_caru_skechers_modifies_broadcast_advertising_in_response__2014_aef6b8_1279,assessable_claim,fires,This is a self-contained advertising claim introducing a product and its intended benefits.,"Air-Mazing shoes new from SKECHERS. Designed for kids who want to run faster, jump higher … Go beyond the amazing to Air-Mazing"
harv_ev_nad_nad_recommends_reckitt_benckiser_modify_discontinue__2018_85cc4e_1280,fragment,misses,This is a fragment. 'pretty much every symptom' is incomplete without knowing what product or treatment is addressing these symptoms.,pretty much every symptom
harv_ev_nad_nad_recommends_wellnx_modify_discontinue_certain_cla_2013_12b9df_1283,not_a_claim,fires,"This is a question, not an advertising claim.",how fast do you want to lose weight?
harv_ev_nad_nad_recommends_wellnx_modify_discontinue_certain_cla_2013_12b9df_1284,assessable_claim,misses,This is a self-contained advertising claim about a product's effectiveness in weight loss.,Really fast? Like drop 1 jean size in only two weeks fast? NV makes it possible
harv_ev_nad_nad_recommends_nordic_naturals_discontinue_claims_fo_2011_8a496a_1286,assessable_claim,fires,This is a self-contained advertising claim about the quality and features of a product.,"Nordic Naturals has perfected fish oils by offering great taste, purity, and unmatched freshness levels"
harv_ev_nad_nad_recommends_nordic_naturals_discontinue_claims_fo_2011_8a496a_1287,assessable_claim,misses,This is a self-contained advertising claim about a product's manufacturing process and its benefit.,Our leading edge refining techniques reduces any potential toxins to undetectable amounts
harv_ev_nad_nad_patenthealth_claims_2009_706692_1288,assessable_claim,fires,This is a self-contained advertising claim about a product's benefit and speed of action.,Mom gets rapid relief from the new joint pill that works in just 3 days
harv_ev_nad_nad_patenthealth_claims_2009_706692_1290,assessable_claim,misses,This is a self-contained advertising claim describing the composition and benefits of a product.,It’s a blend of herbal extracts that when combined with glucosamine improves absorption of nutrients and works quickly to improve mobility and flexibility
harv_ev_nad_nad_refers_advertising_claims_from_coorga_nutraceuti_2014_91b16d_1291,assessable_claim,fires,This is a self-contained advertising claim about a product's specific benefit and timeframe.,Reverse Grey Hair in 6 Months
harv_ev_nad_nad_refers_advertising_claims_from_coorga_nutraceuti_2014_91b16d_1292,assessable_claim,misses,This is a self-contained advertising claim offering a guarantee based on product results.,"Try Grey Defence Xtreme for 6 months, if the results don’t amaze, we’ll give you your money back"
harv_ev_nad_nad_recommends_euromedica_inc_discontinue_certain_cl_2012_408081_1296,assessable_claim,fires,This is a self-contained advertising claim about the sourcing and sustainability of a product.,PhosphOmega-3 is 100% sustainable and derived from 100% pure North Atlantic salmon
harv_ev_nad_nad_recommends_intraceuticals_discontinue_challenged_2016_1f5042_1297,assessable_claim,fires,This is a self-contained advertising claim about a product's immediate and cumulative effects.,Instantly reduce the visible signs of premature skin aging. Results accumulate with continued use
harv_ev_nad_nad_recommends_dr_harold_katz_discontinue_health_per_2018_1bd98a_1303,assessable_claim,misses,This is a self-contained advertising claim about a product's benefit.,Helps relieve dry mouth symptoms
harv_ev_nad_nad_recommends_dr_harold_katz_discontinue_health_per_2018_1bd98a_1304,assessable_claim,misses,This is a self-contained advertising claim about a product's benefit.,Helps revive natural mouth moisture
harv_ev_nad_nad_recommends_mygait_modify_discontinue_certain_cla_2016_2d286b_1306,assessable_claim,fires,This is a self-contained advertising claim about the ease of product setup.,Out-of-box setup in just 15 minutes
harv_ev_nad_nad_recommends_mygait_modify_discontinue_certain_cla_2016_2d286b_1307,assessable_claim,misses,This is a self-contained advertising claim about a service program's cost and benefit.,worry-free $19.95 monthly service program
harv_ev_nad_nad_recommends_samsung_discontinue_certain_superiori_2012_d81ff6_1308,fragment,misses,"This is a fragment. 'Blurry & Dark 2D' is likely part of a comparison or description, but it's incomplete on its own.",Blurry & Dark 2D
harv_ev_nad_nad_examines_advertising_from_ideavillage_for_slimsh_2008_b53f7b_1311,assessable_claim,fires,This is a self-contained advertising claim about a product's benefit.,Eat up to 30% less every day without feeling hungry
harv_ev_nad_nad_examines_advertising_from_ideavillage_for_slimsh_2008_b53f7b_1312,assessable_claim,misses,This is a self-contained advertising claim about the immediate effectiveness of a product.,Works from the first day
harv_ev_nad_nad_examines_advertising_from_ideavillage_for_slimsh_2008_b53f7b_1313,assessable_claim,misses,This is a self-contained advertising claim about the scientific backing of a product.,Demonstrated to work in 4 published clinical studies
harv_ev_nad_nad_recommends_charter_discontinue_one_commercial_re_2018_c516b3_1315,fragment,misses,"This is a fragment. 'No popular sports channels' is likely part of a comparison or criticism, but it's incomplete on its own.",No popular sports channels
harv_ev_nad_nad_recommends_charter_discontinue_one_commercial_re_2018_c516b3_1316,fragment,fires,This is a fragment. 'even if they don’t find anything' is dependent on a preceding clause to make sense as a claim.,even if they don’t find anything
harv_ev_nad_nad_recommends_colgate_discontinue_certain_claims_fo_2012_f3fc62_1317,fragment,fires,This is a fragment because it refers to 'Strips' without specifying what kind of strips or what the 'Same Ingredient' is the same as. It lacks context to be a self-contained claim.,Same Ingredient as Strips
harv_ev_nad_nad_recommends_colgate_discontinue_certain_claims_fo_2012_f3fc62_1318,fragment,fires,"This is a fragment because it refers to 'Strips' without specifying what kind of strips. While 'Whitening Ingredient' provides some context, it's still incomplete without knowing what it's being compared to.",Same Whitening Ingredient as Strips
harv_ev_nad_nad_reviews_claims_made_by_princeton_nutrients_for_v_2016_74617b_1324,assessable_claim,fires,This is an assessable claim because it states a specific effect ('my blood pressure readings seem to be lower') attributed to a product ('VitaPulse') over a defined period ('for a month'). This is a claim that would require substantiation.,I have been on VitaPulse for a month and my blood pressure readings seem to be lower
harv_ev_nad_nad_recommends_p_g_discontinue_certain_claims_for_ol_2014_6ace81_1326,assessable_claim,fires,"This is an assessable claim because it makes a direct comparison ('say goodbye to harsher body wash') and promises a benefit ('hello to gentler, moisturizing Olay Sensitive Body Wash').","So say goodbye to harsher body wash and hello to gentler, moisturizing Olay Sensitive Body Wash"
harv_ev_caru_caru_recommends_cec_modify_advertising_for_chuck_e_c_2014_b246a7_1331,assessable_claim,fires,"This is an assessable claim because it makes a clear promise of a prize ('Every cup wins a new awesome prize') associated with an action ('Rip it, Sip it, Win it').","It’s time to Rip it, Sip it, Win it … Every cup wins a new awesome prize"
harv_ev_caru_caru_recommends_cec_modify_advertising_for_chuck_e_c_2014_b246a7_1333,fragment,misses,"This is a fragment because 'awesome and super awesome' are subjective adjectives without a clear object or comparison, making it impossible to assess as a standalone claim.",awesome and super awesome
harv_ev_nad_nad_recommends_t_mobile_discontinue_its_100_coverage_2019_226862_1336,assessable_claim,fires,This is an assessable claim because it makes a direct comparison and states a specific benefit ('Now my signal doesn’t randomly give out in my own') attributed to switching providers.,Just switched to T-Mobile from AT&T – best choice ever. Now my signal doesn’t randomly give out in my own
harv_ev_nad_nad_advises_advertisers_to_discontinue_claims_at_iss_2013_2cca07_1337,assessable_claim,fires,This is an assessable claim because it makes a direct comparison and a specific negative assertion about a competitor's service ('you end up with the same old DSL speed') despite their claims of an 'Advanced Digital Network'.,"AT&T is talking a lot about its so-called ‘Advanced Digital Network’ but when they upgrade you to U-Verse, you end up with the same old DSL speed"
harv_ev_nad_nad_advises_advertisers_to_discontinue_claims_at_iss_2013_2cca07_1338,assessable_claim,misses,This is an assessable claim because it makes a quantifiable comparative claim ('Xfinity is four times faster').,Xfinity is four times faster
harv_ev_nad_nad_recommends_hatfield_discontinue_animal_welfare_c_2019_4e9942_1339,assessable_claim,misses,"This is an assessable claim because it makes specific assertions about the ethical raising of animals and the oversight of those practices ('Ethically Raised by Family Farmers Committed to a Higher Standard of Care, Governed by Third Party Animal Welfare Audits'). These are claims that would require substantiation.","Ethically Raised by Family Farmers Committed to a Higher Standard of Care, Governed by Third Party Animal Welfare Audits"
harv_ev_nad_nad_recommends_ragu_maker_mizkan_discontinue_taste_p_2017_79e6a3_1341,fragment,misses,This is a fragment because it is cut off and incomplete ('prefer Ragu Homestyle Traditional is that'). It lacks the full context to understand the claim being made.,prefer Ragu Homestyle Traditional is that
harv_ev_nad_cadbury_challenges_advertising_claims_for_wrigley_ec_2009_8e1099_1344,assessable_claim,misses,"This is an assessable claim because it makes a direct comparison ('Most other gums just mask bad breath') and a specific, verifiable claim about its product's efficacy ('We kill the germs that cause it. New Eclipse now contains a natural ingredient that kills the germs that cause bad breath').",Most other gums just mask bad breath. We kill the germs that cause it. New Eclipse now contains a natural ingredient that kills the germs that cause bad breath
harv_ev_nad_cadbury_challenges_advertising_claims_for_wrigley_ec_2009_8e1099_1345,assessable_claim,misses,"This is an assessable claim because it makes a specific, verifiable claim about a product's ingredient and its effect ('New Eclipse now contains a natural ingredient that kills the germs that cause bad breath').",New Eclipse now contains a natural ingredient that kills the germs that cause bad breath
harv_ev_nad_cadbury_challenges_advertising_claims_for_wrigley_ec_2009_8e1099_1346,assessable_claim,fires,"This is an assessable claim because it makes a specific, verifiable claim about a product's ingredient, its scientific backing, and its effect ('New Eclipse contains a natural ingredient scientifically proven to help kill the germs that cause bad breath').",New Eclipse contains a natural ingredient scientifically proven to help kill the germs that cause bad breath
harv_ev_nad_cadbury_challenges_advertising_claims_for_wrigley_ec_2009_8e1099_1347,assessable_claim,misses,"This is an assessable claim because it makes a direct comparison ('Most other gums just mask bad breath') and a specific, verifiable claim about its product's efficacy ('We kill the germs that cause it').",Most other gums just mask bad breath. We kill the germs that cause it
harv_ev_nad_nad_recommends_at_t_modify_discontinue_certain_relia_2019_815b71_1348,assessable_claim,fires,This is an assessable claim because it makes a quantifiable claim about a product's performance ('AT&T Internet is more than 99% reliable').,AT&T Internet is more than 99% reliable
harv_ev_nad_nad_refers_advertising_claims_by_ba_sports_nutrition_2018_7e2eb6_1349,fragment,misses,This is a fragment because 'More Natural Better Sports Drink' is a comparative claim without specifying what it is more natural or better than. It lacks the necessary context for assessment.,More Natural Better Sports Drink
harv_ev_nad_nad_refers_advertising_claims_by_ba_sports_nutrition_2018_7e2eb6_1350,fragment,misses,This is a fragment because 'More Natural Better Hydration' is a comparative claim without specifying what it is more natural or better than. It lacks the necessary context for assessment.,More Natural Better Hydration
harv_ev_nad_nad_refers_advertising_claims_by_ba_sports_nutrition_2018_7e2eb6_1351,not_a_claim,misses,"This is not an advertising claim but rather descriptive narrative about an advertisement's content and a voiceover, not the voiceover itself.","choices in an amusing way – sending a letter by carrier pigeon, for example – and a voiceover that states"
harv_ev_nad_nad_finds_peak_life_can_support_certain_claims_for_s_2011_057b32_1353,assessable_claim,fires,"This is an assessable claim because it describes the ingredients of a product and attributes a specific effect to them ('Somnapure’s superior formula contains herbal ingredients such as Chamomile and Passionflower, which have a calming effect on the body, in addition to melatonin').","Somnapure’s superior formula contains herbal ingredients such as Chamomile and Passionflower, which have a calming effect on the body, in addition to melatonin"
harv_ev_nad_nad_finds_peak_life_can_support_certain_claims_for_s_2011_057b32_1354,assessable_claim,misses,This is an assessable claim because it makes a specific promise about the product's effect ('Somnapure’s unique sleep blend will help promote a calm and relaxing sleep').,Somnapure’s unique sleep blend will help promote a calm and relaxing sleep
harv_ev_nad_nad_finds_peak_life_can_support_certain_claims_for_s_2011_057b32_1355,assessable_claim,fires,"This is an assessable claim because it makes specific promises about the user's state after using the product ('Wake up feeling refreshed, energetic and free of grogginess or negative side-effects').","Wake up feeling refreshed, energetic and free of grogginess or negative side-effects"
harv_ev_nad_nad_finds_peak_life_can_support_certain_claims_for_s_2011_057b32_1357,assessable_claim,misses,"This is an assessable claim because it makes a comparative claim of superiority and origin ('Our top pick of sleep supplements is Somnapure, a new product from the scientists at Peak Life').","Our top pick of sleep supplements is Somnapure, a new product from the scientists at Peak Life"
harv_ev_nad_nad_finds_peak_life_can_support_certain_claims_for_s_2011_057b32_1358,assessable_claim,fires,This is an assessable claim because it makes a superlative claim about the product's effectiveness and safety ('It’s the number one choice for a safe and effective sleep aid').,It’s the number one choice for a safe and effective sleep aid
harv_ev_nad_nad_considers_jurisdictional_issue_recommends_beech__2017_9e44e1_1363,assessable_claim,fires,This is an assessable claim because it makes a superlative claim about the safety of a material ('Glass is nature’s safest container').,Glass is nature’s safest container
harv_ev_nad_nad_considers_jurisdictional_issue_recommends_beech__2017_9e44e1_1364,assessable_claim,misses,This is a self-contained advertising claim asserting exclusivity in a particular food preparation method for babies.,no one but us makes food for babies this way
harv_ev_nad_nad_considers_jurisdictional_issue_recommends_beech__2017_9e44e1_1365,assessable_claim,fires,This is a self-contained advertising claim about the sustainability of glass.,glass is the ultimate in sustainability
harv_ev_nad_nad_finds_reckitt_benckiser_ad_for_mucinex_fast_max__2016_90d800_1366,assessable_claim,misses,This is a self-contained advertising claim asserting exclusivity and specific benefits of a cold and flu liquid gel.,only cold and flu liquid gel that is max strength and fights mucus
harv_ev_nad_nad_recommends_matrixx_discontinue_claims_that_sugge_2013_9ac7cd_1369,not_a_claim,misses,"This is a slogan or a call to action, not a factual claim about a product's performance or characteristics.",Don’t let a monster of a cold catch you
harv_ev_nad_nad_recommends_helen_of_troy_discontinue_certain_cla_2015_afb98c_1376,not_a_claim,misses,"This appears to be a slogan or a promotional phrase, not a factual claim about a product's performance or characteristics.",No PUR filter? No Stars!
harv_ev_caru_caru_recommends_playmobil_modify_broadcast_advertisi_2012_6017df_1377,not_a_claim,misses,"This is a series of exclamations and descriptive phrases, not a factual claim that requires substantiation.",It’s beautiful! So many rooms! A grand playroom! A master bedroom and balcony! Lights that work! And two grand staircases! It’s so grand!
harv_ev_nad_nad_finds_mcnabb_can_support_modified_claims_for_nat_2012_573cb8_1381,assessable_claim,misses,This is a self-contained advertising claim for a sunblock that is 'for skin that prefers no chemicals' and is 'naturally'.,Sunblock for skin that prefers no chemicals. Sunology. Naturally
harv_ev_nad_nad_finds_mcnabb_can_support_modified_claims_for_nat_2012_573cb8_1382,assessable_claim,misses,This is a self-contained advertising claim comparing sunscreens and stating a reason for using Sunology.,most sunscreens make use of man-made chemicals and preservatives; that’s why I use Sunology
harv_ev_nad_slim_fast_foods_company_said_it_has_permanently_disc_2016_938d7e_1386,assessable_claim,misses,"This is a specific, quantifiable claim about weight loss attributed to an individual, implying a product's effectiveness.",Joann LOST 40 lbs
harv_ev_nad_slim_fast_foods_company_said_it_has_permanently_disc_2016_938d7e_1387,assessable_claim,fires,This is a self-contained advertising claim suggesting a method for weight loss.,snack away the weight
harv_ev_nad_slim_fast_foods_company_said_it_has_permanently_disc_2016_938d7e_1388,assessable_claim,misses,This is a self-contained advertising claim suggesting a method for weight loss.,Snack Your Way to Slim
harv_ev_nad_slim_fast_foods_company_said_it_has_permanently_disc_2016_938d7e_1389,assessable_claim,fires,This is a self-contained advertising claim about achieving weight loss goals easily through a specific plan and indulging cravings.,met their weight loss goals the easy way – by picking a plan that works and giving in to their cravings
harv_ev_nad_slim_fast_foods_company_said_it_has_permanently_disc_2016_938d7e_1391,assessable_claim,fires,This is a self-contained advertising claim about the proven effectiveness of a method for weight loss and maintenance.,proven to lose weight and keep it off
harv_ev_nad_nad_recommends_terra_novo_modify_discontinue_certain_2015_fdb891_1393,assessable_claim,fires,"This is a specific, quantifiable claim about an increase in vegetation.",more than a 400% increase in vegetation
harv_ev_nad_nad_honey_science_coupon_claims_2020_ce79b3_1397,assessable_claim,fires,This is a self-contained advertising claim asserting the availability of 'every working code on the internet'.,every working code on the internet
harv_ev_nad_nad_recommends_merck_discontinue_claim_that_copperto_2011_61b4e9_1398,assessable_claim,fires,This is a self-contained advertising claim about the breadth of protection offered by a product.,Protects across 100% of the UVA UVB spectrum
harv_ev_nad_nad_recommends_reynolds_discontinue_certain_claims_f_2017_546b76_1399,assessable_claim,fires,This is a self-contained comparative advertising claim about cost.,Costs Less Than Glad
harv_ev_nad_nad_recommends_reynolds_discontinue_certain_claims_f_2017_546b76_1401,assessable_claim,fires,This is a self-contained comparative advertising claim about cost.,cost less than Glad
harv_ev_nad_schwan_s_kraft_participate_in_nad_forum_2008_a469ab_1404,assessable_claim,misses,This is a self-contained comparative advertising claim about product preference.,TOMBSTONE is Preferred over RED BARON!
harv_ev_nad_beech_nut_says_it_has_permanently_discontinued_claim_2017_53c69a_1405,assessable_claim,misses,This is a self-contained advertising claim about the taste and digestive benefits of a baby food product.,has all the tastiness of oatmeal with smaller proteins that are gentler on your baby’s tummy
harv_ev_nad_nad_declines_to_rely_on_crowd_sourced_data_to_suppor_2017_ed0030_1410,not_a_claim,fires,"This is a question, not an advertising claim about a product or service.",Why doesn’t Verizon offer unlimited data like T-Mobile?
harv_ev_nad_nad_recommends_brock_beauty_discontinue_certain_clai_2015_4b0c86_1411,assessable_claim,fires,This is a self-contained advertising claim about the clinically proven effects of a product on hair.,Clinically proven to decrease number of hairs shed and increase hair growth
harv_ev_nad_nad_recommends_brock_beauty_discontinue_certain_clai_2015_4b0c86_1412,assessable_claim,misses,This is a self-contained advertising claim referencing a study and its results regarding hair.,results of a 2013 study show that Hairfinity decreases the number of hairs shed and increases hair growth
harv_ev_nad_nad_recommends_brock_beauty_discontinue_certain_clai_2015_4b0c86_1413,assessable_claim,misses,This is a self-contained advertising claim about the benefits of a product for hair growth.,nourishes and supports healthy hair growth
harv_ev_nad_nad_recommends_brock_beauty_discontinue_certain_clai_2015_4b0c86_1414,assessable_claim,misses,This is a self-contained advertising claim about the benefits of a product for hair growth.,encourages healthy hair growth
harv_ev_nad_nad_recommends_nootrobox_discontinue_challenged_perf_2016_88e3ed_1415,assessable_claim,misses,"This is a self-contained advertising claim that promises enhanced cognitive performance, increased working memory, and resilience to stress.","RISE: The daily nootropic. Memory, Stamina, and Resilience. RISE is your daily nootropic designed to enhance your long-term cognitive performance. Increase your baseline cognition. Shown to increase working memory and resilience to stress"
harv_ev_nad_nad_examines_advertising_for_hepcare_s_hepzone_sst_2008_8f4caf_1418,fragment,misses,This phrase is incomplete and lacks context to be a standalone claim. It describes a benefit but doesn't specify what is 'especially useful'.,especially useful for consumers who have failed conventional liver care
harv_ev_nad_nad_examines_advertising_for_hepcare_s_hepzone_sst_2008_8f4caf_1419,fragment,misses,This phrase is incomplete and lacks context to be a standalone claim. It describes a benefit but doesn't specify what is 'especially useful'.,Especially useful for consumers who failed conventional liver care
harv_ev_nad_nad_examines_advertising_for_hepcare_s_hepzone_sst_2008_8f4caf_1422,assessable_claim,fires,This is a self-contained advertising claim about the product's successful use by a large number of people for liver health.,Successfully used by more than 1.5 million people for liver health in Japan
harv_ev_nad_nad_examines_advertising_for_hepcare_s_hepzone_sst_2008_8f4caf_1423,assessable_claim,misses,This is a self-contained advertising claim about the product's quality and grade.,Pharmaceutical grade product to ensure highest quality
harv_ev_nad_nad_recommends_chattem_discontinue_twice_as_fast_cla_2018_1c8e9b_1424,assessable_claim,misses,This is a self-contained comparative advertising claim.,Twice as fast as Claritin
harv_ev_nad_nad_recommends_chattem_discontinue_twice_as_fast_cla_2018_1c8e9b_1425,assessable_claim,misses,This is a self-contained advertising claim about the speed of relief.,relief that starts at hour 1 instead of hour 2
harv_ev_nad_nad_recommends_chattem_discontinue_twice_as_fast_cla_2018_1c8e9b_1426,assessable_claim,misses,This is a self-contained comparative advertising claim.,works twice as fast as Claritin
harv_ev_nad_nad_recommends_your_baby_can_discontinue_certain_tes_2011_8a0901_1429,not_a_claim,misses,"This is narrative text from a legal document, expressing an opinion or argument, not a direct advertising claim for a product.",You have to start early. I don’t think starting later and just assuming because they’re infants they don’t have the ability – I mean that’s the wrong assumption
harv_ev_nad_nad_recommends_your_baby_can_discontinue_certain_tes_2011_8a0901_1430,not_a_claim,misses,"This is narrative text from a legal document, expressing an opinion or argument, not a direct advertising claim for a product.",I think all babies love to learn. It’s just nurturing the love of learning instead of waiting ‘til they’re 5 or 6 years old and then it’s a chore for them
harv_ev_nad_nad_recommends_t_mobile_discontinue_certain_challeng_2020_3be596_1435,assessable_claim,misses,This is a self-contained advertising claim about the product's functionality.,connect and watch in any room
harv_ev_nad_nad_recommends_verizon_modify_discontinue_certain_co_2012_185398_1437,assessable_claim,fires,"This is a self-contained advertising claim about being the 'only way' to get the 'fastest, most consistent, and most reliable Internet'.","only way to get America’s fastest, most consistent, and most reliable Internet"
harv_ev_nad_nad_refers_claims_for_health_energetic_labs_growth_s_2015_30ae56_1439,assessable_claim,fires,This is a self-contained advertising claim about a product's effect.,scientifically proven to make you grow taller
harv_ev_nad_nad_reviews_advertising_for_deephaven_s_bravina_comp_2009_e45cb6_1441,assessable_claim,misses,This is a self-contained advertising claim about the product's specific design and target audience.,Bravina is specifically designed and manufactured for sufferers of public speaking anxiety
harv_ev_nad_nad_reviews_advertising_for_deephaven_s_bravina_comp_2009_e45cb6_1442,assessable_claim,misses,This is a self-contained advertising claim about the benefits the product provides.,Bravina will provide you with the control and confidence you need for public speaking
harv_ev_nad_nad_reviews_advertising_for_deephaven_s_bravina_comp_2009_e45cb6_1443,assessable_claim,misses,This is a self-contained advertising claim introducing a new type of product for a specific purpose.,"Finally, a natural supplement for public speaking"
harv_ev_narb_narb_recommends_directv_better_disclose_to_consumers_2016_56ac98_1444,assessable_claim,fires,This is a self-contained advertising claim about the product's quality and format.,"DIRECTV has 4K, the best picture format available"
harv_ev_narb_narb_recommends_directv_better_disclose_to_consumers_2016_56ac98_1445,assessable_claim,misses,This is a self-contained advertising claim about the product's convenience and wireless functionality.,Say goodbye to messy cable wires and boxes. Enjoy entertainment wirelessly on every TV in your home
harv_ev_nad_insurance_auto_auctions_to_discontinue_claims_at_iss_2009_2835d1_1448,assessable_claim,misses,This is a self-contained advertising claim about achieving the 'Highest Selling Prices and Returns'.,Highest Selling Prices and Returns
harv_ev_nad_insurance_auto_auctions_to_discontinue_claims_at_iss_2009_2835d1_1449,assessable_claim,misses,This is a self-contained advertising claim about achieving 'record setting returns'.,record setting returns for our customers
harv_ev_nad_nad_finds_starbucks_can_support_certain_claims_for_v_2013_66d053_1456,assessable_claim,misses,This is a self-contained advertising claim about the product's natural ingredients and similarity to an original product.,all-natural milk pods produce lattes just like the original
harv_ev_nad_epson_challenges_advertising_for_texas_instruments_d_2009_2c2733_1459,assessable_claim,misses,This is a self-contained advertising claim advising consumers to choose a product with a specific feature to avoid a problem.,Choose DLP projectors with sealed optics to save yourself from your own dust nightmare
harv_ev_nad_nad_recommends_reckitt_benckiser_discontinue_certain_2017_e54f33_1462,not_a_claim,misses,"This appears to be a comparison heading or product listing, not an advertising claim itself.",Amopé GelActiv Everyday Heel Insole vs. Dr. Scholl’s Dream Walk High Heel Insole
harv_ev_nad_national_advertising_division_recommends_trek_narrow_2020_e9a39f_1465,fragment,fires,This is a comparative claim but is incomplete. 'up to 48x more effective' requires knowing what it is more effective than.,up to 48x more effective
harv_ev_nad_nad_recommends_shell_modify_discontinue_certain_clai_2017_30d9e0_1467,assessable_claim,fires,This is a self-contained advertising claim about providing the 'best total engine protection'.,best total engine protection
harv_ev_nad_nad_recommends_shell_modify_discontinue_certain_clai_2017_30d9e0_1468,assessable_claim,fires,This is a self-contained advertising claim that promises 'superior protection from wear'. A compliance reviewer could assess this claim for substantiation.,superior protection from wear
harv_ev_nad_nad_recommends_shell_modify_discontinue_certain_clai_2017_30d9e0_1469,assessable_claim,fires,This is a self-contained advertising claim that promises 'unbeatable protection from gunk'. A compliance reviewer could assess this claim for substantiation.,provides unbeatable protection from gunk
harv_ev_nad_nad_recommends_shell_modify_discontinue_certain_clai_2017_30d9e0_1470,assessable_claim,fires,This is a self-contained advertising claim that promises 'unsurpassed protection from performance-robbing gunk'. A compliance reviewer could assess this claim for substantiation.,unsurpassed protection from performance-robbing gunk
harv_ev_nad_nad_recommends_bodyarmor_modify_discontinue_certain__2014_9f602d_1472,not_a_claim,misses,"This phrase 'your grandfather’s sports drink' is likely a descriptive or evocative phrase, not a direct claim about the product's performance or attributes that would require substantiation.",your grandfather’s sports drink
harv_ev_nad_nad_recommends_bodyarmor_modify_discontinue_certain__2014_9f602d_1473,assessable_claim,misses,This is a self-contained advertising claim that makes a comparative statement about the quantity of electrolytes. A compliance reviewer could assess this claim for substantiation.,ELECTROLYTES: 2½X THE LEADING SPORTS DRINK
harv_ev_nad_nad_blueland_environmental_claims_2020_9d1414_1476,assessable_claim,fires,This is a self-contained advertising claim about the recyclability of all packaging components. A compliance reviewer could assess this claim for substantiation.,"every piece of packaging – from our tablet wrapper, shipping materials, our Forever Bottles (which aren’t intended for you to recycle) – is 100% recyclable"
harv_ev_nad_nad_blueland_environmental_claims_2020_9d1414_1477,assessable_claim,misses,This is a self-contained advertising claim that the product is 'better for your home and our planet'. A compliance reviewer could assess this claim for substantiation.,better for your home and our planet
harv_ev_nad_nad_blueland_environmental_claims_2020_9d1414_1478,assessable_claim,misses,"This is a self-contained advertising claim that the product is 'bad for germs, good for earth'. A compliance reviewer could assess this claim for substantiation regarding both efficacy and environmental benefit.","bad for germs, good for earth"
harv_ev_nad_nad_blueland_environmental_claims_2020_9d1414_1479,assessable_claim,misses,This is a self-contained advertising claim that the product is 'good for the earth'. A compliance reviewer could assess this claim for substantiation.,good for the earth
harv_ev_nad_nad_blueland_environmental_claims_2020_9d1414_1480,assessable_claim,fires,This is a self-contained advertising claim making a comparative performance statement. A compliance reviewer could assess this claim for substantiation.,eliminated more grease and grime than leading comparable brands
harv_ev_nad_nad_blueland_environmental_claims_2020_9d1414_1481,assessable_claim,fires,This is a self-contained advertising claim making a comparative performance statement. A compliance reviewer could assess this claim for substantiation.,outperformed the leading brands in efficacy tests completed at third party labs
harv_ev_nad_nad_blueland_environmental_claims_2020_9d1414_1482,assessable_claim,fires,This is a self-contained advertising claim about the product's efficacy. A compliance reviewer could assess this claim for substantiation.,effectively eliminate bacteria and viruses
harv_ev_nad_nad_recommends_alde_associates_discontinue_claims_th_2013_176551_1483,assessable_claim,fires,This is a self-contained advertising claim that daniPro is the 'best choice to stop the spread and avoid new infections'. A compliance reviewer could assess this claim for substantiation.,Keep in mind that daniPro is your best choice to stop the spread and avoid new infections
harv_ev_nad_nad_recommends_alde_associates_discontinue_claims_th_2013_176551_1484,fragment,misses,This phrase 'topical antifungal and is' is incomplete and depends on missing context to form a full claim. It's unclear what 'is' refers to or what the full statement is.,topical antifungal and is
harv_ev_caru_caru_examines_ad_for_dirty_south_bat_s_w_a_r_product_2016_838b82_1488,assessable_claim,misses,This is a testimonial that includes specific performance claims ('hitting the fence at 210ft') and comparative claims ('won’t use anything else'). Testimonials are considered advertising claims and require substantiation.,"My 8 year old is using Dirty South Bat W.A.R. … he is hitting the fence at 210ft!!!! Love these, have several other brands, but he won’t use anything else!"
harv_ev_caru_caru_examines_ad_for_dirty_south_bat_s_w_a_r_product_2016_838b82_1489,assessable_claim,misses,This is a specific performance claim. A compliance reviewer could assess this claim for substantiation.,he is hitting the fence at 210ft!
harv_ev_caru_caru_examines_ad_for_dirty_south_bat_s_w_a_r_product_2016_838b82_1490,not_a_claim,misses,"This is an expression of desire or opinion, not a factual claim about the product's performance or attributes that would require substantiation. It's a wish, not a promise.",Only wish we could afford more for the entire team and they’d be dominant!
harv_ev_nad_nad_recommends_taxslayer_discontinue_1_rated_claims__2019_c91f83_1491,assessable_claim,fires,This is a self-contained advertising claim making a 'Rated #1' statement with specific criteria. A compliance reviewer could assess this claim for substantiation.,Rated #1 in the tax prep software category on Trustpilot among companies with 3500+ reviews
harv_ev_nad_nad_refers_advertising_for_femalife_nutrition_s_supe_2017_3af740_1493,assessable_claim,misses,This is a testimonial describing a specific health benefit ('spontaneous bouts of urgent diarrhea had become a part of my past'). Testimonials are considered advertising claims and require substantiation.,FINALLY! Those spontaneous bouts of urgent diarrhea had become a part of my past
harv_ev_nad_nad_finds_jelly_belly_can_support_clinically_proven__2017_cb988b_1494,assessable_claim,misses,This is a self-contained advertising claim about the product's formulation and its intended effect. A compliance reviewer could assess this claim for substantiation.,Scientifically Formulated to Maximize Sports Performance
harv_ev_nad_frontier_communications_voluntarily_discontinues_cer_2017_990a04_1497,assessable_claim,misses,This is a self-contained advertising claim about the internet service's capacity. A compliance reviewer could assess this claim for substantiation.,"Frontier Internet is enough to handle all you do online… You name it online, you can do it with Frontier"
harv_ev_nad_frontier_communications_voluntarily_discontinues_cer_2017_990a04_1498,assessable_claim,fires,This is a self-contained advertising claim about the internet plans providing 'fast speeds' and 'plenty of bandwidth'. A compliance reviewer could assess this claim for substantiation.,"Frontier plans give you the fast speeds you need. That’s plenty of bandwidth for video conferencing, streaming, downloading and more"
harv_ev_nad_frontier_communications_voluntarily_discontinues_cer_2017_990a04_1501,assessable_claim,fires,This is a self-contained advertising claim about the speed and overall quality of Frontier FiOS. A compliance reviewer could assess this claim for substantiation.,Everything is faster with Frontier FiOS. Videos stream faster. Email attachments load quicker. Music and pictures are yours in less time. Internet is just better with Frontier FiOS
harv_ev_nad_frontier_communications_voluntarily_discontinues_cer_2017_990a04_1502,assessable_claim,fires,This is a self-contained advertising claim about the speed of video chats with fiber optics. A compliance reviewer could assess this claim for substantiation.,Video chats stream faster with fiber optics
harv_ev_nad_frontier_communications_voluntarily_discontinues_cer_2017_990a04_1503,assessable_claim,fires,This is a self-contained advertising claim about the benefits of less buffering and lag. A compliance reviewer could assess this claim for substantiation.,Less buffering and less lag means less time waiting for websites to load and more time enjoying your Internet
harv_ev_nad_frontier_communications_voluntarily_discontinues_cer_2017_990a04_1505,fragment,misses,This is a fragment because it is incomplete and lacks context. 'practically anything you and your family needs' needs to be completed with what 'it' is referring to.,practically anything you and your family needs
harv_ev_narb_narb_panel_hears_directv_appeal_even_very_funny_adve_2015_aff098_1509,assessable_claim,misses,This is a self-contained advertising claim. It makes a clear proposition to 'Get rid of cable and upgrade to DirecTV'.,Get rid of cable and upgrade to DirecTV
harv_ev_nad_procter_gamble_s_c_johnson_participate_in_nad_forum_2009_c082db_1513,assessable_claim,fires,This is an assessable claim because it makes a comparative statement about 'less greasy residue than the leading furniture polish'.,leaves less greasy residue than the leading furniture polish
harv_ev_nad_procter_gamble_s_c_johnson_participate_in_nad_forum_2009_c082db_1514,assessable_claim,fires,This is an assessable claim as it makes a comparative statement: 'gives you a better clean for your wood surfaces … than the leading furniture polish'.,gives you a better clean for your wood surfaces … than the leading furniture polish
harv_ev_nad_nad_recommends_kaplan_pmbr_modify_discontinue_certai_2009_c337f7_1516,assessable_claim,fires,This is an assessable claim because it presents a comparative performance claim with specific percentages and a direct competitive statement: 'Kaplan PMBR vs the national average for summer par pass rates: 90%* vs. 73% BarBri is NOT Enough'.,Kaplan PMBR vs the national average for summer par pass rates: 90%* vs. 73% BarBri is NOT Enough
harv_ev_nad_nad_finds_cyberdefender_acted_properly_in_discontinu_2012_7b4f14_1522,not_a_claim,misses,"This is a product name and description, not an advertising claim. It simply identifies 'DoubleMySpeed.com PC Optimization Software'.",DoubleMySpeed.com PC Optimization Software
harv_ev_nad_nad_finds_cyberdefender_acted_properly_in_discontinu_2012_7b4f14_1523,assessable_claim,fires,This is an assessable claim as it makes a clear promise about the product's performance: 'Using DoubleMySpeed you can always expect your computer to execute commands and programs faster and easier'.,Using DoubleMySpeed you can always expect your computer to execute commands and programs faster and easier
harv_ev_nad_nad_recommend_discover_modify_chart_of_comparative_c_2017_1f0437_1526,assessable_claim,misses,"This is an assessable claim, inviting comparison and making a statement about how 'Discover stacks up'.",Compare credit cards and see how Discover stacks up
harv_ev_nad_nad_recommend_discover_modify_chart_of_comparative_c_2017_1f0437_1527,assessable_claim,misses,This is a self-contained advertising claim promising 'cash back on every purchase'.,cash back on every purchase
harv_ev_nad_nad_recommend_discover_modify_chart_of_comparative_c_2017_1f0437_1528,assessable_claim,misses,This is a self-contained advertising claim about reward redemption: 'Redeem your rewards in any amount'.,Redeem your rewards in any amount
harv_ev_nad_nad_recommend_discover_modify_chart_of_comparative_c_2017_1f0437_1529,assessable_claim,fires,This is a self-contained advertising claim about reward redemption: 'Redeem your rewards at any time'.,Redeem your rewards at any time
harv_ev_nad_nad_finds_line_claim_in_ads_for_perdue_s_organic_chi_2018_779a0e_1530,assessable_claim,fires,"This is an assessable claim making a comparative statement about market leadership: 'Perdue, raising more organic chickens than anyone in America'.","Perdue, raising more organic chickens than anyone in America"
harv_ev_nad_nad_invisalign_performance_claims_2020_2be842_1531,assessable_claim,fires,This is an assessable claim making a specific performance promise: 'treatment times up to 50% faster'.,treatment times up to 50% faster
harv_ev_nad_nad_invisalign_performance_claims_2020_2be842_1535,assessable_claim,misses,"This is an assessable claim, making a specific performance promise about reduced treatment times: 'each smile has made our system smarter, helping to reduce treatment times to as little as three months'.","each smile has made our system smarter, helping to reduce treatment times to as little as three months"
harv_ev_nad_nad_abbott_claims_2011_40ce70_1537,assessable_claim,fires,"This is an assessable claim, announcing a 'breakthrough in the fight against muscle loss' and introducing 'New Ensure Muscle Health' as the solution.",New scientific advances have led to a breakthrough in the fight against muscle loss. New Ensure Muscle Health
harv_ev_nad_nad_abbott_claims_2011_40ce70_1538,assessable_claim,misses,This is an assessable claim making a specific benefit promise: 'Protects muscles by strengthening the muscle cell wall'.,Protects muscles by strengthening the muscle cell wall
harv_ev_nad_nad_abbott_claims_2011_40ce70_1539,assessable_claim,misses,This is an assessable claim making a specific benefit promise: 'Preserves muscle tissue by slowing the breakdown of protein'.,Preserves muscle tissue by slowing the breakdown of protein
harv_ev_nad_nad_abbott_claims_2011_40ce70_1540,assessable_claim,fires,This is an assessable claim making a specific benefit promise: 'Promotes muscle growth by increasing protein synthesis to help your body produce more muscle'.,Promotes muscle growth by increasing protein synthesis to help your body produce more muscle
harv_ev_nad_nad_abbott_claims_2011_40ce70_1541,assessable_claim,fires,"This is an assessable claim, stating the product's ingredients and their benefits: 'New Ensure Muscle Health has Revigor and protein to help protect, preserve and promote muscle health'.","New Ensure Muscle Health has Revigor and protein to help protect, preserve and promote muscle health"
harv_ev_nad_nad_abbott_claims_2011_40ce70_1542,assessable_claim,fires,"This is an assessable claim, making a clear promise of benefits: 'Rebuild muscle, regain strength with New Ensure Muscle Health'.","Rebuild muscle, regain strength with New Ensure Muscle Health"
harv_ev_nad_nad_recommends_bayer_cropscience_modify_discontinue__2016_43018f_1549,not_a_claim,misses,"This is a product name, not an advertising claim. It identifies 'Bayer Advanced 3-in-1 Weed and Feed for Southern Lawns'.",Bayer Advanced 3-in-1 Weed and Feed for Southern Lawns
harv_ev_nad_nad_recommends_bayer_cropscience_modify_discontinue__2016_43018f_1550,assessable_claim,misses,"This is an assessable claim, promising convenience and efficiency: 'Make one application, instead of buying and applying multiple products throughout the season with 3-in-1 Weed & Feed for Southern Lawns'.","Make one application, instead of buying and applying multiple products throughout the season with 3-in-1 Weed & Feed for Southern Lawns"
harv_ev_nad_nad_recommends_bayer_cropscience_modify_discontinue__2016_43018f_1551,fragment,fires,"This is a fragment. 'up to 6 months' is incomplete and needs context to be an assessable claim (e.g., 'lasts up to 6 months').",up to 6 months
harv_ev_narb_narb_refers_advertising_claims_made_by_j_b_weld_comp_2019_c68e59_1555,assessable_claim,misses,This is an assessable claim making a statement about the origin of the product: 'they have always been made in the USA'.,they have always been made in the USA
harv_ev_nad_nad_finds_comcast_can_support_fiber_optic_network_cl_2011_6fac18_1556,not_a_claim,misses,"This is a descriptive phrase identifying a feature, not a self-contained advertising claim. 'Our Fiber Optic Network' on its own doesn't make a promise or assertion.",Our Fiber Optic Network
harv_ev_nad_nad_recommends_diversey_discontinue_certain_claims_f_2018_f0f101_1564,assessable_claim,fires,"This is a self-contained advertising claim stating that Cryovac bags protect with industry-best film strength, side seals, and sonically welded zipper corners. A compliance reviewer could assess this claim for substantiation.","Cryovac bags protect with industry-best film strength, side seals, and sonically welded zipper corners"
harv_ev_nad_nad_recommends_3m_modify_discontinue_certain_claims__2015_e2ed8c_1568,assessable_claim,fires,This is a self-contained advertising claim stating that the product is 'simply the best earplug fit-testing system available'. A compliance reviewer could assess this claim for substantiation.,simply the best earplug fit-testing system available
harv_ev_nad_nad_recommends_3m_modify_discontinue_certain_claims__2015_e2ed8c_1569,assessable_claim,fires,This is a self-contained advertising claim stating that the 'best fit-testing system just got better'. A compliance reviewer could assess this claim for substantiation.,best fit-testing system just got better
harv_ev_nad_nad_recommends_3m_modify_discontinue_certain_claims__2015_e2ed8c_1571,fragment,misses,"This phrase 'see what sets it apart' is an incomplete thought and depends on missing context to understand what 'it' refers to and what 'sets it apart' from what. It's a call to action, not a claim.",see what sets it apart
harv_ev_nad_nad_recommends_3m_modify_discontinue_certain_claims__2015_e2ed8c_1573,not_a_claim,misses,"This statement 'variability/uncertainty factors are not indicated in test results' sounds like a descriptive statement about test results or a technical specification, not an advertising claim made to consumers.",variability/uncertainty factors are not indicated in test results
harv_ev_nad_nad_recommends_verizon_better_disclose_basis_for_cer_2014_133ea0_1576,assessable_claim,fires,"This is a self-contained advertising claim stating that the product/service is 'Rated #1 for Speed, Reliability and Customer Satisfaction'. A compliance reviewer could assess this claim for substantiation.","Rated #1 for Speed, Reliability and Customer Satisfaction"
harv_ev_nad_nad_recommends_sprint_discontinue_new_network_custom_2015_02f46f_1578,assessable_claim,misses,"This is a self-contained advertising claim stating that 'Sprint has an all-new network, providing customers across the country with significantly better call quality and faster data speeds in more places'. A compliance reviewer could assess this claim for substantiation.","Sprint has an all-new network, providing customers across the country with significantly better call quality and faster data speeds in more places"
harv_ev_nad_nad_recommends_sprint_discontinue_new_network_custom_2015_02f46f_1579,fragment,misses,"The phrase 'built from the ground up' is a fragment. While it implies a new construction, it lacks context about what was built and for what purpose to be a standalone assessable claim.",built from the ground up
harv_ev_nad_nad_recommends_clorox_discontinue_superior_performan_2015_860e35_1584,assessable_claim,fires,This is a self-contained advertising claim stating that the product 'Eliminates stains better than OxiClean'. A compliance reviewer could assess this comparative claim for substantiation.,Eliminates stains better than OxiClean
harv_ev_nad_nad_refers_nectar_sleep_to_ftc_2019_9352be_1586,assessable_claim,misses,This is a self-contained advertising claim offering a 'LIMITED OFFER: $125 Off + 2 Free Pillows'. A compliance reviewer could assess this claim for its terms and conditions.,LIMITED OFFER: $125 Off + 2 Free Pillows
harv_ev_nad_nad_recommends_beauty_science_group_modify_discontin_2017_6fcf87_1593,not_a_claim,fires,"This is a narrative statement explaining the motivation behind creating a product, not a direct advertising claim about the product's performance or features.","Created Hair La Vie because I never wanted another woman to have to go through the insecurity and heartbreak with hair loss, thinning and damage"
harv_ev_nad_nad_recommends_beauty_science_group_modify_discontin_2017_6fcf87_1594,assessable_claim,misses,"This is a self-contained advertising claim stating that the product 'promotes vibrant, beautiful hair'. A compliance reviewer could assess this claim for substantiation.","promotes vibrant, beautiful hair"
harv_ev_nad_nad_recommends_beauty_science_group_modify_discontin_2017_6fcf87_1595,assessable_claim,fires,"This is a self-contained advertising claim stating that 'Hair La Vie uses natural and safe ingredients. This product contains no fillers, harsh chemicals or artificial flavoring/coloring'. A compliance reviewer could assess this claim for substantiation regarding its ingredients.","Hair La Vie uses natural and safe ingredients. This product contains no fillers, harsh chemicals or artificial flavoring/coloring"
harv_ev_nad_nad_determines_p_g_can_support_claims_for_align_adve_2009_a93b13_1597,assessable_claim,fires,"This is a self-contained advertising claim stating that 'Align helps restore your natural balance, building and maintaining a stronger, healthier digestive system'. A compliance reviewer could assess this claim for substantiation.","Align helps restore your natural balance, building and maintaining a stronger, healthier digestive system"
harv_ev_nad_nad_recommends_church_dwight_discontinue_first_and_o_2012_08c2f2_1600,assessable_claim,misses,This is a self-contained advertising claim stating 'First and Only Test to Predict Ovulation Based on Your Unique LH Hormone Level'. A compliance reviewer could assess this claim for substantiation regarding its uniqueness and predictive ability.,First and Only Test to Predict Ovulation Based on Your Unique LH Hormone Level
harv_ev_nad_nad_recommends_chattem_discontinue_certain_claims_fo_2018_02ffc9_1604,assessable_claim,fires,This is a self-contained advertising claim stating 'ACT Dry Mouth Relief Complete Regimen. All products are formulated to aid in the treatment of dry mouth'. A compliance reviewer could assess this claim for substantiation.,ACT Dry Mouth Relief Complete Regimen. All products are formulated to aid in the treatment of dry mouth
harv_ev_nad_nad_recommends_chattem_discontinue_certain_claims_fo_2018_02ffc9_1605,assessable_claim,misses,This is a self-contained advertising claim stating that the product is 'Specially formulated to help relieve dry mouth'. A compliance reviewer could assess this claim for substantiation.,Specially formulated to help relieve dry mouth
harv_ev_nad_nad_recommends_chattem_discontinue_certain_claims_fo_2018_02ffc9_1606,assessable_claim,misses,"This is a self-contained advertising claim stating that the product 'provides immediate, long-lasting relief'. A compliance reviewer could assess this claim for substantiation.","provides immediate, long-lasting relief"
harv_ev_nad_nad_recommends_chattem_discontinue_certain_claims_fo_2018_02ffc9_1611,assessable_claim,misses,This is a self-contained advertising claim stating 'soothing dry mouth symptom relief'. A compliance reviewer could assess this claim for substantiation.,soothing dry mouth symptom relief
harv_ev_nad_nad_recommends_chattem_discontinue_certain_claims_fo_2018_02ffc9_1612,assessable_claim,fires,This is a self-contained advertising claim stating that the product will 'stimulate saliva flow and fight the harmful effects of dry mouth'. A compliance reviewer could assess this claim for substantiation.,stimulate saliva flow and fight the harmful effects of dry mouth
harv_ev_nad_nad_finds_certain_perfectio_performance_claims_subst_2020_7e06bb_1615,assessable_claim,fires,"This is a self-contained advertising claim stating 'Perfectio™ is easy to use and you can achieve younger, firmer skin in as little as 2 weeks'. A compliance reviewer could assess this claim for substantiation.","Perfectio™ is easy to use and you can achieve younger, firmer skin in as little as 2 weeks"
harv_ev_nad_nad_finds_certain_perfectio_performance_claims_subst_2020_7e06bb_1617,assessable_claim,fires,"This is a self-contained advertising claim stating 'you can achieve younger, firmer skin in as little as 2 weeks'. A compliance reviewer could assess this claim for substantiation.","you can achieve younger, firmer skin in as little as 2 weeks"
harv_ev_nad_nad_bel_marra_hearing_rescue_claims_2018_bbb7ed_1618,assessable_claim,misses,This is a self-contained advertising claim stating that 'vitamins and minerals such as folate and magnesium may help reduce the damage caused by repeated noise exposure'. A compliance reviewer could assess this claim for substantiation.,vitamins and minerals such as folate and magnesium may help reduce the damage caused by repeated noise exposure
harv_ev_nad_nad_bel_marra_hearing_rescue_claims_2018_bbb7ed_1619,assessable_claim,misses,"This is a self-contained advertising claim stating 'Improve the volume, range and sensitivity of your hearing'. A compliance reviewer could assess this claim for substantiation.","Improve the volume, range and sensitivity of your hearing"
harv_ev_nad_nad_bel_marra_hearing_rescue_claims_2018_bbb7ed_1620,assessable_claim,misses,"This is a self-contained advertising claim presented as a testimonial: 'I’ve had hearing problems for the past 6 years…within a few weeks of taking Hearing Rescue, it helped me to hear sounds I haven’t heard in years'. Testimonials are assessable claims that require substantiation and disclosure of typical results.","I’ve had hearing problems for the past 6 years…within a few weeks of taking Hearing Rescue, it helped me to hear sounds I haven’t heard in years"
harv_ev_nad_nad_bel_marra_hearing_rescue_claims_2018_bbb7ed_1621,assessable_claim,misses,This is a self-contained advertising claim that promises a specific benefit (boost circulation) to a specific area (tiny capillaries in and around your auditory canal). A compliance reviewer could assess this claim for substantiation.,Boost circulation to the tiny capillaries in and around your auditory canal
harv_ev_nad_draftkings_commits_to_discontinue_challenged_claims__2014_3a82af_1631,assessable_claim,fires,This is a self-contained advertising claim stating DraftKings is the '#1 destination for daily fantasy sports for money'. This is a comparative claim that would require substantiation.,DraftKings is the #1 destination for daily fantasy sports for money
harv_ev_nad_draftkings_commits_to_discontinue_challenged_claims__2014_3a82af_1632,assessable_claim,misses,This is a self-contained advertising claim stating DraftKings is 'the leader in the fast-growing world of daily fantasy sports for real money'. This is a leadership claim that would require substantiation.,DraftKings is the leader in the fast-growing world of daily fantasy sports for real money
harv_ev_narb_narb_recommends_reckitt_benckiser_discontinue_advert_2016_7a0c6d_1634,fragment,misses,"The claim 'approved to kill … more types of germs' is incomplete. The ellipsis indicates missing information, and 'more types of germs' is a comparative claim that needs a baseline for comparison (more than what?).",approved to kill … more types of germs
harv_ev_caru_caru_recommends_big_time_toys_modify_dippin_dots_ads_2011_1d29a1_1637,assessable_claim,misses,"This is a self-contained disclosure or condition of sale. It clearly states that 'Flavor Packs Sold Separately', which is an assessable piece of information for an ad.",Flavor Packs Sold Separately
harv_ev_nad_nad_recommends_gillette_discontinue_moisturerich_des_2012_51e7f7_1640,assessable_claim,fires,This is a self-contained advertising claim describing product features and benefits: 'MoistureRich shave gel bars enhanced with a triple blend of body butters that create a layer of protection for your skin with every close stroke'. This claim about protection would require substantiation.,MoistureRich shave gel bars enhanced with a triple blend of body butters that create a layer of protection for your skin with every close stroke
harv_ev_nad_nad_recommends_gillette_discontinue_moisturerich_des_2012_51e7f7_1641,assessable_claim,misses,"This is a self-contained advertising claim, an imperative to 'Treat your skin to MoistureRich'. While somewhat vague, it implies a benefit that could be assessed in context of the product.",Treat your skin to MoistureRich
harv_ev_nad_nad_recommends_verizon_modify_certain_claims_challen_2014_f336e6_1642,assessable_claim,fires,"This is a self-contained advertising claim making a comparative statement: 'FiOS TV is rated #1 in customer satisfaction, value and reliability, ahead of all the major cable and satellite companies'. This 'number one' claim would require substantiation.","FiOS TV is rated #1 in customer satisfaction, value and reliability, ahead of all the major cable and satellite companies"
harv_ev_nad_nad_recommends_verizon_modify_certain_claims_challen_2014_f336e6_1643,assessable_claim,misses,"This is a self-contained advertising claim promising a benefit: 'Say goodbye to sluggish broadband speeds and congestion'. This implies the product will resolve these issues, which would require substantiation.",Say goodbye to sluggish broadband speeds and congestion
harv_ev_nad_nad_recommends_bp_discontinue_broadcast_demonstratio_2014_7609dd_1645,fragment,fires,"The claim 'proven stronger than Mobil 1' is a comparative claim but lacks context. 'Stronger' in what regard? Without knowing what is being compared, it's a fragment.",proven stronger than Mobil 1
harv_ev_nad_nad_reviews_advertising_for_bayer_one_a_day_all_day__2007_d5912a_1646,assessable_claim,misses,This is a self-contained advertising claim promising a benefit: 'Helps You Feel Mentally and Physically Energized All Day'. This claim would require substantiation.,Helps You Feel Mentally and Physically Energized All Day
harv_ev_nad_nad_reviews_advertising_for_bayer_one_a_day_all_day__2007_d5912a_1647,assessable_claim,misses,This is a self-contained advertising claim promising a benefit and specifying an ingredient: 'Helps You Feel Mentally and Physically Energized All Day with an Extended-Release Guarana Blend'. This claim would require substantiation.,Helps You Feel Mentally and Physically Energized All Day with an Extended-Release Guarana Blend
harv_ev_nad_nad_recommends_nexus_formulas_discontinue_certain_ch_2019_3a24bf_1648,assessable_claim,misses,This is a self-contained advertising claim about product efficacy: 'clinical studies in the U.S. have shown it blocks sugar in the foods you eat from entering your blood'. This claim would require substantiation.,clinical studies in the U.S. have shown it blocks sugar in the foods you eat from entering your blood
harv_ev_nad_nad_recommends_nexus_formulas_discontinue_certain_ch_2019_3a24bf_1649,assessable_claim,misses,This is a self-contained advertising claim about product efficacy and user results: 'Plavinol’s active ingredient is shown to reduce excess sugar in the blood which is why so many users are seeing a reduction in the symptoms of Metabolic Syndrome'. This claim would require substantiation.,Plavinol’s active ingredient is shown to reduce excess sugar in the blood which is why so many users are seeing a reduction in the symptoms of Metabolic Syndrome
harv_ev_nad_nad_recommends_nexus_formulas_discontinue_certain_ch_2019_3a24bf_1650,assessable_claim,misses,This is a self-contained advertising claim about product safety: 'non-addictive and side effect free'. This claim would require substantiation.,non-addictive and side effect free
harv_ev_nad_nad_recommends_nexus_formulas_discontinue_certain_ch_2019_3a24bf_1651,assessable_claim,fires,"This is a self-contained advertising claim about product endorsement and efficacy: 'U.S. doctors are now recommending new Plavinol because it lowers blood sugar, triggers weight loss, and restores cholesterol, blood pressure, and triglycerides levels to normal without side effects'. This claim would require substantiation.","U.S. doctors are now recommending new Plavinol because it lowers blood sugar, triggers weight loss, and restores cholesterol, blood pressure, and triglycerides levels to normal without side effects"
harv_ev_nad_nad_recommends_nexus_formulas_discontinue_certain_ch_2019_3a24bf_1652,assessable_claim,misses,This is a self-contained advertising claim about product endorsement: 'Approved by doctors nationwide'. This claim would require substantiation.,Approved by doctors nationwide
harv_ev_nad_nad_recommends_nexus_formulas_discontinue_certain_ch_2019_3a24bf_1653,assessable_claim,misses,"This is a self-contained advertising claim about user testimonials and product efficacy: 'Many Plavinol users report a decrease in high blood sugar within days, followed by a reduction in high blood pressure and cholesterol within the first month'. This claim would require substantiation.","Many Plavinol users report a decrease in high blood sugar within days, followed by a reduction in high blood pressure and cholesterol within the first month"
harv_ev_nad_nad_finds_sbiomed_can_support_certain_claims_for_hos_2015_0effe2_1654,fragment,misses,"The claim 'kills the types of microorganisms' is a fragment because it's incomplete. It doesn't specify *which* types of microorganisms or if it's a complete list, making it unassessable on its own.",kills the types of microorganisms
harv_ev_nad_nad_finds_sbiomed_can_support_certain_claims_for_hos_2015_0effe2_1655,assessable_claim,fires,"This is a self-contained advertising claim describing product features and benefits: 'STERIPLEX SD is the first and only Clostridium difficile sporicide and broad-spectrum, which has proven to be remarkably safe, completely non-fuming, non-corrosive and contains to bleach'. This claim about being 'first and only' and its safety/efficacy would require substantiation.","STERIPLEX SD is the first and only Clostridium difficile sporicide and broad-spectrum, which has proven to be remarkably safe, completely non-fuming, non-corrosive and contains to bleach"
harv_ev_nad_nad_finds_sbiomed_can_support_certain_claims_for_hos_2015_0effe2_1656,assessable_claim,misses,This is a self-contained advertising claim about product efficacy: 'kills the types of microorganisms that can cause HAIs'. This claim would require substantiation.,kills the types of microorganisms that can cause HAIs
harv_ev_nad_nestl_purina_petcare_p_g_participate_in_nad_forum_2007_c35d4e_1658,assessable_claim,misses,"This is a self-contained advertising claim posed as a question, implying a benefit: 'What if you could help Extend your dog’s HEALTHY YEARS BY 15%?'. This claim about extending healthy years by a specific percentage would require substantiation.",What if you could help Extend your dog’s HEALTHY YEARS BY 15%?
harv_ev_nad_moon_juice_discontinues_challenged_claims_mesosilver_2015_21e061_1661,not_a_claim,misses,This appears to be a product name or description: 'MesoSilver Colloidal Silver Mineral Supplement'. It doesn't make a specific claim about performance or benefit.,MesoSilver Colloidal Silver Mineral Supplement
harv_ev_nad_nad_recommends_lg_electronics_discontinue_line_claim_2012_455f02_1670,not_a_claim,misses,"This is an attention-grabbing headline or rhetorical statement directed at a competitor, not a self-contained advertising claim about the product's features or benefits. It's more of a taunt.","HEY…SAMSUNG, YOUR 3D RESULTS ARE IN. AND IT’S NOT A PRETTY PICTURE"
harv_ev_nad_nad_recommends_lg_electronics_discontinue_line_claim_2012_455f02_1671,not_a_claim,misses,"This is a rhetorical question or taunt directed at a competitor, not a self-contained advertising claim about the product's features or benefits. It's a jab at a competitor's product design.","HEY…SAMSUNG, RECHARGEABLE GLASSES, WHAT’S NEXT, PEDAL-POWERED REMOTES?"
harv_ev_nad_nad_recommends_sonic_better_disclose_limitations_on__2013_f60584_1672,assessable_claim,misses,This is a complete and self-contained advertising claim offering a free item with a purchase.,FREE COFFEE WITH ANY BREAKFAST BURRITO
harv_ev_nad_nad_recommends_sonic_better_disclose_limitations_on__2013_f60584_1673,assessable_claim,misses,This is a complete and self-contained advertising claim offering a free item with a purchase.,FREE COFFEE WITH ANY BURRITO
harv_ev_nad_headline_nad_recommends_honeywell_drop_universal_com_2013_3f90bc_1674,assessable_claim,misses,This is a self-contained claim about product compatibility.,compatible with heating and cooling and heat pump systems
harv_ev_nad_headline_nad_recommends_honeywell_drop_universal_com_2013_3f90bc_1675,assessable_claim,fires,This is a self-contained claim about installation time.,designed to install in 15 minutes or less
harv_ev_nad_headline_nad_recommends_honeywell_drop_universal_com_2013_3f90bc_1676,assessable_claim,fires,This is a self-contained claim about potential savings.,Save up to 33% on your energy bill
harv_ev_nad_nad_recommends_vh_nutrition_discontinue_advertising__2018_42d089_1678,assessable_claim,fires,This is a self-contained claim about a product's benefit.,TriDrive help improve oxygen flow with the body during exercise
harv_ev_nad_nad_recommends_dermatology_industry_discontinue_sun__2018_f50550_1680,assessable_claim,fires,This is a self-contained claim about a product's benefits for skin protection and anti-aging.,UVO contains powerful ingredients to protect and repair the skin from sun damage as well as help with anti-aging
harv_ev_nad_nad_recommends_healthy_directions_discontinue_certai_2012_dae259_1682,assessable_claim,fires,This is a self-contained claim about a product's benefits for joint health and comfort.,Joint Advantage Gold benefits your entire joint and the structure around it. You’ll move more freely and be more comfortable!
harv_ev_caru_caru_recommends_subway_better_disclose_material_info_2017_a9e82a_1687,assessable_claim,fires,This is a self-contained call to action with a consequence.,Hurry in… otherwise you’ll miss out
harv_ev_caru_caru_recommends_subway_better_disclose_material_info_2017_a9e82a_1688,assessable_claim,fires,"This is a self-contained call to action with a consequence, specifying the location.",Hurry in to Subway … otherwise you’ll miss out
harv_ev_nad_nad_refers_advertising_for_stemulite_to_ftc_fda_for__2009_75d49d_1689,assessable_claim,fires,This is a self-contained list of benefits experienced by users of a product.,People who take Stemulite Experience: Deep REM Sleep Increased Muscle Gain and Endurance Increased Weight Loss and Fat Loss Increased Wellness and Energy
harv_ev_nad_nad_refers_advertising_for_stemulite_to_ftc_fda_for__2009_75d49d_1690,assessable_claim,misses,This is a self-contained testimonial claim about an energy boost.,I Have Noticed A Tremendous Energy Boost
harv_ev_nad_nad_refers_advertising_for_stemulite_to_ftc_fda_for__2009_75d49d_1691,assessable_claim,misses,This is a self-contained testimonial claim about seeing results within a specific timeframe.,"Using Stemulite, I Have Seen Results in 2-3 Weeks"
harv_ev_nad_nad_refers_advertising_for_stemulite_to_ftc_fda_for__2009_75d49d_1692,assessable_claim,fires,This is a self-contained testimonial claim about improved sleep.,"I Am Getting Eight Hours of Restful Sleep, It’s A Miracle"
harv_ev_nad_nad_recommends_euro_pro_discontinue_claims_that_shar_2015_c699f6_1698,assessable_claim,fires,This is a self-contained comparative claim about product reviews.,more 5-star online reviews than any other vacuum brand
harv_ev_nad_nad_recommends_euro_pro_discontinue_claims_that_shar_2015_c699f6_1699,assessable_claim,fires,This is a self-contained comparative claim about product ratings.,More 5-Star online ratings than any other vacuum brand
harv_ev_nad_epson_america_texas_instruments_participate_in_nad_f_2009_c0b3c1_1700,assessable_claim,misses,This is a self-contained claim about the negative attributes of a technology.,"DLP Technology is Harmful, Distracting and Subject to ‘Color Breakup"
harv_ev_nad_epson_america_texas_instruments_participate_in_nad_f_2009_c0b3c1_1701,fragment,misses,This is a fragment. 'can be very distracting to some viewers' is incomplete without knowing what 'can be very distracting'.,can be very distracting to some viewers
harv_ev_nad_nad_recommends_centurylink_modify_certain_speed_clai_2014_7464ee_1708,assessable_claim,fires,This is a self-contained claim about internet speeds.,Speeds up to 40 Mbps
harv_ev_nad_nad_recommends_centurylink_modify_certain_speed_clai_2014_7464ee_1709,assessable_claim,fires,This is a self-contained claim about internet speeds.,Speeds up to 20Mbps
harv_ev_nad_nad_refers_advertising_for_the_silver_edge_micro_par_2018_3311d9_1712,assessable_claim,fires,This is a self-contained claim about a product's effectiveness against the flu.,Colloidal Silver: Your #1 Best Antidote to Winter Flu Season
harv_ev_nad_nad_recommends_isatori_discontinue_certain_claims_fo_2014_03ac13_1713,assessable_claim,misses,This is a self-contained claim about a product's dosage and benefit.,Just take two Energize tablets in the morning for all-day energy
harv_ev_nad_nad_refers_claims_for_verified_forskolin_to_ftc_for__2016_128010_1716,assessable_claim,fires,This is a self-contained claim about a product's benefit for bone mass.,You will easily increase your bone mass in case you take a moment and start using forskolin
harv_ev_nad_nad_blood_boost_dietary_claim_2020_af128d_1720,assessable_claim,fires,This is a self-contained claim about a diet's effectiveness and a business deal.,Miracle Diabetes Curing Diet Nets Biggest Deal in Shark Tank History!
harv_ev_nad_nad_blood_boost_dietary_claim_2020_af128d_1721,assessable_claim,misses,This is a self-contained claim about blood sugar levels.,high blood sugar was totally normal
harv_ev_nad_nad_recommends_sprint_discontinue_certain_claims_mad_2018_550b3b_1722,not_a_claim,misses,"This appears to be a store name or a descriptive phrase, not an advertising claim about a product's benefits or features.",Twice the Price Store
harv_ev_nad_nad_recommends_sprint_discontinue_certain_claims_mad_2018_550b3b_1724,assessable_claim,misses,This is a self-contained advertising claim about Sprint's network capabilities and future-proofing.,Sprint’s Network is built for unlimited … with more spectrum for the future
harv_ev_narb_narb_recommends_biologic_solutions_discontinue_chall_2012_cf50d7_1727,assessable_claim,fires,This is a self-contained advertising claim about a 'miracle treatment' that 'reverses the look of aging skin'.,Today Medical History is being made … Researchers have discovered a new miracle treatment that reverses the look of aging skin
harv_ev_nad_nad_refers_claims_for_steuart_s_pain_formula_to_ftc__2015_d24fda_1729,assessable_claim,fires,This is a self-contained advertising claim describing the product's use for foot pain associated with diabetic neuropathy and its benefit of providing relief for sleep.,John uses Steuart’s Pain Formula for foot pain associated with diabetic neuropathy…Using it will give him relief so that he is able to sleep
harv_ev_nad_nad_refers_claims_for_steuart_s_pain_formula_to_ftc__2015_d24fda_1730,assessable_claim,misses,This is a self-contained advertising claim describing the product's long-lasting pain relief and immediate effect.,"I put the Pain Formula on my knees about 10:00 a.m. this morning, and it’s now 9:00 p.m., and I’m still pain free…I could feel it working as soon as I put it on"
harv_ev_nad_nad_determines_hill_s_can_support_packaging_claims_m_2009_0d0665_1732,assessable_claim,fires,This is a self-contained advertising claim about tested nutrition promoting healthy joint development and enhancing mobility by a specific percentage in a specific timeframe.,Tested nutrition to promote healthy joint development and enhance mobility by 30% in 90 days
harv_ev_nad_nad_determines_hill_s_can_support_packaging_claims_m_2009_0d0665_1733,assessable_claim,fires,This is a self-contained advertising claim about tested nutrition promoting healthy joint development and enhancing mobility by a specific percentage in a specific timeframe.,tested nutrition to promote healthy joint development and enhance mobility by 30% in 45 days
harv_ev_nad_nad_finds_quten_can_support_certain_claims_for_qunol_2009_12162d_1742,assessable_claim,fires,This is a self-contained advertising claim comparing the product's absorption to regular CoQ10.,Up to 6X better absorption than regular CoQ10
harv_ev_nad_nad_finds_quten_can_support_certain_claims_for_qunol_2009_12162d_1743,assessable_claim,misses,This is a self-contained advertising claim about CoQ10's effect on migraine attacks.,CoQ10 reduces both the frequency and the duration of migraine attacks
harv_ev_nad_nad_finds_quten_can_support_certain_claims_for_qunol_2009_12162d_1745,assessable_claim,misses,This is a self-contained advertising claim about Qunol reducing fasting blood glucose levels by a specific percentage.,Qunol reduces fasting blood glucose levels by 33%
harv_ev_nad_nad_finds_quten_can_support_certain_claims_for_qunol_2009_12162d_1746,assessable_claim,fires,This is a self-contained advertising claim about the product's absorbability.,up to 300% more absorbable
harv_ev_nad_nad_finds_quten_can_support_certain_claims_for_qunol_2009_12162d_1747,assessable_claim,fires,This is a self-contained advertising claim about the product's absorption.,up to 6x better absorption
harv_ev_nad_nad_refers_advertising_for_maxam_s_pca_supplement_to_2013_68619f_1748,assessable_claim,fires,"This is a self-contained advertising claim about PCA being the only product to naturally help the body remove toxins, poisons, and chemicals.","PCA is the only product ever specifically developed to naturally help your body safely and effectively remove all toxins, poisons, chemicals or anything that is not part of a healthy living biological system"
harv_ev_nad_nad_recommends_pursuit_of_research_discontinue_all_c_2014_176322_1749,assessable_claim,misses,This is a self-contained advertising claim about the product's effect on seizures and medication.,"Seizures reduces and then stopped, medications were lowered and then eliminated"
harv_ev_nad_nad_reviews_masternet_s_environmental_claims_followi_2009_a84fd1_1751,assessable_claim,misses,This is a self-contained advertising claim about MasterNet's 'Wattle Netting' being biodegradable.,MasterNet’s ‘Wattle Netting’ is biodegradable
harv_ev_nad_nad_reviews_masternet_s_environmental_claims_followi_2009_a84fd1_1752,assessable_claim,misses,This is a self-contained advertising claim about 'Newly redesigned biodegradable Bottle Sleeves'.,Newly redesigned biodegradable Bottle Sleeves
harv_ev_nad_nad_reviews_masternet_s_environmental_claims_followi_2009_a84fd1_1755,assessable_claim,misses,This is a self-contained advertising claim about the product's environmental benefit of saving trees.,saved countless trees from destruction
harv_ev_nad_solo_cup_challenges_advertising_claims_for_dispoz_o__2009_3ae223_1757,assessable_claim,fires,This is a self-contained advertising claim about Enviroware products being 100% biodegradable and coming with a certificate.,"Enviroware cutlery, straws, hinged containers, plates, bowls and trays are 100% biodegradable and come with a certificate of biodegradability"
harv_ev_nad_nad_finds_chase_doesn_t_mislead_consumers_with_point_2013_dd1b14_1761,assessable_claim,misses,This is a self-contained advertising claim comparing Chase Freedom's cash back offer to a competitor's.,"Chase Freedom gives you a full 1% cash back from your first purchase. Unlike the Largest Cash Back Card, which only gives you 0.25% until you spend $3,000, every Year"
harv_ev_nad_nad_recommends_novartis_discontinue_speed_of_onset_c_2011_c22be1_1763,assessable_claim,misses,This is a self-contained advertising claim about the product relieving headaches faster.,starts relieving headaches faster
harv_ev_nad_nad_examines_advertising_for_d_artagnan_s_artisan_fo_2009_0fd51d_1766,assessable_claim,misses,"This is a self-contained advertising claim about how the animals are raised, implying a quality or ethical benefit.",hand-raised with tender care under the strictest of animal care standards
harv_ev_nad_nad_recommends_chattem_discontinue_smart_design_form_2018_68898c_1774,assessable_claim,fires,This is a self-contained advertising claim comparing Xyzal Allergy 24HR to Zyrtec in terms of relief and medicine content.,"Xyzal Allergy 24HR provides the same relief as Zyrtec, with half the medicine"
harv_ev_nad_nad_refers_advertising_for_obesity_research_council__2014_eddaa1_1777,assessable_claim,fires,"This is a self-contained advertising claim about the product being clinically proven to help reduce weight and body fat, and being safe and effective.","Clinically proven: Helps reduce weight, Helps reduce Body Fat, Safe and Effective"
harv_ev_nad_nad_refers_advertising_claims_made_by_shredlage_claa_2016_8ba4f7_1781,assessable_claim,misses,"This is a self-contained advertising claim about the product's improved features and benefits related to fiber, packaging, and microbial activity.","Improved effective fiber, better packaging, and a greater exposure to the inner cells of the plant for increased microbial activity"
harv_ev_nad_nad_recommends_mane_choice_modify_product_name_disco_2017_b818c0_1782,not_a_claim,misses,"This appears to be a list of product names, not advertising claims about their benefits or features.","Manetabolism Plus, Laid Back Effortless Growth Stimulant Edge Control & The Multi-Vitamin Scalp Nourishing Oil"
harv_ev_nad_nad_recommends_mane_choice_modify_product_name_disco_2017_b818c0_1784,assessable_claim,misses,This is a self-contained advertising claim about a product's purpose.,Dietary supplement created to aid in hair growth
harv_ev_nad_nad_recommends_mane_choice_modify_product_name_disco_2017_b818c0_1785,assessable_claim,fires,This is a self-contained advertising claim about a product's formulation and purpose.,Manetabolism Plus is a daily complete dietary supplement formulated to grow hair
harv_ev_nad_nad_recommends_mane_choice_modify_product_name_disco_2017_b818c0_1786,assessable_claim,fires,This is a self-contained advertising claim about the product's ingredients and their benefits.,Loaded with essential antioxidants to help boost the immune system and energy levels naturally
harv_ev_nad_nad_recommends_mane_choice_modify_product_name_disco_2017_b818c0_1788,assessable_claim,misses,This is a self-contained advertising claim describing the product's benefit.,Healthy Hair Growth and Retention Vitamin
harv_ev_nad_nad_recommends_mane_choice_modify_product_name_disco_2017_b818c0_1789,assessable_claim,misses,This is a self-contained advertising claim about the product's action.,Promotes healthy growth and retention
harv_ev_nad_nad_recommends_mane_choice_modify_product_name_disco_2017_b818c0_1791,assessable_claim,misses,This is a self-contained advertising claim about the product's action.,Stimulate dormant hair follicles to grow
harv_ev_nad_nad_recommends_mane_choice_modify_product_name_disco_2017_b818c0_1792,assessable_claim,misses,This is a self-contained advertising claim describing a product's function.,Growth Stimulating Edge Control
harv_ev_nad_nad_recommends_mane_choice_modify_product_name_disco_2017_b818c0_1793,assessable_claim,misses,This is a self-contained advertising claim about the product's action.,Promotes growth and retention
harv_ev_nad_nad_recommends_mane_choice_modify_product_name_disco_2017_b818c0_1794,assessable_claim,misses,This is a self-contained advertising claim describing a product's benefit.,Natural growth and retention solution
harv_ev_nad_nad_recommends_mane_choice_modify_product_name_disco_2017_b818c0_1796,assessable_claim,misses,This is a self-contained advertising claim about the product's benefits.,"Promotes longer, thicker and healthier hair"
harv_ev_nad_nad_recommends_mane_choice_modify_product_name_disco_2017_b818c0_1798,assessable_claim,fires,This is a self-contained advertising claim about the product's action.,Stimulate slow and inactive hair follicles
harv_ev_caru_caru_recommends_agkidzone_take_steps_to_better_prote_2009_f56fc7_1799,not_a_claim,misses,"This is procedural text, not an advertising claim about a product or service.","Get Permission, since you’re under 13 we must email your parent/guardian to get their permission!"
harv_ev_caru_caru_recommends_agkidzone_take_steps_to_better_prote_2009_f56fc7_1800,not_a_claim,misses,"This is a directive or instruction, not an advertising claim.",Click yes or no if you are a parent/guardian
harv_ev_nad_nad_recommends_virtua_health_system_discontinue_chal_2014_dbbf84_1801,assessable_claim,misses,This is a self-contained advertising claim implying a benefit or differentiator.,It’s what we don’t cut that counts
harv_ev_nad_nad_reviews_cox_powerboost_claims_following_challeng_2009_fed2f2_1804,assessable_claim,misses,This is a self-contained comparative advertising claim.,Dial up and DSL just can’t compete
harv_ev_nad_nad_reviews_cox_powerboost_claims_following_challeng_2009_fed2f2_1805,assessable_claim,fires,This is a self-contained advertising claim about speed with a specific feature.,Up to 15Mbps download speed with PowerBoost
harv_ev_nad_nad_reviews_cox_powerboost_claims_following_challeng_2009_fed2f2_1806,assessable_claim,fires,This is a self-contained advertising claim about speed and its benefits.,"Get up to 20 mbps download speeds for faster access to research, music and videos because I don’t have time to wait around"
harv_ev_nad_3m_challenges_advertising_for_s_c_johnson_s_pledge_f_2009_8149a3_1807,assessable_claim,misses,This is a self-contained comparative advertising claim about product equivalence.,Each one of these rollers is equal to 185 of those sticky roller sheets
harv_ev_nad_3m_challenges_advertising_for_s_c_johnson_s_pledge_f_2009_8149a3_1808,assessable_claim,misses,This is a self-contained advertising claim about ease of use.,Cleaning up pet hair has never been easier!
harv_ev_nad_nad_refers_advertising_from_north_american_green_to__2009_1d1d5c_1810,assessable_claim,misses,This is a self-contained advertising claim about a product's environmental attribute.,cotton is totally green
harv_ev_nad_nad_refers_advertising_from_north_american_green_to__2009_1d1d5c_1813,not_a_claim,misses,"This appears to be a product name or descriptive term, not an advertising claim.",Cotton Fiber Reinforced Matrix
harv_ev_nad_nad_refers_advertising_claims_made_by_consumertrack__2020_db9dd9_1817,assessable_claim,misses,This is a self-contained advertising claim about a service and its price.,Credit Report Check for $1
harv_ev_nad_nad_examines_advertising_for_dermasilk_2008_9038ab_1821,assessable_claim,fires,This is a self-contained advertising claim about clinical proof and product benefits.,"DermaSilk is clinically proven to help reduce the appearance of wrinkles, fine lines, age spots and premature aging"
harv_ev_nad_nad_examines_advertising_for_dermasilk_2008_9038ab_1822,assessable_claim,fires,This is a self-contained advertising claim about product benefits and a timeframe.,reduce the appearance of wrinkles and fine lines in just 2 weeks
harv_ev_nad_nad_examines_advertising_for_dermasilk_2008_9038ab_1823,assessable_claim,misses,This is a self-contained advertising claim introducing a product and its benefits.,"Introducing DermaSilk AntiWrinkle. A revolutionary, age-defying anti-wrinkle supplement"
harv_ev_nad_nad_examines_advertising_for_dermasilk_2008_9038ab_1824,assessable_claim,fires,This is a self-contained advertising claim that promises a specific benefit: repairing damage caused by sun exposure. A compliance reviewer could assess this claim for substantiation.,Helps repair damage caused by sun exposure
harv_ev_nad_nad_examines_advertising_for_dermasilk_2008_9038ab_1825,assessable_claim,misses,This is a self-contained advertising claim that promises a benefit: 'Turn back the years'. A compliance reviewer could assess this claim for substantiation.,Turn back the years with DermaSilk
harv_ev_nad_nad_reviews_advertising_for_chloraseptic_products_2009_3698ea_1827,assessable_claim,fires,This is a self-contained advertising claim that makes a comparative statement about strength and availability. A compliance reviewer could assess this claim for substantiation.,Strongest medicine … without a prescription
harv_ev_nad_nad_reviews_advertising_for_chloraseptic_products_2009_3698ea_1828,assessable_claim,fires,This is a self-contained advertising claim that makes a comparative statement about pain relief and availability. A compliance reviewer could assess this claim for substantiation.,Strongest pain relief … without a prescription
harv_ev_nad_nad_finds_dole_commercial_doesn_t_disparage_competin_2015_26b183_1835,assessable_claim,fires,This is a self-contained advertising claim about the product's packaging content. A compliance reviewer could assess this claim for accuracy.,Dole’s entire line of regular Fruit Bowls is packed in 100% fruit juice
harv_ev_nad_nad_recommends_removyl_discontinue_advertising_claim_2009_088de0_1844,assessable_claim,misses,This is a self-contained advertising claim detailing a specific weight loss result and the conditions under which it was achieved. A compliance reviewer could assess this claim for substantiation.,I lost 11 pounds in less that a week without changing my eating habits and without strict diets
harv_ev_nad_nad_examines_advertising_from_indoor_tanning_associa_2008_0a20bd_1845,not_a_claim,misses,"This appears to be a heading or a statement of opinion/dispute rather than a direct advertising claim for a product or service. The word 'HYPE' suggests a commentary on a claim, not a claim itself.",TANNING CAUSES MELANOMA: HYPE
harv_ev_caru_ontel_discontinues_certain_claims_for_dream_tents_fo_2017_f37971_1848,assessable_claim,misses,"This is a self-contained advertising claim that describes the benefits of Dream Tents, including alleviating fears of the dark and promoting restful sleep. A compliance reviewer could assess these claims for substantiation.",No parent wants his or her child to be afraid of the dark. Dream Tents are comforting. They can help alleviate fears of the dark and they can promote a restful night’s sleep
harv_ev_nad_nad_reviews_compare_to_claim_from_b_l_wal_mart_follo_2015_383fd9_1854,assessable_claim,misses,This is a self-contained advertising claim about a product's ability to retain moisture for comfort. A compliance reviewer could assess this claim for substantiation.,Retains moisture for comfort from insertion to removal
harv_ev_nad_nad_recommends_bausch_lomb_discontinue_certain_chall_2017_14c31e_1855,assessable_claim,fires,This is a self-contained advertising claim using superlative language ('best-in-class') to describe product properties and performance. A compliance reviewer could assess this claim for substantiation.,best-in-class properties for best-in-class performance
harv_ev_nad_nad_recommends_morton_discontinue_certain_advertisin_2013_3c3de5_1856,assessable_claim,fires,"This is a self-contained advertising claim making a specific, quantifiable comparison about mineral removal. The disclaimer mentioned is part of the context but the claim itself is assessable.",Removes up to 12% more hard water minerals than plain salt pellets during regeneration* Product packaging and some advertisements also carried the disclaimer
harv_ev_nad_nad_refers_north_american_herb_spice_to_ftc_2007_d2bf36_1858,fragment,misses,This phrase refers to 'scientific studies published in Antiviral Research' but does not state what those studies found or what product benefit they support. It's incomplete as an advertising claim.,scientific studies published in Antiviral Research
harv_ev_nad_nad_recommends_dreambrands_discontinue_claims_for_ad_2012_e23669_1859,assessable_claim,misses,This is a self-contained advertising claim describing the holistic benefits of a supplement. A compliance reviewer could assess these claims for substantiation.,"Add Lib is an all natural supplement for women to feel better physically, mentally and emotionally – a holistic approach to sustain energy and reduce anxiety – so you can fall in love with life again"
harv_ev_nad_nad_recommends_dreambrands_discontinue_claims_for_ad_2012_e23669_1860,assessable_claim,fires,This is a self-contained advertising claim listing specific benefits. A compliance reviewer could assess these claims for substantiation.,Increase your energy. Improve your mood. Regain your glow
harv_ev_nad_nad_recommends_dreambrands_discontinue_claims_for_ad_2012_e23669_1861,assessable_claim,fires,This is a self-contained advertising claim listing specific benefits. A compliance reviewer could assess these claims for substantiation.,"Add Lib promotes energy, a healthy mood and sexual desire"
harv_ev_nad_nad_refers_advertising_claims_made_by_lab_door_to_ft_2017_e9157e_1864,assessable_claim,fires,This is a self-contained advertising claim about the ability to find and buy the best supplements based on science. A compliance reviewer could assess this claim for substantiation regarding the 'best' and 'real science' aspects.,"Research, find, and buy the best supplements based on real science"
harv_ev_nad_nad_refers_advertising_claims_made_by_lab_door_to_ft_2017_e9157e_1865,fragment,misses,"This phrase 'Enables consumers to identify and purchase' is incomplete. It doesn't state what is being identified and purchased, or what benefit this enablement provides. It's dependent on missing context.",Enables consumers to identify and purchase
harv_ev_nad_nad_refers_advertising_claims_made_by_lab_door_to_ft_2017_e9157e_1866,not_a_claim,fires,"This describes a process or methodology ('Laboratory results and label claims for each product are used to calculate a Quality score...'). It's descriptive text about how something works, not a direct advertising claim about a product's benefit or feature.","Laboratory results and label claims for each product are used to calculate a Quality score, which is comprised of individual scores for Label Accuracy, Product Purity, Nutritional Value, Ingredient Safety and Project Efficacy"
harv_ev_nad_nad_refers_advertising_claims_made_by_lab_door_to_ft_2017_e9157e_1867,fragment,misses,"This phrase 'LabDoor also ranks supplements' is a statement of fact about an action taken by LabDoor, but it's not a self-contained advertising claim that promises a benefit or feature to a consumer. It's descriptive of a service, but lacks the 'what' or 'why' for a consumer.",LabDoor also ranks supplements
harv_ev_nad_nad_finds_dse_healthcare_can_support_certain_claims__2016_9a783a_1868,assessable_claim,misses,This is a self-contained advertising claim about a product's action ('takes out the food acid as you eat'). A compliance reviewer could assess this claim for substantiation.,Prelief takes out the food acid as you eat
harv_ev_nad_nad_finds_dse_healthcare_can_support_certain_claims__2016_9a783a_1869,assessable_claim,fires,This is a self-contained advertising claim about a product's action ('removes acid irritant from foods and beverages'). A compliance reviewer could assess this claim for substantiation.,Prelief removes acid irritant from foods and beverages
harv_ev_nad_nad_finds_walden_farms_can_substantiate_certain_clai_2013_cf2c8c_1873,assessable_claim,misses,"This is a self-contained advertising claim promising a specific, quantifiable weight loss result. A compliance reviewer could assess this claim for substantiation.",Lose 34 Pounds a Year!
harv_ev_nad_nad_recommends_vestagen_discontinue_claims_that_comp_2016_0c105e_1877,assessable_claim,misses,This is a self-contained advertising claim about a product's protective benefit. A compliance reviewer could assess this claim for substantiation.,helps guard workers and patients from pathogens and other contaminants
harv_ev_nad_nad_recommends_vestagen_discontinue_claims_that_comp_2016_0c105e_1878,assessable_claim,misses,This is a self-contained advertising claim about the outcome of using garments with Vestex fabric. A compliance reviewer could assess this claim for substantiation.,garments with Vestex fabric lead to a safer environment
harv_ev_nad_bedrock_brands_discontinues_claims_for_st_joseph_s_l_2014_271cd7_1880,assessable_claim,fires,This is a self-contained advertising claim about the speed of a product's action. A compliance reviewer could assess this claim for substantiation.,MELTS FAST WORKS FAST
harv_ev_nad_nad_finds_comcast_can_support_overall_speed_claims_c_2013_252f49_1886,assessable_claim,fires,This is a self-contained advertising claim comparing speed to a competitor.,Up to 4x faster than CenturyLink
harv_ev_nad_nad_recommends_vogue_change_packaging_to_eliminate_f_2015_a6928e_1890,assessable_claim,fires,This is a self-contained advertising claim about the potency of extracts.,High performance extracts up to 200x more potent than their raw natural state
harv_ev_nad_nad_recommends_triumph_pharmaceuticals_discontinue_c_2018_329a83_1891,assessable_claim,misses,This is a self-contained advertising claim promising the absence of dry mouth and bad breath.,Never have dry mouth. Never have bad breath
harv_ev_nad_nad_recommends_triumph_pharmaceuticals_discontinue_c_2018_329a83_1892,assessable_claim,fires,This is a self-contained advertising claim about providing instant relief for dry mouth.,provides instant relief for dry mouth
harv_ev_nad_nad_recommends_triumph_pharmaceuticals_discontinue_c_2018_329a83_1896,assessable_claim,misses,This is a self-contained advertising claim about providing soothing moisture for a dry mouth.,soothing moisture for a dry mouth
harv_ev_nad_nad_recommends_triumph_pharmaceuticals_discontinue_c_2018_329a83_1897,assessable_claim,fires,This is a self-contained advertising claim about a product eliminating morning breath.,PM Rinse—Eliminates Morning Breath
harv_ev_caru_caru_recommends_reebok_discontinue_certain_claims_fo_2011_de1fbb_1900,assessable_claim,fires,This is a self-contained advertising claim describing a shoe's features and benefits.,Now for kids too. Try the shoe with the energy boost. Its unique zigzag shaped sole propels you forward with every step
harv_ev_nad_nad_recommends_dkb_household_usa_discontinue_adverti_2018_f0009c_1901,assessable_claim,fires,"This is a self-contained advertising claim about a product's water removal efficiency, including a qualifier.",Removes 25% More Water* *Average test results versus leading competitors
harv_ev_nad_nad_recommends_combe_modify_discontinue_certain_clai_2012_eeba43_1903,assessable_claim,misses,This is a self-contained factual claim that could be substantiated.,two out of three women misdiagnose themselves
harv_ev_nad_nad_recommends_combe_modify_discontinue_certain_clai_2012_eeba43_1904,assessable_claim,misses,This is a self-contained factual claim that could be substantiated.,One in every four women misdiagnose themselves
harv_ev_nad_nad_recommends_combe_modify_discontinue_certain_clai_2012_eeba43_1906,assessable_claim,misses,This is a self-contained factual claim that could be substantiated.,"Many women who think they have a yeast infection don’t actually have one. In fact, two out of three women misdiagnose themselves"
harv_ev_nad_nad_recommends_tru_derma_discontinue_claims_testimon_2018_f0ecf7_1907,assessable_claim,fires,This is a self-contained advertising claim about weight and inch loss.,Lose up to 28 pounds and 6 inches from your waist in just 10 weeks
harv_ev_nad_in_response_to_nad_inquiry_maker_of_vayarin_dietary__2019_e34538_1909,assessable_claim,fires,This is a self-contained claim about the potential benefits of a medical food.,"New research suggests that the medical food developed for the management of ADHD symptoms in children may improve mood and behavior, with few side effects"
harv_ev_nad_nad_examines_pricing_claims_at_wegmans_following_cos_2017_8ff7a0_1911,assessable_claim,misses,This is a self-contained advertising claim encouraging shopping at a specific store for savings.,Don’t shop around town…shop at Wegmans and save
harv_ev_nad_scotts_discontinues_challenged_television_commercial_2015_c316a5_1913,assessable_claim,misses,This is a self-contained advertising claim about year-long pest control.,Spectracide gives you year-long control of just roaches. The label says so
harv_ev_nad_scotts_discontinues_challenged_television_commercial_2015_c316a5_1914,assessable_claim,misses,This is a self-contained advertising claim about season-long pest control.,Spectracide gives you season-long control of just ants. Their label says so
harv_ev_nad_nad_reviews_advertising_for_bayer_s_aleve_liquid_gel_2009_0b0203_1920,assessable_claim,misses,This is a self-contained advertising claim about pain relief duration.,stop pain all day
harv_ev_nad_nad_reviews_advertising_for_bayer_s_aleve_liquid_gel_2009_0b0203_1921,assessable_claim,misses,This is a self-contained advertising claim about the efficacy and dosage of a pain reliever.,Only two Aleve can stop pain all day
harv_ev_nad_nad_reviews_advertising_for_bayer_s_aleve_liquid_gel_2009_0b0203_1922,assessable_claim,misses,This is a self-contained comparative advertising claim about dosage equivalence.,Just 2 Aleve = 4 Advil
harv_ev_nad_nad_examines_advertising_for_p_g_s_secret_clinical_s_2007_73c212_1923,assessable_claim,misses,This is a self-contained advertising claim about product strength.,Rx Strength Wetness Defense
harv_ev_nad_nad_examines_elecrtolux_advertising_following_challe_2009_d5c0cc_1924,assessable_claim,fires,This is a self-contained advertising claim about a product's speed.,boils water in ninety seconds
harv_ev_nad_nad_recommends_nest_labs_modify_discontinue_certain__2013_29954a_1925,assessable_claim,fires,This is a self-contained advertising claim about cost savings.,can automatically lower air-conditioning costs up to 30%
harv_ev_nad_nad_recommends_nest_labs_modify_discontinue_certain__2013_29954a_1927,assessable_claim,misses,This is a self-contained claim about the complexity of other thermostats.,they’re so complicated that most people don’t bother to program them
harv_ev_nad_nad_recommends_nest_labs_modify_discontinue_certain__2013_29954a_1928,assessable_claim,misses,This is a self-contained comparative claim about other thermostats wasting energy.,other thermostats waste energy
harv_ev_nad_nad_recommends_dyson_discontinue_paper_towels_video__2016_b4e828_1929,assessable_claim,misses,This is a self-contained claim about the cleanliness of paper towels.,Paper Towels Aren’t as Clean as You Think
harv_ev_nad_nad_recommends_dyson_discontinue_paper_towels_video__2016_b4e828_1930,assessable_claim,misses,This is a self-contained advertising claim that makes a statement about the hygiene of paper towels.,Have you used a paper towel today? It wasn’t as hygienic as you might think
harv_ev_nad_following_second_compliance_review_nad_refers_advert_2008_d40a31_1933,assessable_claim,fires,This is a self-contained advertising claim detailing a warranty offer.,"Effective Immediately – Regardless of SEER or AFUE rating, the original, registered, single-family homeowner will receive a 10-Year All-Parts Limited Warranty on all applicable products"
harv_ev_nad_nad_examines_clorox_green_works_claims_following_cha_2009_5d08d2_1938,assessable_claim,misses,This is a self-contained advertising claim about cleaning power.,cleans with the power of Clorox
harv_ev_nad_nad_reviews_advertising_for_good_living_lab_s_good_d_2009_9813cc_1940,assessable_claim,fires,This is a self-contained advertising claim about the benefits of Panax Ginseng.,"Panax Ginseng: Helps support the body’s ability to cope with physical, mental and emotional stress and fatigue, as well as stress from external toxins"
harv_ev_nad_nad_reviews_advertising_for_good_living_lab_s_good_d_2009_9813cc_1941,assessable_claim,fires,This is a self-contained advertising claim about the benefits of Rhodiola Rosea.,"Rhodiola Rosea: May help strengthen the nervous system and promote a positive mood while also improving exercise tolerance, brain function, and energy levels"
harv_ev_nad_general_mills_dannon_participate_in_nad_forum_2008_96b5a9_1942,assessable_claim,fires,This is a self-contained advertising claim about regulating digestive health.,Helps regulate digestive health naturally
harv_ev_nad_general_mills_dannon_participate_in_nad_forum_2008_96b5a9_1943,assessable_claim,fires,This is a self-contained advertising claim about the benefits of Yo-Plus.,Yo-Plus’ unique blend of probiotic cultures plus fiber help your body regulate your digestive health naturally
harv_ev_nad_general_mills_dannon_participate_in_nad_forum_2008_96b5a9_1945,assessable_claim,fires,This is a self-contained advertising claim about regulating digestive health with a specific product.,Help naturally regulate digestive health with Yo-Plus Digestive Health
harv_ev_nad_nad_recommends_healthylife_discontinue_certain_claim_2013_ba92e5_1947,assessable_claim,fires,This is a self-contained advertising claim about a weight loss supplement's natural ingredients and proven results.,"Healthe Trim is a natural weight loss supplement that fits into any lifestyle. With all natural ingredients and clinically proven results, Healthe Trim equips your body to maximize weight loss"
harv_ev_nad_nad_recommends_healthylife_discontinue_certain_claim_2013_ba92e5_1948,assessable_claim,fires,This is a self-contained advertising claim about a product helping to achieve weight loss goals.,Healthe Trim … can help you achieve your weight loss goals and gain the body you’ve always wanted
harv_ev_nad_nad_recommends_healthylife_discontinue_certain_claim_2013_ba92e5_1949,assessable_claim,misses,This is a self-contained advertising claim about a product initiating weight loss.,Healthe Trim gets you started losing unwanted pounds
harv_ev_nad_nad_recommends_healthylife_discontinue_certain_claim_2013_ba92e5_1950,assessable_claim,fires,This is a self-contained advertising claim comparing a product's effects to other supplements.,"Some dietary supplements may leave you hungry, feeling low on energy or with impaired digestion. Healthe Trim’s advanced formula includes thermogenic appropriateties to promote fat loss without irritability"
harv_ev_nad_nad_recommends_healthylife_discontinue_certain_claim_2013_ba92e5_1951,assessable_claim,misses,This is a self-contained advertising claim about a product's effects on appetite and energy.,Our Revolutionary Formula will not only suppress your appetite but will also give you a great energy boost
harv_ev_nad_nad_recommends_healthylife_discontinue_certain_claim_2013_ba92e5_1952,assessable_claim,fires,This is a self-contained advertising claim about a supplement promoting fat loss and well-being.,Our supplement works to promote fat loss while making you feel great
harv_ev_nad_nad_recommends_healthylife_discontinue_certain_claim_2013_ba92e5_1953,assessable_claim,fires,This is a self-contained advertising claim about a product's safety.,Healthe Trim is perfectly safe
harv_ev_nad_nad_finds_specialty_fertilizer_can_support_certain_c_2009_08abb7_1955,assessable_claim,misses,This is a self-contained advertising claim about the function of a product.,Inhibits Nitrogen Volatilization and Nitrification
harv_ev_nad_nad_refers_claims_made_by_lei_maker_of_eco_alkaline__2016_cf16e4_1956,assessable_claim,misses,This is a self-contained advertising claim about the environmental impact of a purchase.,every purchase is carbon neutral
harv_ev_nad_nad_refers_advertising_for_that_s_natural_s_cbd_hemp_2018_98bfff_1961,assessable_claim,misses,This is a self-contained advertising claim about a product's effect on cancer cells.,makes cancer cells commit ‘suicide’ without killing other cells
harv_ev_nad_nad_recommends_dish_discontinue_certain_claims_chall_2016_d7dd56_1965,assessable_claim,misses,This is a self-contained advertising claim stating a competitor's average customer payment.,DirecTV’s average customer pays $114.40 a month and that’s according to DirecTV
harv_ev_nad_nad_examines_test_soil_in_review_of_sc_johnson_claim_2004_96d4a1_1969,assessable_claim,fires,This is a self-contained advertising claim comparing cleaning performance.,cleans greasy kitchen soils better than Clorox Clean-Up
harv_ev_nad_nad_recommends_too_faced_cosmetics_discontinue_1_944_2017_fc7550_1973,assessable_claim,fires,This is a self-contained advertising claim about a mascara's volume-enhancing effect.,"Don’t miss out on the mind-blowing mascara that gives your lashes 1,944% more volume"
harv_ev_nad_nad_expands_guidance_on_customer_satisfaction_claim__2015_4dd749_1975,assessable_claim,fires,This is a self-contained advertising claim about a product's ranking in HD picture quality based on customer satisfaction.,Rated #1 in HD Picture Quality based on customer satisfaction studies
harv_ev_nad_nad_young_living_essential_oils_claims_2020_2f461a_1977,assessable_claim,misses,This is a self-contained advertising claim about promoting feelings of stability and calm.,can help promote feelings of stability and calm during occasional times of moodiness
harv_ev_nad_nad_finds_vitanergy_can_support_certain_ingredient_b_2012_9d8bae_1980,assessable_claim,misses,This is a self-contained advertising claim that promises specific benefits based on clinical studies.,Shown in clinical studies to help o Reduce symptoms associated with an enlarged prostate o Improve urinary flow rate
harv_ev_nad_nad_finds_vitanergy_can_support_certain_ingredient_b_2012_9d8bae_1981,fragment,misses,This phrase is incomplete and lacks a subject or full verb to form a complete claim.,helping alleviate symptoms associated with an enlarged prostate
harv_ev_nad_nad_recommends_sharkninja_discontinue_certain_claims_2016_e50c32_1984,assessable_claim,misses,This is a comparative claim about consumer preference for a brand.,Americans now choose Shark 2-to-1 over Dyson
harv_ev_nad_miller_lite_can_claim_more_taste_than_bud_light_and__2018_de0ccd_1989,fragment,misses,This phrase is incomplete and requires additional text to form a full claim.,agree that Miller Lite has
harv_ev_nad_miller_lite_can_claim_more_taste_than_bud_light_and__2018_de0ccd_1990,fragment,misses,This is a comparative fragment that is cut off and lacks context.,than Bud Light A
harv_ev_nad_nad_finds_chattem_has_reasonable_basis_for_claims_th_2019_bed7d5_1998,assessable_claim,misses,This is a clear comparative claim about effectiveness and size.,Just as effective at half the size
harv_ev_nad_nad_finds_abbott_can_support_certain_claims_for_infa_2017_c34b59_2007,assessable_claim,misses,This is a comparative claim about product similarity to breast milk.,Closest to Breast Milk
harv_ev_nad_novartis_p_g_participate_in_nad_forum_2009_64b798_2008,assessable_claim,fires,This is a detailed comparative claim about the fiber content and serving sizes of two products.,Three Benefiber Caplets equal one serving and provide 3 grams of fiber. You need to take 6 caplets of the Metamucil * caplet product to get the same 3 grams of fiber. *Metamucil is a registered trademark of The Procter & Gamble Company
harv_ev_nad_nad_refers_advertising_for_herbal_groups_prostalex_p_2009_d3a75b_2012,assessable_claim,misses,This is a comprehensive claim detailing multiple benefits based on clinical studies.,"Prostalex Plus has been shown in clinical studies to reduce the size of the prostate, leading to: a reduced urge to urinate, improvement in Urinary Flow, improvement in Erectile Issues, and increased Sex Drive"
harv_ev_nad_nad_glade_claim_supported_2020_f1538a_2013,assessable_claim,misses,This is a claim about the product's fragrance and its adaptability to room size.,Authentic fragrance that adjusts to any room size
harv_ev_nad_nad_glade_claim_supported_2020_f1538a_2016,assessable_claim,misses,"This is a claim about experiencing a 'more authentic' lavender, implying a comparative benefit.",Experience a more authentic lavender
harv_ev_nad_nad_recommends_philips_oral_healthcare_discontinue_t_2016_93e299_2025,assessable_claim,misses,This is a superlative claim about being the 'most loved' brand by consumers and dentists.,most loved electric toothbrush brand by Americans and their dentists
harv_ev_nad_nad_recommends_philips_oral_healthcare_discontinue_t_2016_93e299_2027,assessable_claim,misses,This is a specific claim about improving gum health within a timeframe.,healthier gums in two weeks
harv_ev_nad_nad_examines_advertising_for_verizon_s_fios_followin_2008_ea60f6_2037,assessable_claim,fires,This is a comparative claim about speed.,Up to 20x Faster than Cable
harv_ev_nad_nad_examines_advertising_for_verizon_s_fios_followin_2008_ea60f6_2038,assessable_claim,fires,This is a superlative claim about picture and sound quality.,It’s the best picture and sound you’re ever gonna get. It’s insane
harv_ev_nad_nad_examines_advertising_for_verizon_s_fios_followin_2008_ea60f6_2039,fragment,fires,"This is a fragment that is cut off at the end, indicated by the closing quotation mark and 'and'.",Introducing upload speeds up to 20 times faster than cable’’ and
harv_ev_nad_nad_examines_advertising_for_verizon_s_fios_followin_2008_ea60f6_2043,assessable_claim,misses,This is a claim that challenges a common perception about High Definition.,"People think High Definition is High Definition, but it’s not"
harv_ev_nad_nad_inquiry_of_tru_niagen_2020_e392f8_2054,assessable_claim,fires,"This is a testimonial-style claim about personal improvements in memory, concentration, and cognitive ability.",My memory and concentration are great. I even think the ‘difficult’ Sudoku puzzles are easy
harv_ev_nad_shoes_for_crews_discontinues_slip_resistant_claims_f_2016_1e2a32_2056,assessable_claim,fires,This is a comparative claim about superior slip resistance based on lab tests.,Independent lab tests show our unique compound provides more slip resistance than any shoe on the market
harv_ev_nad_shoes_for_crews_discontinues_slip_resistant_claims_f_2016_1e2a32_2057,assessable_claim,fires,"This is a superlative claim about being the 'best defense' against slips and falls, supported by testing.","Shoes For Crews slip-resistant footwear has been tested and proven to be the best defense against slips and falls in hazardous, slippery workplaces"
harv_ev_nad_nad_optivida_health_covid_19_claims_2020_2eb3fa_2065,assessable_claim,fires,"This is a comparative claim about the product's performance (faster, longer, more efficiently) in supporting the immune system.","Optivida Silver Solution (10 ppm) works faster, longer, and more efficiently than other silvers to support your immune system"
harv_ev_nad_nad_recommends_millercoors_modify_certain_claims_for_2010_b2865a_2070,assessable_claim,misses,"This is a detailed claim about a product feature (Taste Protector Lid) and its benefits (blocking metal taste, locking in pilsner taste).",Miller Lite Cans have a Taste Protector Lid. The special barrier blocks out that metal can taste and locks in that Great Pilsner Taste
harv_ev_nad_nad_recommends_millercoors_modify_certain_claims_for_2010_b2865a_2071,fragment,misses,"This is a fragment that describes a feature but is not a complete, self-contained claim.",taste protection offered by the Taste Protector Cap and Lid
harv_ev_nad_nad_recommends_millercoors_modify_certain_claims_for_2010_b2865a_2072,assessable_claim,misses,This is a self-contained advertising slogan that implies a need for product protection.,Great Taste Deserves Protection
harv_ev_nad_nad_recommends_millercoors_modify_certain_claims_for_2010_b2865a_2073,assessable_claim,misses,This is a self-contained advertising slogan that implies a need for product protection.,great taste deserves this kind of protection
harv_ev_caru_caru_recommends_international_playthings_better_disc_2016_e6ea24_2076,assessable_claim,misses,This is a self-contained advertising claim that describes a product's function and outcome.,"Spray with water, and the beads magically stick together"
harv_ev_narb_narb_choice_home_warranty_claims_2020_b2a972_2080,assessable_claim,misses,This is a self-contained advertising claim promising a financial benefit.,you can save thousands
harv_ev_nad_bp_lubricants_challenges_royal_purple_s_claims_for_s_2009_a9e903_2081,assessable_claim,fires,This is a self-contained advertising claim making a comparative performance statement.,Provides Film Strength up to 400% stronger than other motor oils
harv_ev_nad_bp_lubricants_challenges_royal_purple_s_claims_for_s_2009_a9e903_2083,assessable_claim,fires,This is a self-contained advertising claim about a product's environmental benefit.,Reduces emissions up to 20% or more
harv_ev_nad_bp_lubricants_challenges_royal_purple_s_claims_for_s_2009_a9e903_2084,assessable_claim,misses,This is a self-contained advertising claim about a product's environmental benefit.,Reductions in emissions of 20% or more
harv_ev_nad_nad_refers_advertising_from_colgate_to_ftc_for_furth_2014_089bcd_2085,assessable_claim,misses,This is a self-contained advertising claim about a product's performance.,Goes Beyond Surface Stain Removal to Deeply Whiten
harv_ev_nad_nad_refers_advertising_from_colgate_to_ftc_for_furth_2014_089bcd_2086,assessable_claim,misses,This is a self-contained advertising claim making a comparative performance statement.,Goes Beyond Surface Stains Unlike Ordinary Toothpastes
harv_ev_nad_nad_recommends_lg_discontinue_ultimate_picture_quali_2018_2fd600_2087,assessable_claim,fires,This is a self-contained advertising claim about product quality.,LG’s OLED TVs offer the ultimate in picture quality
harv_ev_nad_nad_recommends_lg_discontinue_ultimate_picture_quali_2018_2fd600_2088,assessable_claim,misses,This is a self-contained advertising claim about product features and exclusivity.,Infinite Contrast. Perfect black is only attainable on an LG OLED TV
harv_ev_nad_nad_recommends_lg_discontinue_ultimate_picture_quali_2018_2fd600_2089,fragment,misses,This phrase is incomplete and lacks context to be a self-contained claim. 'Wider spectrum of colors' needs to specify what it's wider than or what product it refers to.,wider spectrum of colors
harv_ev_nad_nad_recommends_lg_discontinue_ultimate_picture_quali_2018_2fd600_2091,assessable_claim,misses,This is a self-contained advertising claim making a statement about a competitor's naming strategy.,"Experts say, Q-L-E-D’s name was created to confuse consumers"
harv_ev_nad_nad_recommends_lg_discontinue_ultimate_picture_quali_2018_2fd600_2092,fragment,fires,This phrase is incomplete and lacks context to be a self-contained claim. 'Ultimate in picture quality' needs to specify what product it refers to.,ultimate in picture quality
harv_ev_nad_nad_recommends_lg_discontinue_ultimate_picture_quali_2018_2fd600_2093,assessable_claim,fires,This is a self-contained advertising claim about a product's viewing experience.,Watch From Any Angle Making Any Seat the Best Seat in the House
harv_ev_nad_nad_recommends_at_t_modify_claims_regarding_availabi_2017_f0ec74_2098,assessable_claim,misses,This is a self-contained advertising claim about a service's speed and offering.,AT&T Fiber delivers internet starting with a 1000 Mbps connection
harv_ev_nad_nad_recommends_at_t_modify_claims_regarding_availabi_2017_f0ec74_2099,assessable_claim,misses,This is a self-contained advertising claim about market leadership.,AT&T has the largest fiber network
harv_ev_nad_nad_recommends_at_t_modify_claims_regarding_availabi_2017_f0ec74_2100,fragment,misses,This phrase is incomplete and lacks context to be a self-contained claim. 'Largest fiber optic network' needs to specify who owns it or what it's being compared to.,largest fiber optic network
harv_ev_narb_narb_recommends_telebrands_modify_double_offer_claim_2019_3a0d9c_2102,assessable_claim,misses,This is a self-contained advertising claim for a promotional offer.,Buy One Get One
harv_ev_narb_narb_recommends_telebrands_modify_double_offer_claim_2019_3a0d9c_2103,assessable_claim,misses,This is a self-contained advertising claim for a promotional offer.,"Buy One, Get Second One for $9.99"
harv_ev_narb_narb_recommends_telebrands_modify_double_offer_claim_2019_3a0d9c_2104,assessable_claim,misses,This is a self-contained advertising claim for a promotional offer.,"Buy One, Get One 50% off"
harv_ev_nad_following_at_t_challenge_t_mobile_says_disputed_clai_2018_7b052e_2106,assessable_claim,misses,This is a self-contained advertising claim about a service's unique benefits.,Only T-Mobile lets you watch your favorite movies and shows in more places without paying more
harv_ev_nad_following_at_t_challenge_t_mobile_says_disputed_clai_2018_7b052e_2107,fragment,misses,This phrase is incomplete and lacks context to be a self-contained claim. 'Your favorite movies and shows' needs to be part of a larger statement about what can be done with them.,your favorite movies and shows
harv_ev_narb_narb_recommends_comcast_modify_comparative_claims_fo_2019_32bb21_2108,assessable_claim,misses,This is a self-contained advertising claim about a service's capability.,offers little to no streaming
harv_ev_narb_narb_recommends_comcast_modify_comparative_claims_fo_2019_32bb21_2109,assessable_claim,fires,This is a self-contained advertising claim about the likelihood of service interruptions.,"satellite outages due to bad weather are likely or even certain, when there are thunderstorms"
harv_ev_nad_nad_recommends_p_g_discontinue_comparative_claim_in__2011_6a1645_2110,assessable_claim,misses,This is a self-contained advertising claim making a promise of benefit.,Get More. Feel More
harv_ev_nad_nad_finds_home_chefs_more_flexibility_than_hellofres_2020_8410e0_2112,assessable_claim,misses,This is a self-contained advertising claim about product variety or frequency.,new choices each week
harv_ev_nad_nad_finds_home_chefs_more_flexibility_than_hellofres_2020_8410e0_2113,assessable_claim,fires,This is a self-contained advertising claim that can be assessed for substantiation.,Rated #1 in Customer Satisfaction
harv_ev_nad_nad_finds_home_chefs_more_flexibility_than_hellofres_2020_8410e0_2116,assessable_claim,misses,This is a self-contained advertising claim that can be assessed for its implied message.,Don’t settle for HelloFresh
harv_ev_nad_nad_recommends_discontinuance_of_performance_speed_o_2019_d8287d_2117,assessable_claim,misses,This is a self-contained advertising claim that can be assessed for substantiation.,Very First in the U.S
harv_ev_nad_nad_recommends_electric_beverage_company_modify_disc_2011_6ba736_2119,assessable_claim,fires,This is a self-contained advertising claim about product benefits that can be assessed for substantiation.,includes essential trace mineral compound that gives you the most powerful electrolyte blend to charge the body for the day
harv_ev_nad_nad_recommends_electric_beverage_company_modify_disc_2011_6ba736_2120,assessable_claim,fires,This is a self-contained advertising claim about product benefits and comparative performance that can be assessed for substantiation.,"Title’s all natural, ionically charged formula provides more electrolytes, potassium and magnesium than regular Gatorade or Powerade"
harv_ev_nad_nad_recommends_electric_beverage_company_modify_disc_2011_6ba736_2121,assessable_claim,fires,This is a self-contained advertising claim about exclusive rights that can be assessed for accuracy.,Title owns the exclusive rights to use 72 ionic trace minerals
harv_ev_nad_nad_finds_certain_claims_for_enfamil_neuropro_mfgm_s_2019_4a5509_2125,assessable_claim,fires,This is a self-contained advertising claim about product benefits and performance that can be assessed for substantiation.,Introducing Enfamil NeuroPro—A revolutionary brain-first formula that provides cognitive outcomes like breast milk
harv_ev_nad_nad_finds_certain_claims_for_enfamil_neuropro_mfgm_s_2019_4a5509_2126,assessable_claim,misses,This is a self-contained advertising claim about product benefits and scientific backing that can be assessed for substantiation.,Enfamil offers brain-building nutrition inspired by breast milk backed by decades of clinical research and multiple clinical studies
harv_ev_nad_nad_finds_certain_claims_for_enfamil_neuropro_mfgm_s_2019_4a5509_2127,fragment,misses,This phrase is incomplete and depends on missing context to be a full claim. It describes backing but not what is backed.,backed by decades of clinical research and multiple clinical studies
harv_ev_nad_nad_finds_certain_claims_for_enfamil_neuropro_mfgm_s_2019_4a5509_2128,assessable_claim,fires,This is a self-contained advertising claim about a product ingredient's clinically shown benefit that can be assessed for substantiation.,MFGM has been clinically shown to help close the cognitive gap between formula fed and breastfed infants
harv_ev_nad_nad_finds_certain_claims_for_enfamil_neuropro_mfgm_s_2019_4a5509_2133,fragment,fires,This phrase is incomplete and depends on missing context to be a full claim. It describes a benefit but not what provides it.,help narrow the cognitive gap between formula-fed and breastfed infants
harv_ev_nad_natural_factors_discontinues_certain_claims_for_ther_2015_80ff81_2134,assessable_claim,misses,This is a self-contained advertising claim about a product's mechanism and performance that can be assessed for substantiation.,"Theracurmin increases curcumin levels in a linear and dose-dependent manner, bypassing previous limits to curcumin supplementation to achieve unparalleled blood levels of curcumin"
harv_ev_nad_natural_factors_discontinues_certain_claims_for_ther_2015_80ff81_2135,assessable_claim,fires,This is a self-contained advertising claim about a product's clinical proof and comparative performance that can be assessed for substantiation.,clinically proven as the most bioavailable curcumin
harv_ev_nad_natural_factors_discontinues_certain_claims_for_ther_2015_80ff81_2136,assessable_claim,fires,This is a self-contained advertising claim about a product's comparative performance that can be assessed for substantiation.,number one absorbed form of curcumin
harv_ev_narb_narb_finds_supported_claims_by_molekule_that_the_pec_2020_fb5015_2137,assessable_claim,fires,This is a self-contained advertising claim about a product's performance that can be assessed for substantiation.,destroys 1 million allergens in 4 minutes
harv_ev_nad_nad_recommends_inspired_nutrition_discontinue_all_ch_2015_06b4b7_2141,assessable_claim,fires,"This is a self-contained advertising claim about a product offering 'new hope' for specific diseases, which implies a benefit that can be assessed for substantiation.","new hope for conquering chronic diseases like MRSA staph, Lyme disease, HIV, Hepatitis, Shingles, Herpes"
harv_ev_nad_nad_recommends_inspired_nutrition_discontinue_all_ch_2015_06b4b7_2142,assessable_claim,fires,This is a self-contained advertising claim about an ingredient's effect on the body that can be assessed for substantiation.,Papain also increases the body’s ability to produce plasmin
harv_ev_nad_nad_recommends_sharkninja_discontinue_certain_claims_2015_d86861_2144,assessable_claim,misses,"This is a self-contained advertising claim often used to imply authenticity or effectiveness, which can be assessed for substantiation.","Real People, Real Results"
harv_ev_nad_nad_recommends_reynolds_modify_certain_advertising_c_2012_07a293_2147,fragment,misses,"This is a fragment. 'SECURE' is an adjective, and 'FOR MANY USES' is a phrase, but neither forms a complete, assessable claim on its own without knowing what is secure or for what uses.",SECURE . . . FOR MANY USES
harv_ev_nad_nad_recommends_reynolds_modify_certain_advertising_c_2012_07a293_2148,fragment,misses,"This is a fragment. 'JUICY FRUITS & VEGETABLES' describes a state or type of produce, but it's not a claim about a product's performance or benefit without more context.",JUICY FRUITS & VEGETABLES
harv_ev_nad_nad_recommends_hfl_solutions_discontinue_challenged__2016_6de02d_2153,assessable_claim,misses,"This is a self-contained advertising claim about supporting healthy levels of specific bodily metrics, which can be assessed for substantiation.","Supports healthy blood sugar, insulin & AlC levels"
harv_ev_nad_nad_recommends_hfl_solutions_discontinue_challenged__2016_6de02d_2154,assessable_claim,misses,"This is a self-contained advertising claim about improving specific bodily functions, which can be assessed for substantiation.",Improves carb sensitivity & glucose metabolism
harv_ev_nad_nad_recommends_hfl_solutions_discontinue_challenged__2016_6de02d_2156,assessable_claim,misses,"This is a self-contained advertising claim about supporting lower levels of specific bodily metrics, which can be assessed for substantiation.",Supports lower fasting & post-meal glucose levels
harv_ev_nad_nad_recommends_hfl_solutions_discontinue_challenged__2016_6de02d_2157,assessable_claim,misses,"This is a self-contained advertising claim about helping to diminish specific cravings and fluctuations, which can be assessed for substantiation.",Helps diminish sugar cravings & energy fluctuations
harv_ev_nad_henkel_consumer_goods_discontinues_challenged_claims_2017_df49b2_2158,assessable_claim,fires,This is a self-contained advertising claim about comparative product performance that can be assessed for substantiation.,"Persil Original didn’t only beat Tide Original, it beat every detergent tested"
harv_ev_nad_nad_reviews_advertising_for_vital_pharmaceuticals_re_2008_21caa0_2159,not_a_claim,fires,"This is a product feature list or category description, not a claim about performance or benefit.","Mood, Energy & Fat Loss Matrix!"
harv_ev_nad_nad_reviews_advertising_for_vital_pharmaceuticals_re_2008_21caa0_2160,assessable_claim,fires,"This is a clear, self-contained claim about the product's ability to enhance mood, energy, and fat loss.","enhance mood, energy, and fat loss"
harv_ev_nad_nad_refers_claims_made_by_synergy_to_ftc_after_pharm_2017_77a47f_2164,assessable_claim,misses,"This is a clear, self-contained claim about the product's effect on bowel movements.","Trulance provided more regular, well-formed bowel movements"
harv_ev_nad_nad_recommends_trupanion_inc_discontinue_certain_cla_2019_ec69ca_2166,assessable_claim,fires,"This is a clear, self-contained claim about the exclusivity of a plan for a specific age group.",Nationwide’s Major Medical Plan is the only plan available to puppies under one year of age
harv_ev_nad_nad_recommends_trupanion_inc_discontinue_certain_cla_2019_ec69ca_2167,assessable_claim,misses,"This is a clear, self-contained claim about the potential for conditions to be excluded from coverage at renewal.",Conditions a pet develops over the past year that were covered by the VPI/Nationwide policy (or related conditions) can become excluded from coverage at annual renewal
harv_ev_nad_nad_recommends_trupanion_inc_discontinue_certain_cla_2019_ec69ca_2168,assessable_claim,misses,"This is a clear, self-contained claim about the ability of VPl/Nationwide to cancel a policy with short notice and no reason.",VPl/Nationwide can cancel your policy with only 10 days’ notice for absolutely no reason at all
harv_ev_nad_nad_recommends_trupanion_inc_discontinue_certain_cla_2019_ec69ca_2169,assessable_claim,fires,"This is a clear, self-contained comparative claim about payout rates.",has the highest payout rates in the industry
harv_ev_nad_nad_recommends_trupanion_inc_discontinue_certain_cla_2019_ec69ca_2170,assessable_claim,fires,"This is a clear, self-contained comparative claim about the comprehensiveness of coverage.",provides the most comprehensive coverage for accidents and illness in the market
harv_ev_nad_nad_recommends_trupanion_inc_discontinue_certain_cla_2019_ec69ca_2171,fragment,fires,This phrase is incomplete and lacks context to be an assessable claim. It describes a type of condition but doesn't make a claim about a product or service.,conditions pets are most likely to develop
harv_ev_narb_narb_panel_finds_aspca_can_support_claims_made_in_ch_2013_dae029_2174,assessable_claim,misses,This is a self-contained claim about the impact of donations.,Your Dollars at Work Across the Country!
harv_ev_nad_nad_recommeds_flora_inc_discontinue_certain_testimon_2011_08e860_2175,assessable_claim,misses,"This is a clear, self-contained claim about the product's benefits for athletes, followed by a call to action.","Athletes around the world are experiencing greater strength, improved stamina and faster recovery using Udo’s Oil. Now it’s your turn"
harv_ev_nad_nad_recommeds_flora_inc_discontinue_certain_testimon_2011_08e860_2177,assessable_claim,fires,"This is a clear, self-contained testimonial claim about the product's effects on skin, hair, and nails.","My skin looked brighter, more refreshed and my skin was even with no acne. My hair was thicker and less dull and my nail beds grew stronger"
harv_ev_nad_nad_recommends_new_nordic_discontinue_certain_claims_2011_b0a881_2183,assessable_claim,fires,"This is a clear, self-contained claim about the product's natural origin and its benefit for blood sugar levels.","Mulberry Zuccarin is a natural product, which helps maintain healthy blood sugar levels"
harv_ev_narb_narb_recommends_staples_modify_discontinue_free_clai_2012_6a769e_2192,assessable_claim,misses,"This is a clear, self-contained claim implying a benefit of getting supplies for free.",It’s like getting supplies for FREE
harv_ev_nad_nad_recommends_cystex_modify_advertising_to_better_d_2011_118d1a_2199,assessable_claim,misses,"This is a clear, self-contained claim about the product's ability to manage UTIs and promote urinary health.",Cystex Helps Manage UTIs . . . and Now Promotes Urinary Health!
harv_ev_nad_nad_recommends_cystex_modify_advertising_to_better_d_2011_118d1a_2200,assessable_claim,misses,"This is a clear, self-contained claim about the product's trustworthiness and its benefit for managing UTI pain and discomfort.",Cystex is the trusted urinary health brand that has helped millions of women manage the pain and discomfort of urinary tract infections
harv_ev_nad_nad_finds_coca_cola_can_support_certain_claims_for_m_2009_0a6788_2204,not_a_claim,fires,"This is a conversational statement, not an advertising claim about a product or service.",I think you’re the father of one of my kids
harv_ev_nad_nad_finds_coca_cola_can_support_certain_claims_for_m_2009_0a6788_2206,assessable_claim,misses,This is a self-contained claim implying a cause-and-effect benefit.,"put good in, get good out"
harv_ev_nad_neatreceipts_cardscan_participate_in_nad_forum_2008_9a3a87_2208,assessable_claim,fires,"This is a clear, self-contained comparative claim about accuracy.",MOST ACCURATE. The most accurate business card reader in the U.S. for business cards
harv_ev_nad_nad_recommends_carefusion_modify_discontuinue_certai_2011_d3f364_2210,assessable_claim,fires,"This is a clear, self-contained claim about the product's proven ability to reduce BSIs.",proven to reduce BSIs
harv_ev_nad_nad_refers_leptitox_nutrition_to_ftc_for_dramatic_di_2020_ac9edf_2213,assessable_claim,fires,"This is a clear, self-contained claim about a 'hack' that kills food cravings and causes significant fat loss.",Here’s How I Saved My Wife’s Life with a . . . 5-Second ‘Hack’ That Kills Food Cravings and MELTS 62 lbs of Raw Fat
harv_ev_nad_nad_reviews_like_gated_facebook_campaign_recommends__2011_26c055_2217,fragment,fires,"This is an incomplete phrase. 'up to 70 percent' needs context to be an assessable claim (e.g., 'up to 70 percent off').",up to 70 percent
harv_ev_nad_michelin_bridgestone_participate_in_nad_forum_2008_7580e1_2221,assessable_claim,fires,"This is a clear, self-contained claim about the product's ability to save money through fuel efficiency and longevity.","It’s time to fight back. MICHELIN fuel-efficient, long-lasting tires help you save money"
harv_ev_nad_michelin_bridgestone_participate_in_nad_forum_2008_7580e1_2222,assessable_claim,misses,"This is a clear, self-contained comparative claim about fuel efficiency.",most fuel efficient line of tires
harv_ev_nad_nad_provezza_health_covid_19_2020_79a037_2228,assessable_claim,misses,"This is a clear, self-contained claim about the product's concentration and its benefit for immune defense.",Provezza is highly concentrated to deliver antioxidant action for immune defense
harv_ev_nad_nad_recommends_lowe_s_discontinue_20_savings_claim_f_2016_ed5c61_2231,assessable_claim,fires,This is a complete advertising claim stating a discount offer with a condition.,Up to 20% Off Appliances $396 or More
harv_ev_nad_nad_recommends_prestige_discontinue_claim_for_monist_2016_1a05a0_2233,assessable_claim,fires,This is a self-contained claim about product efficacy and duration.,Eliminates odor for 3 days with just one use
harv_ev_nad_nad_recommends_american_dream_nutrition_modify_disco_2016_a1798a_2235,assessable_claim,misses,This is a complete claim about a product's effect on blood sugar.,Helped Lower My Blood Sugar
harv_ev_nad_nad_recommends_american_dream_nutrition_modify_disco_2016_a1798a_2236,assessable_claim,misses,This is a self-contained claim about the product's benefits for eye health.,"Enhance, Promote and Support … Eye Health"
harv_ev_nad_nad_t_mobile_pricing_claim_2020_f2c5a0_2241,assessable_claim,fires,This is a complete claim about a service feature.,Unlimited Data on our Network
harv_ev_nad_nad_t_mobile_pricing_claim_2020_f2c5a0_2242,assessable_claim,fires,This is a complete claim about a service feature.,"unlimited talk, text and data, on our network"
harv_ev_narb_narb_panel_recommends_novartis_discontinue_claims_th_2012_0b1813_2243,assessable_claim,fires,This is a comparative claim about product speed and efficacy.,Excedrin starts relieving headaches faster than extra strength Tylenol and Advil
harv_ev_nad_nad_air_wick_essential_mist_claim_2020_409385_2245,assessable_claim,misses,This is a self-contained claim describing the product and its function.,"Air Wick Essential Mist is an Expression of Nature, transforming natural essential oils into a fragrant mist"
harv_ev_nad_nad_air_wick_essential_mist_claim_2020_409385_2246,assessable_claim,misses,This is a complete claim about how the product diffuses fragrances.,naturally diffuses fragrances into mist
harv_ev_nad_nad_air_wick_essential_mist_claim_2020_409385_2249,assessable_claim,fires,This is a complete claim about the ingredients of the product.,infused with essential oils that are 100% natural
harv_ev_nad_nad_air_wick_essential_mist_claim_2020_409385_2250,assessable_claim,fires,This is a complete claim about the ingredients of the product.,Infused with 100% natural essentials oils
harv_ev_nad_nad_reviews_geomean_evidence_recommends_dyson_modify_2014_7c8d17_2253,assessable_claim,fires,This is a comparative claim about product performance.,cleans better than any other vacuum across carpets and hard floors
harv_ev_nad_nad_recommends_allstate_discontinue_certain_claims_i_2012_dbc123_2255,assessable_claim,misses,This is a comparative claim about protection.,"Dollar for dollar, nobody protects you from mayhem like Allstate agents"
harv_ev_nad_nad_recommends_allstate_discontinue_certain_claims_i_2012_dbc123_2256,assessable_claim,misses,This is a complete claim about potential savings.,you could save money
harv_ev_nad_nad_recommends_eyescience_labs_discontinue_certain_c_2012_16a881_2260,assessable_claim,misses,This is a complete claim about the product's benefits for eye strain and fatigue.,Vitamins for the relief of eye strain and eye fatigue
harv_ev_nad_nad_recommends_eyescience_labs_discontinue_certain_c_2012_16a881_2261,assessable_claim,misses,This is a complete claim about the product's effect on macular degeneration.,EyeScience Macular Protect Formula has slowed down my macular degeneration
harv_ev_nad_nad_ontel_nail_gel_2014_5b7c31_2265,assessable_claim,misses,This is a complete claim about the durability of nails after using the product.,"Your nails won’t peel, chip or crack no matter what the attack"
harv_ev_nad_nad_refers_advertising_for_perfect_prime_anti_aging__2018_02b187_2268,assessable_claim,fires,This is a self-contained claim about the product's anti-aging effects and benefits.,Perfect Prime Face Serum boosts collagen that can help both men and women look decades younger without going through expensive or painful treatments
harv_ev_nad_nad_refers_advertising_for_perfect_prime_anti_aging__2018_02b187_2269,assessable_claim,misses,This is a complete claim about achieving younger-looking skin.,Achieve visibly younger looking skin
harv_ev_nad_nad_reviews_university_medical_s_claims_for_acne_fre_2009_59013b_2273,assessable_claim,fires,This is a complete claim describing a product's formula.,Breakthrough time-released benzoyl-peroxide formula
harv_ev_nad_nad_reviews_university_medical_s_claims_for_acne_fre_2009_59013b_2274,assessable_claim,fires,This is a complete claim describing a product's formula and its continuous effect.,Revolutionary time released formula that keeps oil and bacteria under control 24/7
harv_ev_nad_nad_reviews_university_medical_s_claims_for_acne_fre_2009_59013b_2275,assessable_claim,fires,This is a complete claim describing a product's formula and its continuous effect.,AcneFree’s time release formula fights acne and keeps clearing 24/7
harv_ev_nad_nad_reviews_university_medical_s_claims_for_acne_fre_2009_59013b_2277,assessable_claim,fires,This is a complete claim about the product's effectiveness compared to other treatments.,effective even where traditional prescription and over-the-counter treatments have failed
harv_ev_nad_nad_finds_p_g_can_support_certain_claims_for_olay_ul_2014_051504_2278,assessable_claim,fires,This is a complete claim about the fate of moisturizers in a competing product.,virtually all of the moisturizers in Dove Deep Moisture Body Wash just wash down the drain
harv_ev_nad_nad_finds_p_g_can_support_certain_claims_for_olay_ul_2014_051504_2280,assessable_claim,misses,This is a complete claim about a product's action.,releases a moisturizing lotion
harv_ev_nad_nad_finds_charter_can_support_certain_comparative_ad_2013_4de62a_2286,fragment,fires,This is a fragment of a sentence. It is missing context to be a complete claim.,your business can’t stay ahead of the competition
harv_ev_nad_nad_finds_charter_can_support_certain_comparative_ad_2013_4de62a_2287,assessable_claim,fires,This is a self-contained advertising claim making a comparative statement and a call to action.,AT&T can’t keep up with your business. It’s time to move on
harv_ev_nad_nad_finds_charter_can_support_certain_comparative_ad_2013_4de62a_2288,assessable_claim,misses,This is a self-contained advertising claim making a statement about a competitor's offering.,you can’t get TV from the phone company
harv_ev_nad_nad_finds_charter_can_support_certain_comparative_ad_2013_4de62a_2289,assessable_claim,misses,This is a self-contained advertising claim promising a specific financial benefit.,Save over $50 every month on average
harv_ev_nad_nad_recommends_sun_products_discontinue_certain_clai_2014_ed9635_2291,not_a_claim,misses,This describes the basis of a comparison rather than being a claim itself. It's explanatory text.,Comparison based on pretreating and washing with all Stainlifters vs. just washing with the leading value detergent and leading booster combined
harv_ev_nad_drfuhrman_com_discontinues_certain_claims_for_immuno_2013_a8694b_2292,assessable_claim,fires,This is a self-contained advertising claim about the health benefits of Astragalus extracts.,"Astragalus extracts have been found to increase proliferation or enhance that activity of several immune cells including macrophages, T-cells, and natural killer (NK) cells, and promote immune system anti-tumor activity"
harv_ev_nad_drfuhrman_com_discontinues_certain_claims_for_immuno_2013_a8694b_2293,assessable_claim,fires,This is a self-contained advertising claim about the health benefits of Astragalus.,"Astragalus has been reported to reduce oxidative stress and improve cardiac function following heart attack, and improve angina symptoms in patients with heart disease"
harv_ev_nad_drfuhrman_com_discontinues_certain_claims_for_immuno_2013_a8694b_2294,assessable_claim,misses,This is a self-contained advertising claim about the health benefits of certain berry extracts.,"Blueberry, raspberry and goji berry extracts provide antioxidant activity and may provide additional protection against cold and flu"
harv_ev_nad_nad_recommends_philips_oral_health_discontinue_chall_2017_914556_2296,assessable_claim,fires,This is a self-contained comparative advertising claim about plaque removal.,"Compared to Oral-B 7000, Philips Sonicare FlexCare Platinum removes significantly more plaque"
harv_ev_nad_nad_recommends_philips_oral_health_discontinue_chall_2017_914556_2297,fragment,misses,"This is a descriptive phrase, not a complete claim. It needs more context to be assessable.",sound of sonic technology
harv_ev_nad_nad_recommends_philips_oral_health_discontinue_chall_2017_914556_2298,fragment,misses,"This is a descriptive phrase, not a complete claim. It needs more context to be assessable.",cleaning deep between teeth
harv_ev_nad_nad_refers_advertising_from_green_tea_hawaii_to_ftc__2013_984e56_2300,assessable_claim,fires,This is a self-contained advertising claim about a health benefit.,reduced chance of adult onset diabetes
harv_ev_nad_nad_recommends_ultrabotanica_discontinue_challenged__2017_5a6d9b_2302,assessable_claim,fires,This is a self-contained advertising claim about product absorption and speed.,High Absorption: most advanced Curcumin available – speeds absorption in less than 20 minutes
harv_ev_nad_nad_recommends_ultrabotanica_discontinue_challenged__2017_5a6d9b_2303,assessable_claim,fires,This is a self-contained advertising claim about the uniqueness and efficacy of a product.,Only curcumin complex to achieve clinically-relevant serum levels
harv_ev_nad_nad_recommends_ultrabotanica_discontinue_challenged__2017_5a6d9b_2304,assessable_claim,fires,"This is a self-contained advertising claim about the uniqueness and efficacy of a product, including specific metrics.","First and only curcumin on the market that can reach clinically relevant doses, greater than 1,000 nanograms per milliliter of blood, from a single capsule"
harv_ev_nad_nad_recommends_ultrabotanica_discontinue_challenged__2017_5a6d9b_2305,assessable_claim,fires,This is a self-contained advertising claim making a comparative statement about bioavailability.,"up to 14,000 times more available than standard curcumin"
harv_ev_nad_nad_recommends_unilever_modify_certain_claims_for_do_2009_f19d0a_2308,assessable_claim,fires,This is a self-contained advertising claim making comparative statements about product performance.,Research proves Dove with repairing serum targets damage precisely. And even repairs better than the leading Pantene conditioner
harv_ev_nad_proactive_life_discontinues_advertising_claims_for_d_2013_e15f2a_2309,assessable_claim,fires,This is a self-contained advertising claim about the uniqueness and benefits of a product.,Diabetes Support Supplements is the first and only product to contain 1000mg of pure coca powder giving you the protective benefits of cocoa without the fats and sugars
harv_ev_nad_nad_truvani_social_media_post_2020_d058bc_2311,assessable_claim,fires,This is a self-contained advertising claim and a call to action regarding immune health.,Support Your Immune Health Now . . . Or Kick Yourself Later
harv_ev_nad_nad_factor_nutrition_claim_2020_d055bf_2314,assessable_claim,fires,This is a self-contained advertising claim making a superlative statement about market position.,America’s #1 Brain Health Supplement
harv_ev_nad_nad_factor_nutrition_claim_2020_d055bf_2315,assessable_claim,fires,This is a self-contained advertising claim making a superlative statement about market position and scientific backing.,America’s #1 Clinically Studied and Patented Brain Health Formula
harv_ev_nad_nad_factor_nutrition_claim_2020_d055bf_2316,assessable_claim,fires,This is a self-contained advertising claim making a superlative statement about market position and patent status.,America’s #1 . . . Patented Brain Health Formula
harv_ev_nad_nad_refers_advertising_claims_for_pharmavite_s_natur_2018_6996dc_2319,assessable_claim,fires,This is a self-contained advertising claim making a comparative statement about absorption.,nearly 4X better absorption
harv_ev_nad_nad_reviews_advertising_by_charter_following_directv_2017_20b089_2321,not_a_claim,misses,"This is narrative text describing what a commercial included, not the claim itself.",commercial included the claims that a DirecTV customer’s
harv_ev_narb_narb_panel_recommends_honeywell_discontinue_universa_2014_892c07_2325,assessable_claim,misses,This is a self-contained advertising claim about product compatibility.,Universal Compatibility – works with virtually any system type
harv_ev_nad_nad_recommends_l_oreal_modify_certain_claims_for_hig_2009_23b05e_2326,assessable_claim,misses,This is a self-contained advertising claim that promises a specific benefit ('Refill Wrinkles') within a specific timeframe ('in Just One Hour'). A compliance reviewer could assess this claim for substantiation.,Refill Wrinkles in Just One Hour!
harv_ev_nad_nad_recommends_l_oreal_modify_certain_claims_for_hig_2009_23b05e_2327,assessable_claim,misses,This is a self-contained advertising claim stating a specific effect ('Skin is Saturated with Moisture 94% and Looks Youthfully Plumped'). A compliance reviewer could assess this claim for substantiation.,Skin is Saturated with Moisture 94% and Looks Youthfully Plumped
harv_ev_nad_nad_examines_advertising_for_park_labs_reparagen_2008_728e76_2328,assessable_claim,fires,This is a self-contained advertising claim that promises a guaranteed benefit ('guaranteed to help') within a specific timeframe ('in 7 days'). A compliance reviewer could assess this claim for substantiation.,guaranteed to help in 7 days
harv_ev_nad_nad_examines_advertising_for_park_labs_reparagen_2008_728e76_2329,assessable_claim,fires,This is a self-contained advertising claim that promises specific benefits ('Alleviate Arthritis Symptoms and Rebuild Cartilage'). A compliance reviewer could assess this claim for substantiation.,Actually Helps Alleviate Arthritis Symptoms and Rebuild Cartilage!
harv_ev_nad_nad_examines_advertising_for_park_labs_reparagen_2008_728e76_2330,assessable_claim,fires,This is a self-contained advertising claim that promises specific benefits ('Accelerates the joint repair process and actually helps rebuild cartilage'). A compliance reviewer could assess this claim for substantiation.,Accelerates the joint repair process and actually helps rebuild cartilage
harv_ev_nad_nad_examines_advertising_for_park_labs_reparagen_2008_728e76_2331,assessable_claim,fires,This is a self-contained advertising claim that promises a specific benefit ('Accelerates the joint repair process'). A compliance reviewer could assess this claim for substantiation.,Accelerates the joint repair process
harv_ev_nad_nad_examines_advertising_for_park_labs_reparagen_2008_728e76_2332,assessable_claim,fires,This is a self-contained advertising claim that promises a specific benefit ('Actually helps rebuild cartilage'). A compliance reviewer could assess this claim for substantiation.,Actually helps rebuild cartilage
harv_ev_nad_nad_examines_advertising_for_park_labs_reparagen_2008_728e76_2334,assessable_claim,fires,This is a self-contained advertising claim that makes a comparative performance statement ('Works 8X faster than Glucosamine and Chondroitin'). A compliance reviewer could assess this claim for substantiation.,Works 8X faster than Glucosamine and Chondroitin
harv_ev_nad_nad_examines_advertising_for_park_labs_reparagen_2008_728e76_2335,assessable_claim,misses,This is a self-contained advertising claim that promises a specific outcome ('Results') within a specific timeframe ('Within 7 Days!'). A compliance reviewer could assess this claim for substantiation.,Results Within 7 Days!
harv_ev_nad_nad_examines_advertising_for_park_labs_reparagen_2008_728e76_2337,assessable_claim,misses,"This is a self-contained advertising claim that describes a broad benefit ('works on a holistic level for all aspects of joint health, including muscles, bones, tendons, and ligaments'). A compliance reviewer could assess this claim for substantiation.","works on a holistic level for all aspects of joint health, including muscles, bones, tendons, and ligaments"
harv_ev_nad_nad_examines_advertising_for_park_labs_reparagen_2008_728e76_2339,assessable_claim,fires,This is a self-contained advertising claim that promises 'Clinically Proven Results' and a 'Guaranteed' outcome within a specific timeframe. A compliance reviewer could assess this claim for substantiation.,Clinically Proven Results – Guaranteed to Help Within 7 Days!
harv_ev_nad_nad_examines_advertising_for_park_labs_reparagen_2008_728e76_2340,assessable_claim,misses,This is a self-contained advertising claim that states a benefit ('took less acetaminophen') and explains why it's good ('which is great news for your stomach and liver'). A compliance reviewer could assess this claim for substantiation.,took less acetaminophen – which is great news for your stomach and liver
harv_ev_nad_nad_reviews_advertising_claims_for_golf_clubs_follow_2013_6de119_2342,assessable_claim,misses,This is a self-contained advertising claim making a superlative statement ('longest driver in golf'). A compliance reviewer could assess this claim for substantiation.,longest driver in golf
harv_ev_nad_nad_reviews_advertising_claims_for_golf_clubs_follow_2013_6de119_2343,fragment,misses,This phrase is incomplete and lacks context. It describes a range ('across the broadest range of player abilities possible') but doesn't state what is being achieved or offered across that range. It's dependent on missing information to be a full claim.,across the broadest range of player abilities possible
harv_ev_nad_nad_recommends_abbott_discontinue_ensure_claim_feel__2018_5eb750_2353,assessable_claim,fires,This is a self-contained advertising claim that promises a specific benefit ('Feel More Strength & Energy') within a specific timeframe ('in Just 2 Weeks'). A compliance reviewer could assess this claim for substantiation.,Feel More Strength & Energy in Just 2 Weeks
harv_ev_nad_nad_refers_advertising_for_kent_nutrition_s_world_s__2011_916e6e_2354,assessable_claim,fires,This is a self-contained advertising claim making a superlative statement ('World’s Best Cat Litter'). A compliance reviewer could assess this claim for substantiation.,World’s Best Cat Litter
harv_ev_nad_nad_recommends_hartz_modify_discontinue_certain_clai_2009_6f48d0_2356,assessable_claim,misses,This is a self-contained advertising claim that makes a comparative preference statement ('Taste Preferred 2 to 1 over the Leading Brand dog biscuits'). A compliance reviewer could assess this claim for substantiation.,Taste Preferred 2 to 1 over the Leading Brand dog biscuits
harv_ev_nad_nad_recommends_hartz_modify_discontinue_certain_clai_2009_6f48d0_2357,assessable_claim,misses,This is a self-contained advertising claim that makes a comparative preference statement ('Its taste is preferred 2 to 1'). A compliance reviewer could assess this claim for substantiation.,Its taste is preferred 2 to 1
harv_ev_nad_nad_recommends_hartz_modify_discontinue_certain_clai_2009_6f48d0_2358,assessable_claim,fires,This is a self-contained advertising claim that makes a comparative performance statement ('Removes 2 Times More Tartar than regular biscuits'). A compliance reviewer could assess this claim for substantiation.,Removes 2 Times More Tartar than regular biscuits
harv_ev_nad_nad_recommends_university_medical_discontinue_claims_2009_832767_2360,assessable_claim,fires,This is a self-contained advertising claim that promises a 'Clinically proven' benefit ('reduce wrinkle appearance up to 85%') within a specific timeframe ('in only 20 minutes'). A compliance reviewer could assess this claim for substantiation.,Clinically proven to reduce wrinkle appearance up to 85% in only 20 minutes
harv_ev_nad_nad_finds_proven_health_acted_properly_in_discontinu_2012_f31bac_2361,assessable_claim,misses,This is a self-contained advertising claim that promises a specific benefit ('Protect your balanced cholesterol levels'). A compliance reviewer could assess this claim for substantiation.,Protect your balanced cholesterol levels
harv_ev_nad_nad_finds_proven_health_acted_properly_in_discontinu_2012_f31bac_2362,assessable_claim,misses,This is a self-contained advertising claim that promises a specific benefit ('Support your healthy circulatory system'). A compliance reviewer could assess this claim for substantiation.,Support your healthy circulatory system
harv_ev_nad_nad_finds_h_h_gregg_acted_properly_in_discontinue_ad_2012_2ed929_2367,not_a_claim,misses,"This text appears to be a product description with pricing information, not a self-contained advertising claim about a benefit or performance. It's descriptive text from a legal document or product listing.",LG 30.7 Cu. Ft. Stainless Steel French Door Refrigerator SRP $3299.99. Now $2999
harv_ev_nad_nad_recommends_gravity_defyer_discontinue_certain_he_2011_ef4012_2368,assessable_claim,misses,"This is a self-contained advertising claim that promises a specific, unique benefit ('Scientifically engineered to Defy Gravity'). A compliance reviewer could assess this claim for substantiation.",Scientifically engineered to Defy Gravity
harv_ev_nad_nad_recommends_gravity_defyer_discontinue_certain_he_2011_ef4012_2369,assessable_claim,misses,"This is a self-contained advertising claim that promises multiple specific benefits ('Defy Pain, Defy Aging, Defy Fatigue'). A compliance reviewer could assess these claims for substantiation.","Defy Pain, Defy Aging, Defy Fatigue"
harv_ev_caru_caru_recommends_skechers_modify_broadcast_advertisin_2009_d3f069_2372,not_a_claim,misses,"This is a descriptive statement about a character, not an advertising claim about a product's features or benefits.",HyDee’s the girl who knows what’s cool in school
harv_ev_nad_nad_finds_presence_of_baby_experts_in_prego_commerci_2017_9b7ce4_2374,assessable_claim,fires,"This is a comparative claim about taste preference, which is assessable.",even Ragu users prefer the taste of Prego Traditional 2-to-1
harv_ev_nad_nad_finds_presence_of_baby_experts_in_prego_commerci_2017_9b7ce4_2376,not_a_claim,misses,"This is narrative text describing an experiment, not a direct advertising claim about a product's attributes or benefits.",We took lifelong pasta experts and gave one Prego Traditional and one Ragu Traditional. This is what happened
harv_ev_nad_nad_mucinex_label_claim_2019_928d28_2378,assessable_claim,misses,This is a direct claim about the product's efficacy against cold and flu symptoms.,Get tough on cold and flu symptoms
harv_ev_nad_gerber_beech_nut_participate_in_nad_forum_2008_2bc8aa_2387,assessable_claim,misses,This is a claim about a product's benefit (supporting attentiveness for learning).,supports attentiveness for learning
harv_ev_nad_gerber_beech_nut_participate_in_nad_forum_2008_2bc8aa_2388,assessable_claim,misses,This is a claim about a product's benefit (supporting healthy growth during night).,supports healthy growth during night
harv_ev_nad_nad_finds_hi_tech_can_support_certain_pain_relief_cl_2013_bcbedd_2392,assessable_claim,fires,"This is a claim about product strength and immediate effect, which is assessable.",Powerful Strength: Feel it Working Immediately!
harv_ev_nad_nad_finds_hi_tech_can_support_certain_pain_relief_cl_2013_bcbedd_2393,assessable_claim,fires,"This is a claim of clinical proof for pain relief, which is assessable.","clinically proven to provide significant pain relief for painful, tired, overworked feet"
harv_ev_nad_nad_finds_hi_tech_can_support_certain_pain_relief_cl_2013_bcbedd_2394,assessable_claim,misses,"This is a claim about multiple benefits (relaxing muscles, reducing stiffness, speeding healing), which is assessable.","relax muscles, reduce stiffness and speed healing"
harv_ev_nad_nad_finds_hi_tech_can_support_certain_pain_relief_cl_2013_bcbedd_2396,assessable_claim,fires,"This is a direct claim about immediate effect, which is assessable.",Feel it Working Immediately!
harv_ev_nad_nad_finds_hi_tech_can_support_certain_pain_relief_cl_2013_bcbedd_2397,assessable_claim,misses,"This is a direct call to action with a promise of relief, which is assessable.",Get relief now with Zostrix!
harv_ev_nad_nad_recommends_behavioral_technology_group_discontin_2017_8dd86c_2401,assessable_claim,misses,This is a claim about the product's design and intended function to break bad habits.,Pavlok is designed to help you break any bad habit
harv_ev_nad_nad_recommends_behavioral_technology_group_discontin_2017_8dd86c_2402,assessable_claim,misses,This is a claim about the product's past success in helping users with various habits.,"Pavlok has helped hundreds quit smoking, nail-biting, unhealthy eating, overspending, and more"
harv_ev_nad_nad_recommends_behavioral_technology_group_discontin_2017_8dd86c_2403,assessable_claim,misses,"This is a claim about the speed of results, which is assessable.",you may see results in as little as a few days
harv_ev_nad_nad_refers_claims_for_aubio_s_cold_sore_treatment_ge_2018_c98ea1_2405,not_a_claim,misses,"This is an instruction for use, not a claim about the product's performance or benefits.",Apply at the first sign of a cold sore
harv_ev_nad_nad_recommends_justfab_modify_advertising_for_vip_me_2017_fc58f7_2416,assessable_claim,misses,"This is a specific promotional offer with a discount and free shipping, which is assessable.",first outfit 75% off + free shipping
harv_ev_nad_nad_recommends_nature_s_way_discontinue_26_fruits_ve_2014_75927d_2422,assessable_claim,misses,"This is a claim about getting more from a multi-vitamin, implying superior benefits.",Get More from Your Multi-Vitamin. A Lot More
harv_ev_nad_nad_recommends_nature_s_way_discontinue_26_fruits_ve_2014_75927d_2423,assessable_claim,misses,This is a factual claim about the ingredients of the product.,made with 26 fruits and vegetables
harv_ev_nad_nad_recommends_nature_s_way_discontinue_26_fruits_ve_2014_75927d_2424,assessable_claim,misses,"This is a claim about the tangible effect of the nutrition, implying a noticeable benefit.",Alive! is nutrition you can feel
harv_ev_nad_following_national_advertising_division_challenge_cl_2020_75cc88_2428,assessable_claim,fires,"This is a claim about the product's actions (nourishes, repairs, strengthens) and its ingredients.","Deeply nourishes, repairs and strengthens with CBD, olive and flaxseed oils"
harv_ev_nad_nad_recommends_trinity_sports_group_discontinue_cert_2014_c05f4c_2429,assessable_claim,misses,This is a claim about the product's purpose and benefit (brain recovery support).,Brain Recovery Support for Contact Sports
harv_ev_nad_nad_recommends_trinity_sports_group_discontinue_cert_2014_c05f4c_2430,assessable_claim,fires,"This is a claim of clinical proof for supporting neurological function, which is assessable.",Patent-pending product clinically proven to support proper neurological function after contact sports
harv_ev_nad_nad_examines_advertising_for_natrol_s_biosil_2008_24ac28_2436,assessable_claim,misses,"This is a specific, quantifiable claim about reducing fine lines and wrinkles.",Reduces Fine Lines and Wrinkles by 19%
harv_ev_nad_nad_examines_advertising_for_natrol_s_biosil_2008_24ac28_2437,assessable_claim,misses,"This is a claim about the product's effect on hair (thicker, stronger).","Creates Thicker, Stronger, Hair"
harv_ev_nad_nad_examines_advertising_for_natrol_s_biosil_2008_24ac28_2438,assessable_claim,misses,"This is a claim about the product's effect on nails (stronger, more break resistant).","Provides Stronger, More Break Resistant Nails"
harv_ev_nad_nad_examines_advertising_for_natrol_s_biosil_2008_24ac28_2439,assessable_claim,fires,This is a self-contained advertising claim that promises a benefit. A compliance reviewer could assess whether the product 'Promotes Healthy Bones and Joints'.,Promotes Healthy Bones and Joints
harv_ev_nad_nad_examines_advertising_for_natrol_s_biosil_2008_24ac28_2443,assessable_claim,fires,This is a self-contained advertising claim that promises a benefit and mentions clinical proof. A compliance reviewer could assess whether it is 'clinically proven to give a more youthful look'.,clinically proven to give a more youthful look
harv_ev_nad_shenzhen_zhiyi_technology_modifies_discontinues_clai_2017_785e56_2445,assessable_claim,fires,This is a self-contained advertising claim that describes product features and a quantifiable benefit. A compliance reviewer could assess 'High speed brushless motor. 50% more suction'.,High speed brushless motor. 50% more suction
harv_ev_nad_shenzhen_zhiyi_technology_modifies_discontinues_clai_2017_785e56_2446,assessable_claim,misses,"This is a self-contained advertising claim that describes a product function and its benefit. A compliance reviewer could assess whether 'Dust is reduced by iLife’s filter, thus reducing the amount of allergens in the air'.","Dust is reduced by iLife’s filter, thus reducing the amount of allergens in the air"
harv_ev_nad_nad_finds_bayer_can_support_certain_claims_for_clari_2015_e8926f_2448,assessable_claim,fires,This is a self-contained advertising claim that specifies a performance metric. A compliance reviewer could assess whether it 'starts to work on allergies in 30 minutes'.,starts to work on allergies in 30 minutes
harv_ev_nad_nad_finds_bayer_can_support_certain_claims_for_clari_2015_e8926f_2451,assessable_claim,fires,This is a self-contained advertising claim making a comparative statement. A compliance reviewer could assess whether 'Nothing works faster than Claritin-D'.,Nothing works faster than Claritin-D
harv_ev_nad_nad_recommends_summit_metal_products_discontinue_mod_2011_b1fb3e_2453,assessable_claim,misses,This is a self-contained advertising claim stating a quantifiable feature. A compliance reviewer could assess 'over 50% open area'.,over 50% open area
harv_ev_nad_nad_recommends_summit_metal_products_discontinue_mod_2011_b1fb3e_2454,assessable_claim,misses,This is a self-contained advertising claim about product design and compliance. A compliance reviewer could assess whether it is 'designed in accordance with NFPA guidelines'.,designed in accordance with NFPA guidelines
harv_ev_nad_nad_recommends_summit_metal_products_discontinue_mod_2011_b1fb3e_2455,assessable_claim,fires,This is a self-contained advertising claim about product performance relative to standards. A compliance reviewer could assess whether it 'Exceeds Existing Fire Code Requirements'.,Exceeds Existing Fire Code Requirements
harv_ev_caru_caru_recommends_mattel_more_clearly_disclose_content_2010_75d6ca_2457,not_a_claim,misses,"This appears to be narrative or descriptive text from a legal document or a toy's play scenario, not an advertising claim about product benefits or features.","Oh no, Buzz and Woody are caught in the claw in Pizza Planet"
harv_ev_nad_nad_recommends_wink_naturals_discontinue_certain_cha_2019_c58a63_2461,assessable_claim,misses,"This is a self-contained advertising claim describing the product's natural formula, ingredients, and their purported benefits. A compliance reviewer could assess these claims.",Our natural formula contains safely diluted amounts of eucalyptus oils to open airways and lavender to calm and soothe
harv_ev_nad_nad_recommends_wink_naturals_discontinue_certain_cha_2019_c58a63_2462,assessable_claim,misses,This is a self-contained advertising claim about a product's use and benefit. A compliance reviewer could assess whether 'Chest Rub can be used . . . for sleep training'.,Chest Rub can be used . . . for sleep training
harv_ev_nad_nad_recommends_wink_naturals_discontinue_certain_cha_2019_c58a63_2463,assessable_claim,fires,"This is a self-contained advertising claim, presented as a testimonial, describing product benefits for congestion and sleep. A compliance reviewer could assess the claims made within it.","I absolutely love this chest rub for infants, all the way to my toddler! It’s soothing when the kids are congested and helps them sleep through the night"
harv_ev_nad_nad_recommends_wink_naturals_discontinue_certain_cha_2019_c58a63_2465,assessable_claim,fires,This is a self-contained advertising claim about product formulation for a specific demographic. A compliance reviewer could assess whether it is 'specifically dosed for children'.,specifically dosed for children
harv_ev_nad_nad_recommends_wink_naturals_discontinue_certain_cha_2019_c58a63_2466,assessable_claim,fires,This is a self-contained advertising claim about product formulation for a specific demographic. A compliance reviewer could assess whether it is 'appropriately dosed for children'.,appropriately dosed for children
harv_ev_nad_nad_recommends_wink_naturals_discontinue_certain_cha_2019_c58a63_2468,assessable_claim,misses,This is a self-contained advertising claim linking product use to a specific benefit and its subsequent positive outcomes. A compliance reviewer could assess whether it 'Helps to improve your child’s school performance'.,"Helps to improve your child’s school performance: A good night sleep can lead to more energy, focus, concentration, information retention, and creative problem solving"
harv_ev_nad_nad_recommends_wink_naturals_discontinue_certain_cha_2019_c58a63_2469,assessable_claim,misses,"This is a self-contained advertising claim providing instructions for use and the promised benefits. A compliance reviewer could assess whether applying it 'just before bedtime to relax, rest and breathe free' is true.","Apply to the chest and neck area just before bedtime to relax, rest and breathe free"
harv_ev_nad_mcneil_shering_plough_participate_in_nad_forum_2008_687fae_2470,assessable_claim,fires,This is a self-contained advertising claim making comparative statements about speed and duration of effect. A compliance reviewer could assess these claims.,Zyrtec® starts working 2 hours* faster than Claritin®. And it keeps working on your indoor and outdoor allergy symptoms for 24 hours
harv_ev_nad_mcneil_shering_plough_participate_in_nad_forum_2008_687fae_2471,assessable_claim,fires,This is a self-contained advertising claim making a comparative statement about speed of effect. A compliance reviewer could assess whether 'Zyrtec starts working 2 hours faster than Claritin'.,Zyrtec starts working 2 hours faster than Claritin
harv_ev_nad_following_nad_inquiry_owlet_baby_care_to_modify_disc_2019_0574da_2472,assessable_claim,misses,This is a self-contained advertising claim promising a benefit. A compliance reviewer could assess whether it 'reassure you baby is okay'.,reassure you baby is okay
harv_ev_nad_nad_recommends_charter_communications_discontinue_br_2016_ea36eb_2474,assessable_claim,misses,This is a self-contained advertising claim making a specific statement about the likelihood of an outage for satellite subscribers under certain weather conditions. A compliance reviewer could assess this claim.,"Looks like it might drizzle, which means one out of four satellite subscribers could experience an outage"
harv_ev_nad_nad_recommends_charter_communications_discontinue_br_2016_ea36eb_2475,assessable_claim,fires,"This is a self-contained advertising claim making comparative statements and promising specific benefits for a service. A compliance reviewer could assess the claims of 'reliable, weatherproof TV with crystal clear picture and sound'.","It’s time to move on from satellite. Get reliable, weatherproof TV with crystal clear picture and sound. Get Spectrum"
harv_ev_nad_nad_recommends_gillette_modify_advertising_claims_fo_2011_053989_2479,assessable_claim,misses,This is a self-contained advertising claim describing a product benefit. A compliance reviewer could assess whether it results in 'less tug and pull'.,less tug and pull
harv_ev_nad_nad_finds_sensa_can_support_express_claims_for_weigh_2009_da82e0_2480,assessable_claim,fires,"This is a self-contained advertising claim describing how a product works. A compliance reviewer could assess whether 'Sensa works with your body’s natural impulses, not against them'.","Sensa works with your body’s natural impulses, not against them"
harv_ev_nad_nad_finds_sensa_can_support_express_claims_for_weigh_2009_da82e0_2481,assessable_claim,misses,This is a self-contained advertising claim about the product's development and background. A compliance reviewer could assess whether 'Sensa is based on 25 years of research and testing'.,Sensa is based on 25 years of research and testing
harv_ev_caru_caru_recommends_tyson_modify_certain_advertising_for_2010_a2f674_2485,assessable_claim,fires,This is a self-contained advertising claim about the ingredients of a product.,now made with 100% all natural ingredients
harv_ev_nad_nad_examines_advertising_for_university_medical_s_wr_2007_87f7aa_2487,assessable_claim,misses,This is a self-contained advertising claim comparing the product's function to another product.,"Replace Restylane to FILL IN Facial Wrinkles with Hyaluronic Acid, as does Restylane"
harv_ev_nad_unilever_dial_participate_in_nad_forum_2009_925a95_2490,assessable_claim,misses,This is a self-contained advertising claim about a product's feature.,releases extra bursts of fragrance when you need it the most
harv_ev_narb_narb_panel_recommends_clorox_discontinue_claims_chal_2015_bcc423_2497,assessable_claim,fires,This is a self-contained comparative advertising claim.,Clorox eliminates stains better than OxiClean
harv_ev_narb_narb_panel_recommends_clorox_discontinue_claims_chal_2015_bcc423_2498,fragment,fires,This claim is incomplete; 'better' requires a comparison that is missing.,Clorox eliminates stains better
harv_ev_nad_nad_determines_tropicana_ad_is_puffery_following_cam_2013_99a429_2501,assessable_claim,misses,This is a self-contained advertising claim introducing a product and describing its nature.,"Introducing Tropicana Farmstand, a deliciously chilled fruit and vegetable juice"
harv_ev_nad_beiersdorf_says_it_will_discontinue_six_hour_claim_f_2016_3fc7bf_2505,assessable_claim,misses,This is a self-contained advertising claim about the efficacy and speed of a product.,Make It All Better. Treat and Relieve diaper rash within six hours
harv_ev_nad_beiersdorf_says_it_will_discontinue_six_hour_claim_f_2016_3fc7bf_2506,assessable_claim,fires,This is a self-contained advertising claim about the clinically proven efficacy and speed of a product.,Clinically proven to relieve diaper rash within 6 hours
harv_ev_nad_beiersdorf_says_it_will_discontinue_six_hour_claim_f_2016_3fc7bf_2507,assessable_claim,fires,This is a self-contained advertising claim about the clinically proven efficacy and speed of a product.,Clinically proven to relieve diaper rash within six hours
harv_ev_nad_nad_recommends_pharmapro_discontinue_wide_range_of_c_2012_a7a469_2508,assessable_claim,fires,This is a self-contained advertising claim about the product's superlative qualities.,most powerful size and strength gaining compound available
harv_ev_nad_nad_recommends_pharmapro_discontinue_wide_range_of_c_2012_a7a469_2510,assessable_claim,fires,This is a self-contained advertising claim about the potential results of using a product.,"Taking Sterodrol for many can result in a change in Mass, Strength and Recovery Time"
harv_ev_nad_nad_recommends_evolution_nutraceuticals_discontinue__2018_6595d1_2511,assessable_claim,fires,This is a self-contained advertising claim about the preventative or restorative effects of a product.,Prevent or Reverse Heart Attack and Stroke
harv_ev_nad_nad_recommends_discontinuation_of_sunrun_s_national__2020_b444bc_2515,assessable_claim,misses,This is a self-contained advertising claim about the magnitude of savings.,Solar Savings are Big
harv_ev_nad_nad_reviews_advertising_for_renaissance_health_s_rev_2007_3b47aa_2516,assessable_claim,fires,This is a self-contained advertising claim identifying a product and making a superlative claim about it.,Revatrol™. The #1 Red Wine Extract Formula
harv_ev_nad_nad_reviews_advertising_for_renaissance_health_s_rev_2007_3b47aa_2517,assessable_claim,fires,This is a self-contained advertising claim describing the product's composition and benefits.,"It’s a powerful combination of the strongest available whole red wine grape extract with 95% OPC, as well as three other key anti-oxidants"
harv_ev_nad_nad_reviews_advertising_for_renaissance_health_s_rev_2007_3b47aa_2518,not_a_claim,misses,"This appears to be a heading or title, not an advertising claim about a product.",National Health News Report
harv_ev_nad_nad_reviews_advertising_for_renaissance_health_s_rev_2007_3b47aa_2519,assessable_claim,misses,This is a self-contained advertising claim about the ease of use and broad benefits of a product.,One little capsule a day that can ease dozens of your worst health worries
harv_ev_nad_nad_reviews_advertising_for_renaissance_health_s_rev_2007_3b47aa_2520,not_a_claim,misses,"This appears to be a heading or title, not an advertising claim about a product.",Natural Health News Report
harv_ev_nad_nad_reviews_advertising_for_renaissance_health_s_rev_2007_3b47aa_2521,fragment,misses,This is a fragment; it's missing the subject that can 'ease dozens of your worst health worries'.,ease dozens of your worst health worries
harv_ev_nad_nad_recommends_housewares_america_modify_discontinue_2009_64e0ea_2522,assessable_claim,fires,This is a self-contained advertising claim about the function of a product.,ABSORBS AND REMOVES ETHYLENE GAS
harv_ev_caru_caru_recommends_skechers_discontinue_claims_for_girl_2012_2d77bc_2524,fragment,misses,This is a fragment; it's missing what 'is everything a girl wants'.,everything a girl wants
harv_ev_caru_caru_recommends_skechers_discontinue_claims_for_girl_2012_2d77bc_2525,assessable_claim,misses,This is a self-contained advertising claim about the versatility and benefits of a product.,"You can wear your Shape-ups anywhere… which means you can help tone your muscles, improve your posture, and stay comfy all day long"
harv_ev_caru_caru_recommends_skechers_discontinue_claims_for_girl_2012_2d77bc_2526,assessable_claim,misses,This is a self-contained advertising claim about the physical effects of wearing a product.,"Shape-ups give you an extra inch of height and help improve your posture, so you can stand taller!"
harv_ev_nad_nad_examines_advertising_for_intuit_s_turbo_tax_soft_2007_0ee641_2528,assessable_claim,misses,This is a self-contained advertising claim about the benefit of a product feature.,Get the biggest refund possible with Deduction Maximizer Center
harv_ev_nad_nad_examines_claims_made_by_weight_loss_clinic_slimg_2015_63d03d_2534,assessable_claim,fires,This is a self-contained advertising claim about the potential weight loss results.,Lose up to 3-5 pounds a week
harv_ev_nad_nad_finds_p_g_took_necessary_action_in_discontinuing_2013_387d61_2542,fragment,misses,This is a comparative fragment that is missing the item being compared to 'a mop and bucket'.,than a mop and bucket
harv_ev_nad_nad_finds_p_g_took_necessary_action_in_discontinuing_2013_387d61_2543,assessable_claim,fires,This is a self-contained advertising claim that states a product cleans better than a mop.,Swiffer WetJet Starter Kit. CLEANS BETTER THAN A MOP!
harv_ev_nad_nad_finds_p_g_took_necessary_action_in_discontinuing_2013_387d61_2544,assessable_claim,fires,This is a self-contained advertising claim that states a product cleans better than both a broom and mop.,Swiffer Sweeper. Cleans better than both a broom and mop
harv_ev_nad_nad_recommends_eli_nutrition_discontinue_certain_cha_2018_5634ba_2548,fragment,fires,This is a fragment because 'Proven ingredients' needs to specify what they are proven for. 'protective zinc' is also a fragment as it doesn't state what it protects against.,Proven ingredients like protective zinc
harv_ev_nad_nad_recommends_eli_nutrition_discontinue_certain_cha_2018_5634ba_2549,assessable_claim,fires,This is a self-contained advertising claim that states a product's formula relieves almost instantly.,Its Revolutionary Formula Relieves almost instantly
harv_ev_nad_nad_recommends_eli_nutrition_discontinue_certain_cha_2018_5634ba_2553,assessable_claim,misses,This is a self-contained advertising claim that states a product 'supports the stomach lining'.,supports the stomach lining
harv_ev_nad_nad_recommends_expedia_modify_certain_claims_for_tra_2009_0059e9_2556,assessable_claim,misses,This is a self-contained advertising claim for a 'half off hotels sale'.,half off hotels sale
harv_ev_nad_nad_recommends_expedia_modify_certain_claims_for_tra_2009_0059e9_2557,assessable_claim,fires,This is a self-contained advertising claim about saving up to 50% on hotels.,Right now you can save up to 50% on participating hotels for business or fun
harv_ev_nad_nad_recommends_mega_t_discontinue_burns_fat_claim_co_2016_3b9cd4_2561,assessable_claim,misses,This is a self-contained advertising claim that states 'Garcina Cambogia Reduces food cravings and increases metabolism'.,Garcina Cambogia Reduces food cravings and increases metabolism
harv_ev_nad_nad_recommends_mega_t_discontinue_burns_fat_claim_co_2016_3b9cd4_2562,assessable_claim,fires,"This is a self-contained advertising claim that states 'Bladderwrack, Fo-To and Gotu Lola Metabolizes, eliminates excess fluids'.","Bladderwrack, Fo-To and Gotu Lola Metabolizes, eliminates excess fluids"
harv_ev_nad_nad_recommends_mars_modify_certain_claims_for_cocoav_2016_de1596_2563,assessable_claim,fires,This is a self-contained advertising claim that describes the product's concentration of flavanols and their scientifically proven benefit for heart health.,"CocoaVia daily cocoa extract supplement delivers the highest concentration of cocoa flavanols, which are scientifically proven to promote a healthy heart by supporting healthy blood flow"
harv_ev_nad_nad_recommends_mars_modify_certain_claims_for_cocoav_2016_de1596_2565,assessable_claim,misses,This is a self-contained advertising claim about the product delivering the highest concentration of cocoa flavanols.,CocoaVia daily cocoa extract supplement delivers the highest concentration of cocoa flavanols
harv_ev_nad_nad_recommends_mars_modify_certain_claims_for_cocoav_2016_de1596_2566,fragment,fires,This is a fragment because it states 'scientifically proven' but doesn't specify what is scientifically proven.,scientifically proven to promote a healthy heart by supporting healthy blood flow
harv_ev_nad_nad_recommends_reynolds_modify_discontinue_claims_th_2017_744835_2572,assessable_claim,fires,This is a self-contained advertising claim that states 'Hefty costs less than Ziploc' and implies saving money.,Save big. Hefty costs less than Ziploc
harv_ev_nad_nad_recommends_reynolds_modify_discontinue_claims_th_2017_744835_2573,assessable_claim,fires,This is a self-contained advertising claim that states 'Hefty costs less than Ziploc'.,Hefty costs less than Ziploc
harv_ev_nad_nad_recommends_prnphysician_recommended_nutraceutica_2020_df2b45_2574,assessable_claim,fires,This is a self-contained advertising claim about the potential benefits of 'nuretin' for diabetic retinopathy.,"Why nuretin? nuretin may delay the onset, slow the progression to and reduce the risk of vision loss associated with diabetic retinopathy"
harv_ev_nad_nad_recommends_prnphysician_recommended_nutraceutica_2020_df2b45_2575,assessable_claim,misses,"This is a self-contained advertising claim about the potential benefits of DHA for diabetic retinopathy, supported by multiple clinical studies.",Multiple clinical studies have shown that docosahexaenoic acid (DHA) may delay the onset and slow the progression of diabetic retinopathy
harv_ev_nad_luxury_mattress_manufacturer_the_saatva_company_shou_2020_db8a0d_2576,assessable_claim,fires,This is a self-contained advertising claim that states the product is 'America’s best-reviewed luxury sleep brand'.,America’s best-reviewed luxury sleep brand
harv_ev_nad_luxury_mattress_manufacturer_the_saatva_company_shou_2020_db8a0d_2577,assessable_claim,fires,This is a self-contained advertising claim that states the product is the 'best-reviewed luxury sleep brand'.,best-reviewed luxury sleep brand
harv_ev_nad_nad_refers_advertising_claims_for_eheat_products_tof_2013_b361e6_2578,assessable_claim,misses,This is a self-contained advertising claim that states the product 'Consumes less. Warms More'.,Consumes less. Warms More
harv_ev_nad_nad_refers_advertising_claims_for_eheat_products_tof_2013_b361e6_2579,assessable_claim,fires,This is a self-contained advertising claim about saving up to 50% or more on heating costs.,Save up to 50% or more on heating costs
harv_ev_nad_nad_refers_advertising_claims_for_eheat_products_tof_2013_b361e6_2580,assessable_claim,misses,This is a self-contained advertising claim about energy saving and heating cost per hour.,Energy saving: heats a room for only 4 cents per hour
harv_ev_nad_nad_refers_advertising_claims_for_eheat_products_tof_2013_b361e6_2581,assessable_claim,misses,This is a self-contained advertising claim about the product being 'Healthy' due to being fanless and not circulating dust or drying the air.,Healthy: fanless – will not circulate dust or dry the air
harv_ev_nad_nad_refers_advertising_claims_for_eheat_products_tof_2013_b361e6_2582,assessable_claim,fires,"This is a self-contained advertising claim about the product being 'Effective' due to '100% Pure Stack Convention, gentle whole room warmth'.","Effective: 100% Pure Stack Convention, gentle whole room warmth"
harv_ev_nad_nad_finds_direct_digital_can_support_certain_claims__2012_e9145a_2596,assessable_claim,misses,This is a self-contained advertising claim that states 'Lubricate for healthy fluid movement'.,Lubricate for healthy fluid movement
harv_ev_nad_nad_finds_direct_digital_can_support_certain_claims__2012_e9145a_2597,assessable_claim,misses,This is a self-contained advertising claim that promises to protect and enhance mobility.,Protect and enhance your mobility
harv_ev_nad_nad_reviews_advertising_for_p_g_s_crest_sensi_stop_s_2015_133b0f_2599,assessable_claim,fires,This is a self-contained advertising claim about the duration of protection.,Up to 1 Month Protection
harv_ev_nad_nad_reviews_advertising_for_p_g_s_crest_sensi_stop_s_2015_133b0f_2600,assessable_claim,misses,This is a self-contained advertising claim promising a unique level of sensitivity relief.,Get Sensitivity Relief Like Never Before
harv_ev_nad_nad_recommends_add_care_discontinue_claims_for_suppl_2014_ca10d0_2606,assessable_claim,fires,This is a self-contained advertising claim about the potential benefits of ADD-care without negative side effects.,"ADD-care may add focus, clarity, and alertness without negative side effects"
harv_ev_nad_nad_recommends_directv_discontinue_certain_claims_in_2015_6309cb_2607,assessable_claim,misses,This is a self-contained advertising claim asserting DirecTV's leadership in sports and the resulting benefit for viewers.,DirecTV is the undisputed leader in sports which means you can watch all the games you want to
harv_ev_nad_national_advertising_division_refers_advertising_cla_2020_a98815_2611,assessable_claim,misses,This is a self-contained advertising claim about helping patients with diabetes.,Helps patients with diabetes
harv_ev_nad_nad_recommends_interceuticals_discontinue_claims_at__2012_a37fbb_2617,assessable_claim,misses,This is a self-contained advertising claim promising improved sleep.,Sleep Better Through a Night
harv_ev_nad_nad_recommends_church_and_dwight_discontinue_2x_4x_c_2013_086d40_2618,assessable_claim,misses,This is a self-contained advertising claim about the concentration of a product.,Ultra Power 4X Concentrated
harv_ev_nad_nad_recommends_fillerina_skincare_products_discontin_2020_cca78d_2620,assessable_claim,misses,This is a self-contained advertising claim detailing the benefits of a skincare treatment.,"Boosted with a powerful blend of hyaluronic acids, this at-home skin care treatment fills in fine lines and wrinkles, revealing a more radiant complexion"
harv_ev_nad_nad_recommends_fillerina_skincare_products_discontin_2020_cca78d_2621,fragment,fires,"This phrase is a duration without context, making it a fragment.",up to 4 months
harv_ev_nad_nad_recommends_artis_marketing_discontinue_wide_rang_2010_78b738_2627,assessable_claim,fires,This is a self-contained advertising claim about rapid weight loss.,You too can lose up to 1 pound in the first 8 hours
harv_ev_nad_nad_recommends_artis_marketing_discontinue_wide_rang_2010_78b738_2628,assessable_claim,misses,This is a self-contained advertising claim about reducing hunger cravings.,help to reduce your hunger cravings
harv_ev_nad_nad_recommends_artis_marketing_discontinue_wide_rang_2010_78b738_2629,not_a_claim,fires,"This describes a 'treatment aimed at' a group of people, rather than being a direct advertising claim about the product's benefits or features.",treatment aimed at all those who can’t seem to lose all the weight they want to lose
harv_ev_nad_nad_recommends_artis_marketing_discontinue_wide_rang_2010_78b738_2630,fragment,misses,"This is a quantity without context, making it a fragment.",one to three pounds
harv_ev_caru_caru_recommends_tech_4_kids_modify_broadcast_ad_for__2017_b48152_2631,assessable_claim,fires,This is a self-contained advertising claim describing the function and benefit of the ImagiPen.,"It’s the ImagiPen. The amazing new pen that lets you go from gel to solid plastic, instantly"
harv_ev_narb_narb_panel_recommends_neutrogena_discontinue_water_s_2014_eff7b3_2635,assessable_claim,misses,This is a self-contained advertising claim about a product's function as a barrier.,water + sun barrier
harv_ev_nad_nad_examines_before_and_after_photos_as_part_of_chal_2017_0c0b7f_2638,assessable_claim,fires,This is a self-contained advertising claim about reducing the appearance of crepiness.,helps erase the appearance of crepiness
harv_ev_nad_nad_recommends_neogenesis_discontinue_certain_claims_2014_90af1e_2639,assessable_claim,fires,This is a self-contained advertising claim about a product's proven ability to increase nitric oxide levels and its various benefits.,"Neo40 Daily is proven to help the body naturally increase its nitric oxide level, (which helps support): Blood Pressure Triglycerides Energy Levels Workout Endurance Sexual Function"
harv_ev_nad_nad_recommends_comcast_commercial_be_discontinued_fo_2018_53593a_2642,assessable_claim,fires,This is a self-contained advertising claim in the form of a question implying a benefit.,Hey! Want the fastest internet?
harv_ev_nad_nad_recommends_comcast_commercial_be_discontinued_fo_2018_53593a_2643,assessable_claim,fires,This is a self-contained advertising claim about specific download speeds.,download speeds up to 25Mbps
harv_ev_nad_sumo_logic_discontinues_express_implied_claims_chall_2014_cb462f_2644,not_a_claim,misses,"This is a factual statement about past migrations, not a direct advertising claim about the product's current benefits or features.","Sumo Logic recently migrated companies such as Salesforce.com, Autodesk, and Accenture from Splunk Enterprise"
harv_ev_nad_sumo_logic_discontinues_express_implied_claims_chall_2014_cb462f_2645,not_a_claim,misses,"This appears to be a title or heading for a comparison, not an advertising claim itself.",Machine Data Analytics Showdown: Sumo Logic vs. Splunk
harv_ev_nad_sumo_logic_discontinues_express_implied_claims_chall_2014_cb462f_2646,not_a_claim,misses,"This appears to be a title or heading for a comparison, not an advertising claim itself.",Sumo Logic vs. Splunk: Top 6 reasons to think beyond Splunk
harv_ev_nad_nad_finds_nature_s_way_can_support_certain_advertisi_2012_8bab69_2651,assessable_claim,fires,"This is a self-contained advertising claim about the safety, naturalness, and clinically proven benefits of a product.","It’s safe, natural and clinically proven to shorten duration and reduce the severity of coughs, colds, sore throats and sinus/bronchial infections"
harv_ev_nad_nad_finds_nature_s_way_can_support_certain_advertisi_2012_8bab69_2652,assessable_claim,misses,This is a self-contained advertising claim about a product's ability to speed recovery naturally.,Umcka ColdCare speeds recovery-naturally
harv_ev_nad_nad_finds_nature_s_way_can_support_certain_advertisi_2012_8bab69_2653,assessable_claim,fires,"This is a self-contained advertising claim stating the product is safe, natural, clinically proven, and shortens duration and reduces severity of various ailments. A compliance reviewer could assess this claim for substantiation.","safe, natural and clinically proven to shorten duration and reduce the severity of coughs, colds, sore throats and sinus/bronchial infections"
harv_ev_nad_nad_recommends_discontinuation_of_health_related_sup_2020_aa9d1d_2656,assessable_claim,fires,"This is a comparative advertising claim stating the product is 'Proven more powerful at killing yeast than Monistat 1, Monistat 3, Monistat 7'. It is self-contained and assessable.","Proven more powerful at killing yeast than Monistat 1, Monistat 3, Monistat 7"
harv_ev_nad_nad_recommends_discontinuation_of_health_related_sup_2020_aa9d1d_2657,assessable_claim,misses,This is a superlative advertising claim: 'Shortest yeast infection treatment on the market'. It is self-contained and assessable.,Shortest yeast infection treatment on the market
harv_ev_nad_nad_recommends_discontinuation_of_health_related_sup_2020_aa9d1d_2658,assessable_claim,fires,This is a comparative advertising claim: 'Kills more yeast than Monistat'. It is self-contained and assessable.,Kills more yeast than Monistat
harv_ev_nad_nad_recommends_discontinuation_of_health_related_sup_2020_aa9d1d_2659,assessable_claim,fires,This is a superlative advertising claim: 'Proven Best at Killing Yeast'. It is self-contained and assessable.,Proven Best at Killing Yeast
harv_ev_nad_nad_recommends_discontinuation_of_health_related_sup_2020_aa9d1d_2660,assessable_claim,misses,This is an assessable claim about the product's effectiveness and dosage: 'Shortest Effective Remedy 2 Day Dose'.,Shortest Effective Remedy 2 Day Dose
harv_ev_nad_nad_recommends_t_mobile_discontinue_certain_claims_i_2015_ba6228_2667,fragment,fires,"The phrase 'up to $650 per phone' is incomplete. It lacks context about what the $650 refers to (e.g., discount, trade-in value, cost) and what conditions apply.",up to $650 per phone
harv_ev_nad_nad_recommends_comcast_discontinue_fastest_internet__2016_78dd99_2669,assessable_claim,fires,"This is a clear, self-contained superlative claim: 'fastest, most reliable in-home WiFi'. A compliance reviewer could assess this for substantiation.","fastest, most reliable in-home WiFi"
harv_ev_nad_nad_recommends_comcast_discontinue_fastest_internet__2016_78dd99_2671,assessable_claim,fires,"This is a clear, self-contained superlative claim: 'Unsurpassed HD picture quality'. A compliance reviewer could assess this for substantiation.",Unsurpassed HD picture quality
harv_ev_nad_nad_recommends_comcast_discontinue_fastest_internet__2016_78dd99_2673,not_a_claim,misses,This describes a business action ('eliminating its traditional home phone service in certain markets') rather than an advertising claim about a product's features or benefits.,eliminating its traditional home phone service in certain markets
harv_ev_nad_nad_recommends_comcast_discontinue_fastest_internet__2016_78dd99_2674,not_a_claim,misses,This describes a business action ('Verizon is discontinuing its copper-wire based home phone service') rather than an advertising claim about a product's features or benefits.,Verizon is discontinuing its copper-wire based home phone service
harv_ev_nad_nad_recommends_comcast_discontinue_fastest_internet__2016_78dd99_2675,not_a_claim,misses,This describes a business action ('Verizon is eliminating its traditional home phone service in certain markets') rather than an advertising claim about a product's features or benefits.,Verizon is eliminating its traditional home phone service in certain markets
harv_ev_nad_nad_recommends_comcast_discontinue_fastest_internet__2016_78dd99_2676,not_a_claim,misses,This describes a business action ('Verizon is discontinuing its copper wire-based home phone service') rather than an advertising claim about a product's features or benefits.,Verizon is discontinuing its copper wire-based home phone service
harv_ev_nad_nad_finds_church_dwight_can_support_certain_claims_f_2017_c29cb4_2680,not_a_claim,misses,"This appears to be a description of a dramatization or demonstration, not a direct advertising claim about a product's performance or benefit. It explains what the dramatization reflects.",Dramatization reflects cleaning after 24 hours
harv_ev_nad_nad_examines_advertising_for_rexall_sundown_s_osteo__2007_e03399_2683,not_a_claim,misses,"This is a product name or variant ('Osteo Bi-Flex Advanced Double Strength') on its own, not an advertising claim.",Osteo Bi-Flex Advanced Double Strength
harv_ev_nad_bpi_discontinues_certain_claims_for_three_products_f_2013_c97900_2684,assessable_claim,misses,"This is a series of clear, self-contained advertising claims about product effects: 'Hits You Harder. Lasts Longer. Crazy Energy. Zero Crash'. Each part is assessable.",Hits You Harder. Lasts Longer. Crazy Energy. Zero Crash
harv_ev_nad_bpi_discontinues_certain_claims_for_three_products_f_2013_c97900_2685,assessable_claim,misses,"This is a clear, self-contained advertising claim about product benefits: 'Go Faster. Build Muscle'. Each part is assessable.",Go Faster. Build Muscle
harv_ev_nad_bpi_discontinues_certain_claims_for_three_products_f_2013_c97900_2688,assessable_claim,misses,"This is a clear, self-contained advertising claim about product benefits: 'Increase energy and focus'. It is assessable.",Increase energy and focus
harv_ev_nad_nad_refers_advertising_claims_for_salonpas_products__2013_5d7dad_2689,assessable_claim,fires,"This is a clear, self-contained superlative advertising claim: 'Salonpas is the strongest labeled pain reliever available without a prescription'. It is assessable.",Salonpas is the strongest labeled pain reliever available without a prescription
harv_ev_nad_nad_refers_advertising_claims_for_salonpas_products__2013_5d7dad_2690,assessable_claim,fires,"This is a clear, self-contained comparative advertising claim: 'It’s proven to relieve mild to tougher, moderate pain. Something no other OTC pain reliever can claim'. It is assessable.","It’s proven to relieve mild to tougher, moderate pain. Something no other OTC pain reliever can claim"
harv_ev_nad_nad_refers_advertising_claims_for_salonpas_products__2013_5d7dad_2691,assessable_claim,fires,"This is a clear, self-contained advertising claim with a unique selling proposition: 'Salonpas is the only FDA-approved topical pain reliever that provides up to 12 full hours of serious relief'. It is assessable.",Salonpas is the only FDA-approved topical pain reliever that provides up to 12 full hours of serious relief
harv_ev_nad_nad_refers_advertising_claims_for_salonpas_products__2013_5d7dad_2692,assessable_claim,misses,"This is a clear, self-contained factual claim about market position: 'SALONPAS is the largest brand of pain relief patches in the U.S'. It is assessable.",SALONPAS is the largest brand of pain relief patches in the U.S
harv_ev_nad_nad_recommends_at_t_discontinue_implied_reliability__2019_d385f5_2695,not_a_claim,misses,"This phrase ('Sorry guys, it went out again') sounds like a conversational remark or a quote from a user experience, not a direct advertising claim made by a company.","Sorry guys, it went out again"
harv_ev_nad_nad_finds_nutrisystem_s_pinned_content_is_testimonia_2012_f903be_2698,assessable_claim,misses,This is a testimonial claim: 'Michael H. lost 125 lbs. on Nutrisystem'. Testimonials are a form of advertising claim and are assessable for typicality and substantiation.,Michael H. lost 125 lbs. on Nutrisystem
harv_ev_nad_nad_novus_comparative_claims_2013_ed37b1_2699,not_a_claim,misses,"This statement ('TBCC performance is consistently similar to or worse than sulfates') reads like a finding or observation from a study or report, not an advertising claim designed to promote a product or service. It's descriptive rather than promotional.",TBCC performance is consistently similar to or worse than sulfates
harv_ev_nad_nad_novus_comparative_claims_2013_ed37b1_2700,not_a_claim,fires,"This is a statement about the quality of studies, not an advertising claim for a product.",Some of the studies MicroNutrients promotes are suspect. Others show poor performance of TBCC
harv_ev_nad_nad_novus_comparative_claims_2013_ed37b1_2701,assessable_claim,misses,This is a direct comparative claim about product superiority.,MINTREX and MACC chelated trace minerals are the most bioavailable trace minerals on the market
harv_ev_nad_nad_novus_comparative_claims_2013_ed37b1_2702,assessable_claim,misses,This is a direct claim about the nature of a product.,TBCC is just another inorganic trace material
harv_ev_nad_nad_novus_comparative_claims_2013_ed37b1_2703,assessable_claim,misses,This is a direct comparative claim about product superiority.,Mintrex and MAAC chelated trace minerals are the most bioavailable trace minerals on the market
harv_ev_nad_nad_novus_comparative_claims_2013_ed37b1_2704,assessable_claim,fires,"This is a direct claim about the nature and value of a product, including a comparative element.",TBCC is just another inorganic trace mineral that is more expensive than other organic trace minerals for no additional value
harv_ev_nad_nad_novus_comparative_claims_2013_ed37b1_2705,assessable_claim,fires,This is a direct claim about a product containing dangerous levels of a substance.,TBCC has dangerous levels of dioxin-like PCBs in numerous lots tested
harv_ev_nad_nad_novus_comparative_claims_2013_ed37b1_2706,not_a_claim,misses,"This is a question and answer format, not a direct advertising claim. The 'Answer: Yes' is a response to a question, not a standalone claim.",Question: Is there a risk of high chlorine levels with TBCC? Answer: Yes
harv_ev_nad_nad_novus_comparative_claims_2013_ed37b1_2707,not_a_claim,fires,"This is a question and answer format describing the origin of a product, not a direct advertising claim about its performance or benefits.",Question: Is it safe to feed recycled industrial waste? Answer: TBCC is made from excess copper from printed wiring boards and circuit boards that were once considered waste. It is now recycled to make trace mineral copper
harv_ev_nad_nad_novus_comparative_claims_2013_ed37b1_2708,not_a_claim,fires,"This is a heading or a descriptive phrase about an interpretation, not an advertising claim.",Misleading Interpretation of Chelation Bonds
harv_ev_nad_nad_recommends_hershey_modify_packaging_broadcast_ad_2014_964e8e_2709,assessable_claim,misses,"This describes the product's composition and taste, which are assessable claims.",Smooth dark chocolate covered real fruit juice pieces
harv_ev_nad_nad_recommends_hershey_modify_packaging_broadcast_ad_2014_964e8e_2710,assessable_claim,misses,This is a direct claim about the product's nutritional content and benefit.,Natural Source of Flavanol Antioxidants
harv_ev_nad_nad_recommends_hershey_modify_packaging_broadcast_ad_2014_964e8e_2711,not_a_claim,misses,"This appears to be a product name or flavor description, not a claim about its performance or benefits.",Dark Chocolate Goji with Raspberry
harv_ev_nad_nad_finds_thunderworks_can_support_certain_claims_fo_2015_6e6c9a_2714,assessable_claim,fires,"This is a direct claim about product effectiveness and ease of use, supported by a 'thousands of vets agree' claim.","thousands of vets agree – our ThunderShirt is the easiest, safest solution for noise anxiety"
harv_ev_nad_nad_finds_thunderworks_can_support_certain_claims_fo_2015_6e6c9a_2715,assessable_claim,fires,This is a direct superlative claim about product effectiveness.,most effective anxiety solution
harv_ev_nad_nad_finds_thunderworks_can_support_certain_claims_fo_2015_6e6c9a_2716,assessable_claim,misses,This is a direct claim about the product's mechanism and effectiveness for a specific percentage of users.,"ThunderShirt’s patented design applies a gentle, constant pressure that has a dramatic calming effect for over 80% of dogs"
harv_ev_nad_nad_recommends_sprint_nextel_discontinue_claim_most__2009_ce9e6e_2717,assessable_claim,misses,This is a direct superlative claim about network dependability.,America’s most dependable 3G network
harv_ev_narb_narb_recommends_mahindra_modify_and_discontinue_cert_2019_1516a7_2720,assessable_claim,fires,This is a direct claim about the superior protection offered by a branded oil.,Superior Protection With Our Branded Oil
harv_ev_nad_nad_recommends_lutimax_nutraceuticals_discontinue_al_2014_c1d1e1_2723,not_a_claim,misses,"This is a statement about preclinical studies and potential pharmacological activities, not a direct advertising claim about a product's proven benefits.","Preclinical studies have shown that luteolin may possess pharmacological activities, including antioxidant, anti-inflammatory, antimicrobial, and anticancer activities"
harv_ev_nad_nad_recommends_clarion_brands_modify_discontinue_cer_2015_a6da26_2726,assessable_claim,misses,This is a direct claim about the product's ability to provide relief for a specific condition.,relief of ringing in the ears
harv_ev_nad_att_supplemental_coverage_space_2024_3bd5ec_2727,not_a_claim,misses,"This appears to be a descriptive phrase or title, not an advertising claim about a product or service.",Epic Bad Golf Day
harv_ev_nad_nad_lemonade_insurance_claims_2021_803a52_2729,assessable_claim,fires,This is a direct superlative claim about the speed of claims payment.,World’s Fastest Claims Payment
harv_ev_nad_nad_lemonade_insurance_claims_2021_803a52_2730,assessable_claim,misses,This is a direct claim about the speed of payment to a vet.,Pay the Vet in Minutes
harv_ev_nad_nad_lemonade_insurance_claims_2021_803a52_2731,assessable_claim,fires,This is a direct claim about the immediacy of payment to a vet.,Lemonade pays your vet instantly
harv_ev_nad_pg_comparative_puffs_commercials_2022_0a0fa7_2734,assessable_claim,fires,This is a direct comparative claim about product features (thickness and cushion).,air fluffed with 40% more cushiony thickness
harv_ev_nad_green_gobbler_drain_clog_dissolver_claims_2022_9cdd32_2736,assessable_claim,misses,This is a direct claim about the product's speed and effectiveness.,WORKS WITHIN MINUTES: Unclog drains . . . within minutes!
harv_ev_nad_green_gobbler_drain_clog_dissolver_claims_2022_9cdd32_2737,assessable_claim,misses,This is a self-contained advertising claim that promises quick action against stubborn clogs. A compliance reviewer could assess this claim for substantiation.,Tackles Stubborn Clogs Fast!
harv_ev_nad_green_gobbler_drain_clog_dissolver_claims_2022_9cdd32_2741,assessable_claim,misses,This is a self-contained advertising claim about the product's function. A compliance reviewer could assess this claim for substantiation.,Clings to pipes to keep them working
harv_ev_nad_green_gobbler_drain_clog_dissolver_claims_2022_9cdd32_2742,assessable_claim,misses,This is a self-contained advertising claim about the product's benefit. A compliance reviewer could assess this claim for substantiation.,Maintains free-flowing pipes & drains
harv_ev_nad_green_gobbler_drain_clog_dissolver_claims_2022_9cdd32_2747,assessable_claim,misses,This is a self-contained advertising claim about the product's power. A compliance reviewer could assess this claim for substantiation.,Powerful enough to plow through any clog
harv_ev_nad_tmobile_home_internet_charter_2022_23b2a9_2748,assessable_claim,fires,This is a self-contained advertising claim about potential savings compared to a benchmark. A compliance reviewer could assess this claim for substantiation.,Save Up to 50% vs. National FCC Broadband Rate Benchmark
harv_ev_nad_slimfast_energy_for_hours_claim_2021_a6687e_2750,assessable_claim,fires,"This is a self-contained advertising claim about weight loss and maintenance, with a 'clinically proven' substantiation claim. A compliance reviewer could assess this claim.",Clinically Proven: Lose Weight and Keep it Off
harv_ev_nad_slimfast_energy_for_hours_claim_2021_a6687e_2751,assessable_claim,fires,"This is a self-contained advertising claim about weight loss and maintenance, with a 'clinically proven' substantiation claim and a condition of use. A compliance reviewer could assess this claim.",Clinically Proven to Lose Weight & Keep it Off When Used as Part of the SlimFast Plan
harv_ev_nad_slimfast_energy_for_hours_claim_2021_a6687e_2754,assessable_claim,fires,This is a self-contained advertising claim about managing blood sugar with a specific plan. A compliance reviewer could assess this claim for substantiation.,helps manage blood sugar with the clinically proven SlimFast plan
harv_ev_nad_verizon_home_internet_2024_d6e9e0_2756,assessable_claim,misses,This is a self-contained advertising claim describing the benefits and capabilities of Verizon 5G Home internet. A compliance reviewer could assess this claim for substantiation.,"Verizon 5G Home is fast, reliable home internet so you can game, stream and connect the way you want"
harv_ev_nad_rgf_air_purification_devices_2022_3c47e3_2758,assessable_claim,fires,This is a self-contained advertising claim about the scope of air purification. A compliance reviewer could assess this claim for substantiation.,total indoor air purification
harv_ev_nad_rgf_air_purification_devices_2022_3c47e3_2761,assessable_claim,fires,This is a self-contained advertising claim with specific quantifiable benefits and a timeframe. A compliance reviewer could assess this claim for substantiation.,Reduces sneeze germs by 99% in the time a sneeze can reach three feet
harv_ev_nad_rgf_air_purification_devices_2022_3c47e3_2762,assessable_claim,misses,This is a self-contained advertising claim with specific quantifiable benefits and a distance. A compliance reviewer could assess this claim for substantiation.,Kills 99% of Sneeze Germs Within 3 Feet
harv_ev_nad_sharkninja_speedstyle_2023_84d9fc_2767,assessable_claim,fires,This is a self-contained advertising claim with a quantifiable benefit. A compliance reviewer could assess this claim for substantiation.,up to 6x less frizz
harv_ev_nad_tmobile_5g_speeds_2023_3f2234_2768,assessable_claim,misses,This is a self-contained advertising claim implying high or sufficient speed. A compliance reviewer could assess this claim for substantiation.,don’t worry ‘bout speed
harv_ev_nad_nad_doterra_health_claims_2020_c2264b_2769,assessable_claim,misses,This is a self-contained advertising claim about the quality or grade of a product. A compliance reviewer could assess this claim for substantiation.,Certified Pure Therapeutic Grade
harv_ev_nad_deel_payroll_hris_2024_53b711_2772,assessable_claim,fires,This is a self-contained advertising claim about building confidence in compliance and being the #1 global HR platform. A compliance reviewer could assess this claim for substantiation.,Build confidence in your compliance with the #1 Global HR platform
harv_ev_nad_deel_payroll_hris_2024_53b711_2773,not_a_claim,misses,"This text appears to be a question-and-answer format or a comparison point within a document, not a direct advertising claim. The 'Yes, Rippling X No' indicates a comparison or internal note rather than a claim made to consumers.","Network of 200+ local legal hiring experts around the world -- ? Yes, Rippling X No"
harv_ev_nad_deel_payroll_hris_2024_53b711_2774,assessable_claim,misses,This is a self-contained advertising claim about a service provided (compliance document collection) and its ongoing review/update. A compliance reviewer could assess this claim for accuracy and substantiation.,"Compliance document collection for contractors, on top of EOR, constantly reviewed and updated"
harv_ev_nad_amyris_clean_beauty_2024_4bf66b_2776,assessable_claim,fires,This is a self-contained advertising claim about the clinical efficacy of a product for specific cosmetic benefits. A compliance reviewer could assess this claim for substantiation.,"Clinically-proven to quickly and visibly lift, firm and diminish the appearance of fine lines for a revitalized eye area"
harv_ev_nad_accredited_debt_relief_claims_2022_911f09_2777,assessable_claim,misses,This is a self-contained advertising claim about the potential financial benefit of debt relief. A compliance reviewer could assess this claim for substantiation.,Debt Relief Can Cut Your Monthly Payments in Half
harv_ev_nad_accredited_debt_relief_claims_2022_911f09_2778,assessable_claim,fires,This is a self-contained advertising claim about the potential reduction in total debt. A compliance reviewer could assess this claim for substantiation.,Reduce your total debt by up to 50%
harv_ev_nad_accredited_debt_relief_claims_2022_911f09_2779,fragment,misses,This is a fragment. 'monthly payments in half' is incomplete and lacks context to be an assessable claim on its own. It's missing what 'can cut' or 'will reduce' the payments.,monthly payments in half
harv_ev_nad_t_mobile_customer_loyalty_2023_e4a888_2781,assessable_claim,fires,This is a self-contained advertising claim making a comparative statement about customer loyalty. A compliance reviewer could assess this claim for substantiation.,customer loyalty 4 x higher than Xfinity
harv_ev_nad_t_mobile_customer_loyalty_2023_e4a888_2782,assessable_claim,fires,This is a self-contained advertising claim making a comparative statement about customer loyalty. A compliance reviewer could assess this claim for substantiation.,customer loyalty 4x higher than Xfinity
harv_ev_nad_nad_tmobile_tvision_claims_2021_42d325_2785,fragment,misses,This is a fragment. 'only what you want' is incomplete and lacks context to be an assessable claim on its own. It's missing what is 'only what you want' or what it refers to.,only what you want
harv_ev_nad_dakota_nutrition_elderberry_claim_2022_7bbae9_2786,assessable_claim,misses,This is a self-contained advertising claim stating a characteristic of elderberries.,elderberries are very high in antioxidants
harv_ev_nad_butterball_all_natural_claims_2021_da87ba_2789,not_a_claim,misses,"This appears to be a descriptive statement about a company's philosophy or a heading, not a direct advertising claim about a product.",Embracing Sustainable Practices Defines a Butterball Grower
harv_ev_nad_mobile_fox_2024_beefff_2794,assessable_claim,misses,This is a self-contained claim about the utility of a product or service.,You can use it to pay your own rents
harv_ev_nad_fast_track_swift_cases_october_2021_e93e2c_2797,fragment,misses,"The claim is incomplete and uses an emoji, making it difficult to assess without context.",don’t flop with ????
harv_ev_nad_ihealth_culturelle_ibs_complete_support_2022_e59de5_2798,assessable_claim,misses,This is a self-contained advertising claim about the product's efficacy in relieving specific symptoms.,Clinically Shown To Relieve^ Abdominal Pain • Bloating • Constipation • Diarrhea Due to IBS
harv_ev_nad_aba_every_bottle_back_claims_2022_2497ec_2800,assessable_claim,misses,This is a self-contained claim explaining a process and its benefit regarding recycling.,They’re collected and separated from other plastics so they can be turned back into material that we use to make new bottles
harv_ev_nad_shark_air_purifiers_2022_b8f8cf_2803,assessable_claim,misses,"This is a self-contained, quantifiable claim about the performance of an air purifier.","Capture 99.98% of large, small, & micro-size particles"
harv_ev_nad_shark_air_purifiers_2022_b8f8cf_2804,fragment,misses,This is a fragment. It describes what 'can leave behind' but doesn't specify what 'it' refers to or what the implication is in an advertising context.,"can leave behind smoke, carbon dust, virus carriers, and mold"
harv_ev_nad_nad_first_day_life_claims_2021_31721f_2814,assessable_claim,misses,This is a self-contained claim offering a satisfaction guarantee for a specific duration.,first day-45 Day Satisfaction Guarantee
harv_ev_nad_frontier_fiber_internet_2023_da0833_2821,assessable_claim,fires,"This is a series of comparative and descriptive claims about a product, which can be assessed for substantiation.",Better. Faster. 100% Fiber. Frontier
harv_ev_nad_verizon_5g_claims_2021_ec8405_2823,assessable_claim,misses,This is a self-contained advertising claim using a superlative to describe a product's performance.,unprecedented performance of 5G Ultra Wideband
harv_ev_nad_native_pg_2024_1f2f4f_2826,assessable_claim,misses,This is a self-contained claim about the origin of a product.,Born in the USA
harv_ev_nad_comcast_comparative_savings_2022_8fadd9_2829,assessable_claim,fires,"This is a self-contained, quantifiable claim about pricing for a service.",Unlimited data for $30/line
harv_ev_nad_pretty_litter_2023_c548da_2834,assessable_claim,fires,This is a self-contained claim about a product's performance regarding odor absorption.,"doesn’t absorb odor, making your home stink"
harv_ev_nad_brave_data_sharing_2022_984bf5_2835,assessable_claim,misses,This is a self-contained claim about the function and benefit of a product.,Brave stops online surveillance
harv_ev_nad_brave_data_sharing_2022_984bf5_2836,fragment,misses,This is a fragment because 'Shields everything . . .' is incomplete and relies on missing context to understand what 'everything' refers to.,Shields everything . . . that can destruct your privacy
harv_ev_nad_zarbee_natural_brand_name_claims_2021_3bff14_2838,fragment,misses,"The claim 'help . . . close the nutritional gaps in your diet' is a fragment due to the ellipsis, indicating missing words that could change its meaning or completeness.",help . . . close the nutritional gaps in your diet
harv_ev_nad_nad_aao_claims_2021_badc79_2841,not_a_claim,fires,"This is a general statement or adage, not a specific advertising claim about a product or service.",some things are best left to the professionals
harv_ev_nad_nad_aao_claims_2021_badc79_2842,not_a_claim,misses,"This appears to be a title or description of an advertisement, not the advertising claim itself.",Happy Eyes Now and Happy Bones Now Advertisement
harv_ev_nad_charter_communications_internet_2023_ec95d2_2844,assessable_claim,misses,This is a self-contained comparative claim about the benefits of switching internet providers.,Switch to Spectrum internet for faster and more reliable internet
harv_ev_nad_charter_communications_internet_2023_ec95d2_2845,assessable_claim,misses,"This is a self-contained, quantifiable claim about internet speed.",Ultra fast speeds of 400 Mbps
harv_ev_nad_charter_communications_internet_2023_ec95d2_2846,assessable_claim,misses,This is a self-contained claim about internet speed and meeting a need.,Get the internet speed you need with 100 Mbps
harv_ev_nad_charter_communications_internet_2023_ec95d2_2847,assessable_claim,misses,This is a self-contained claim about internet speed and its capabilities.,"Fast internet starting speeds. Surf, game, stream and more with 100 Mbps Internet starting speeds"
harv_ev_nad_charter_communications_internet_2023_ec95d2_2849,assessable_claim,misses,This is a self-contained comparative claim asserting superiority over competitors.,Satellite and other providers simply can’t compete
harv_ev_nad_glad_trash_bags_clorox_claims_2022_745d60_2852,assessable_claim,misses,This is a self-contained claim about the benefit of a product in maintaining a home.,maintain a clean and healthy home
harv_ev_nad_glad_trash_bags_clorox_claims_2022_745d60_2853,assessable_claim,misses,This is a self-contained advertising claim that promises a benefit to the consumer's home.,keep your home feeling clean & healthy
harv_ev_nad_blueprint_test_preparation_2024_827756_2856,assessable_claim,fires,This is a self-contained advertising claim that makes a comparative statement about student performance.,Blueprint students are statistically more likely to do well on the MCAT
harv_ev_nad_biossance_2024_ad714a_2859,assessable_claim,misses,This is a self-contained advertising claim that describes product attributes and a specific company policy regarding ingredients.,Clean ingredients and clean formulas – we ban over 2000 ingredients that are known to be toxic to you and the environment
harv_ev_nad_att_faster_internet_experience_claim_2021_0b8cdd_2861,assessable_claim,fires,This is a self-contained advertising claim that makes a quantifiable performance claim.,Up to 20x Faster Upload Speed
harv_ev_nad_att_faster_internet_experience_claim_2021_0b8cdd_2863,assessable_claim,misses,This is a self-contained advertising claim that makes a comparative price claim.,half the price of cable
harv_ev_nad_att_faster_internet_experience_claim_2021_0b8cdd_2865,not_a_claim,misses,"This is a call to action or an instruction, not a claim about the product's attributes or benefits.",switch to AT&T Fiber
harv_ev_nad_nad_dish_storage_claims_2020_feeb06_2866,assessable_claim,misses,This is a self-contained advertising claim that makes a comparative statement about storage capacity.,twice the storage space . . . as any of our competitors
harv_ev_nad_nad_dish_storage_claims_2020_feeb06_2868,assessable_claim,fires,This is a self-contained advertising claim that makes a superlative statement about product performance.,TV’s most powerful DVR
harv_ev_nad_chime_no_overdraft_fees_no_hidden_fees_claims_2021_e0fe08_2870,assessable_claim,fires,This is a self-contained advertising claim that promises the absence of various fees.,Say goodbye to hidden fees when you bank through Chime. No overdraft fees. No minimum balance fees. No monthly fees. No foreign transaction fees
harv_ev_nad_t_mobile_largest_5g_network_claim_2021_411ad4_2877,assessable_claim,fires,This is a self-contained advertising claim that makes a superlative statement about network size and speed.,We are now America’s largest and fastest 5G Network
harv_ev_nad_t_mobile_largest_5g_network_claim_2021_411ad4_2879,assessable_claim,fires,This is a self-contained advertising claim that makes a superlative statement about value.,best value in wireless
harv_ev_nad_goli_nutrition_ashwagandha_gummies_2022_0672bc_2881,assessable_claim,fires,This is a self-contained advertising claim that states a clinically proven benefit.,KSM-66® Ashwagandha has been clinically proven to help improve sexual function
harv_ev_nad_goli_nutrition_ashwagandha_gummies_2022_0672bc_2882,assessable_claim,misses,This is a self-contained advertising claim that makes a direct assertion about a product's effect.,Ashwagandha = Nature’s Aphrodisiac!
harv_ev_nad_goli_nutrition_ashwagandha_gummies_2022_0672bc_2883,assessable_claim,fires,This is a self-contained advertising claim that states multiple clinically proven benefits.,"KSM-66® Ashwagandha has been clinically proven to…help support physical endurance, strength, and muscle size"
harv_ev_nad_spectrum_mobile_pricing_disparaging_claims_2022_a5f372_2886,not_a_claim,misses,"This is a disparaging statement and a command, not a claim about a product's attributes or benefits.",AT&T IS SELLING IT. DON’T BUY IT
harv_ev_nad_gravity_defyer_shoes_claims_2021_427f5c_2888,assessable_claim,misses,This is a self-contained advertising claim that promises a life benefit and lists specific conditions it addresses.,Live Life Without Pain: Plantar Fasciitis; Arthritis; Joint Pain; Heel Spurs; Back & Knee Pain
harv_ev_nad_gravity_defyer_shoes_claims_2021_427f5c_2889,assessable_claim,misses,This is a self-contained advertising claim that promises to ease discomfort for specific conditions.,ease discomfort associated with: fasciitis; arthritis; joint pain; heel spurs; and more
harv_ev_nad_gravity_defyer_shoes_claims_2021_427f5c_2890,assessable_claim,misses,This is a self-contained testimonial that makes specific claims about the product's effect on pain and comfort.,I’ve had lower back pain for years. Walking in these shoes was life changing for me. I feel like I’m walking on air
harv_ev_nad_november_fast_track_swift_cases_2021_1c4cde_2894,assessable_claim,misses,This is a self-contained advertising claim that states a clinically proven comparative benefit.,clinically shown to cause fewer ulcers than plain aspirin
harv_ev_nad_november_fast_track_swift_cases_2021_1c4cde_2896,assessable_claim,misses,"This is a self-contained advertising claim that makes a specific, quantifiable negative statement about a product category.","most of the olive oil (‘70%’ or ‘north of 70%’) sold in the US is rotten, rancid, or adulterated"
harv_ev_nad_november_fast_track_swift_cases_2021_1c4cde_2897,fragment,misses,"This is a list of adjectives without a clear subject or context, making it a fragment.","rancid, rotten, or adulterated"
harv_ev_nad_nuwave_oxypure_air_purifier_claims_2021_827d41_2899,fragment,misses,This phrase is incomplete; it describes a quantity but doesn't state what it does to those pollutants.,virtually all indoor air pollutants
harv_ev_nad_apartments_com_website_claims_2022_49b82e_2901,assessable_claim,misses,This is a self-contained advertising claim that makes a statement about the quality of service provided.,"We deliver the highest quality, ready-to-move renters"
harv_ev_nad_apartments_com_website_claims_2022_49b82e_2902,assessable_claim,misses,This is a self-contained advertising claim that makes a superlative statement about popularity.,Most Popular Place to Find a Place
harv_ev_nad_apartments_com_website_claims_2022_49b82e_2903,assessable_claim,fires,This is a self-contained advertising claim that makes a comparative statement about effectiveness.,Apartments.com puts more renters in new homes than any other website
harv_ev_nad_apartments_com_website_claims_2022_49b82e_2905,assessable_claim,fires,This is a self-contained advertising claim that can be assessed for truthfulness and substantiation.,"We’re the nation’s #1 rental network, with more than 25 million visitors to our sites each month searching for a new apartment"
harv_ev_nad_apartments_com_website_claims_2022_49b82e_2906,assessable_claim,fires,This is a complete comparative claim that can be assessed for substantiation.,More People Find Their Place on Apartments.com than any other website
harv_ev_nad_apartments_com_website_claims_2022_49b82e_2907,assessable_claim,fires,"This is a specific, quantifiable claim that can be assessed for substantiation.",We deliver at least 2.7x more leases for our advertisers than the competition
harv_ev_nad_apartments_com_website_claims_2022_49b82e_2909,fragment,misses,The phrase 'Millions More Renters' is a heading or incomplete thought. The following text 'Reaching millions of prospective renters though additional engagement and rental tools' describes a process rather than a direct claim about the product's performance or benefit that can be assessed on its own.,Millions More Renters Reaching millions of prospective renters though additional engagement and rental tools
harv_ev_nad_apartments_com_website_claims_2022_49b82e_2910,fragment,fires,This is a superlative fragment. It's missing what it's comparing to or what makes it the 'most advanced'.,most advanced search tools that renters want
harv_ev_nad_apartments_com_website_claims_2022_49b82e_2911,fragment,misses,This is a superlative fragment. It's missing what it's comparing to or what makes it the 'most innovative'.,most innovative rental technology
harv_ev_nad_apartments_com_website_claims_2022_49b82e_2912,assessable_claim,misses,"This is a clear claim about the outcome of using the service, which can be assessed for substantiation.",Keep your property fully leased at the greatest return on your investment
harv_ev_nad_apartments_com_website_claims_2022_49b82e_2914,assessable_claim,misses,This is a direct claim about the characteristics of the service that can be assessed.,"Fast, Easy and Free"
harv_ev_nad_innovix_pharma_omegavia_claims_2022_514bb2_2918,assessable_claim,fires,"This is a testimonial that makes a specific claim about product efficacy and superiority, which can be assessed for substantiation.","My mood has improved so much with your product, it is never the same with any other product"
harv_ev_nad_goose_creek_2023_97e3f9_2923,fragment,fires,"This is a comparative fragment. It's missing what 'So much stronger' refers to (e.g., 'Our candles are so much stronger...').",So much stronger than other store brands
harv_ev_nad_comcast_home_internet_2023_169659_2930,assessable_claim,misses,This is a comparative claim about a competitor's product that can be assessed for truthfulness.,Verizon 5G Home Internet sounded great… but turned out to be something else
harv_ev_nad_comcast_home_internet_2023_169659_2931,assessable_claim,misses,This is a direct claim about the suitability of a competitor's product that can be assessed.,"Verizon 5G Home Internet is for phones, not homes"
harv_ev_nad_nad_quicken_loans_claims_2021_70450d_2934,assessable_claim,fires,This is a direct claim about the user experience that can be assessed.,"No Registration, No Login"
harv_ev_nad_dab_defense_against_bacteria_hand_sanitizer_protecta_2021_b42c9e_2937,assessable_claim,misses,"This is a specific, quantifiable claim about product efficacy and duration that can be assessed for substantiation.",DAB kills 99.99% of all hand-transmitted bacteria on contact. Then a glove-like barrier provides hours-long defense
harv_ev_nad_dab_defense_against_bacteria_hand_sanitizer_protecta_2021_b42c9e_2938,assessable_claim,fires,"This is a testimonial making a specific claim about product efficacy in preventing illness, which can be assessed for substantiation.",I haven’t gotten sick this year while using DAB. Even after taking care of my sick Dad in the hospital
harv_ev_nad_simply_gum_referral_to_ftc_2022_0e7aa7_2939,assessable_claim,fires,This is a comparative claim about ingredients and quality that can be assessed for truthfulness and substantiation.,"Unlike conventional gum, which contains hidden plastic and artificial ingredients, we only use natural ingredients, which are crafted into the highest quality gum on the market"
harv_ev_nad_simply_gum_referral_to_ftc_2022_0e7aa7_2940,assessable_claim,fires,"This is a detailed claim about ingredients, environmental benefits, and health benefits that can be assessed for substantiation.","Our delicious Ginger gum contains all of the zest of fresh ginger and none of the plastic or synthetics found in conventional gum. Because we don’t use plastic, our gum is biodegradable and better for your body and planet"
harv_ev_nad_nad_fertilitysmart_claims_2021_3a1106_2942,assessable_claim,misses,This is a specific claim about a health benefit that can be assessed for substantiation.,Helps Increase Egg Quality Released in Each Ovulatory Cycle
harv_ev_nad_nad_fertilitysmart_claims_2021_3a1106_2943,assessable_claim,misses,This is a specific claim about a health benefit that can be assessed for substantiation.,Helps Boost Number of Eggs Released in Each Ovulatory Cycle
harv_ev_nad_nad_fertilitysmart_claims_2021_3a1106_2944,assessable_claim,misses,This is a specific claim about a health benefit that can be assessed for substantiation.,Helps Maintain Healthy Uterine Lining
harv_ev_nad_air_methods_air_ambulance_transport_claims_2021_53101b_2945,not_a_claim,misses,"This is a rhetorical statement or slogan, not a direct advertising claim about a product or service's features or benefits.",Living Shouldn’t Require a Membership
harv_ev_nad_air_methods_air_ambulance_transport_claims_2021_53101b_2947,not_a_claim,misses,"This is a statement of principle or opinion, not a direct advertising claim about a product or service's features or benefits.",Patient care decisions should never be made on the basis of membership
harv_ev_nad_air_methods_air_ambulance_transport_claims_2021_53101b_2948,fragment,fires,"This is a fragment. It states 'lower costs and better outcomes' but doesn't specify for whom, compared to what, or how these are achieved by a particular product or service.",lower costs and better outcomes
harv_ev_nad_air_methods_air_ambulance_transport_claims_2021_53101b_2949,not_a_claim,fires,"This is a warning or advisory statement, not a direct advertising claim about a product or service's features or benefits.",don’t fall victim to membership deception and money-making fraudsters
harv_ev_nad_air_methods_air_ambulance_transport_claims_2021_53101b_2950,assessable_claim,fires,"This is a direct claim about the effect of a product or service, which can be assessed for substantiation.",Effectively eliminates the need for an air medical membership
harv_ev_nad_air_methods_air_ambulance_transport_claims_2021_53101b_2951,assessable_claim,fires,This is a self-contained advertising claim that promises a specific benefit: eliminating the need for an air medical membership. A compliance reviewer could assess this claim for truthfulness and substantiation.,Eliminates the need for an air medical membership
harv_ev_nad_shizhan_sun_2024_125984_2956,not_a_claim,misses,"This is a statement of personal history, not an advertising claim. It's likely narrative from a legal document or a testimonial fragment, but not a claim about a product or service.",I haven’t worked in 2 years
harv_ev_nad_waterwipes_infant_cleansing_wipes_2022_af055c_2957,assessable_claim,misses,This is a self-contained advertising claim stating a specific benefit of the product based on a clinical study. A compliance reviewer could assess this claim for substantiation.,New independent clinical study reveals use of WaterWipes reduces incidence and shortens duration of diaper dermatitis in premature babies
harv_ev_nad_pg_olay_body_wash_claim_2022_48f0be_2961,assessable_claim,fires,This is a self-contained advertising claim that promises a quantifiable improvement to skin. A compliance reviewer could assess this claim for substantiation.,improves skin 3X better
harv_ev_nad_waterwipes_1_claims_2022_201739_2963,assessable_claim,fires,This is a self-contained advertising claim asserting clinical proof for being the #1 wipe against the cause of diaper rash. A compliance reviewer could assess this claim for substantiation.,"It’s official, we’re clinically proven as the #1 wipe against the cause of diaper rash"
harv_ev_nad_creditassociates_2022_a13608_2967,assessable_claim,fires,This is a self-contained advertising claim asserting a superlative position in the market. A compliance reviewer could assess this claim for substantiation.,America’s #1 Debt Relief Company
harv_ev_nad_macuhealth_2023_a153ea_2968,assessable_claim,fires,This is a self-contained advertising claim that promises specific health benefits. A compliance reviewer could assess this claim for substantiation.,"helps with joint pain, arthritis and other diseases"
harv_ev_nad_macuhealth_2023_a153ea_2969,assessable_claim,misses,This is a self-contained advertising claim that promises specific health benefits. A compliance reviewer could assess this claim for substantiation.,"promotes eye, brain, heart and overall health"
harv_ev_nad_macuhealth_2023_a153ea_2970,assessable_claim,misses,This is a self-contained advertising claim stating two product attributes: 'clinically tested' and 'gluten-free'. Both are assessable for truthfulness.,clinically tested and gluten-free
harv_ev_nad_t_mobile_most_reliable_5g_umlaut_2021_d3222a_2978,assessable_claim,misses,This is a self-contained advertising claim asserting a superlative quality for a product/service. A compliance reviewer could assess this claim for substantiation.,most reliable 5G network
harv_ev_nad_t_mobile_most_reliable_5g_umlaut_2021_d3222a_2979,assessable_claim,misses,This is a self-contained advertising claim asserting a superlative quality for a product/service. A compliance reviewer could assess this claim for substantiation.,T-Mobile’s 5G network is the most reliable 5G network in the United States
harv_ev_nad_jjci_neutrogena_product_claims_2021_33b79a_2981,fragment,misses,This phrase is incomplete. It describes who uses something ('used most often for themselves and their own families') but doesn't specify what is being used or what the claim is about. It requires more context to be assessable.,used most often for themselves and their own families
harv_ev_nad_pg_febreze_odor_elimination_claims_2022_00c000_2987,assessable_claim,fires,"This is a self-contained advertising claim that promises a specific, immediate benefit. A compliance reviewer could assess this claim for truthfulness and substantiation.",Febreze Air eliminates odors in an instant
harv_ev_nad_fast_track_swift_june_2021_7f97a9_2990,assessable_claim,misses,This is a self-contained advertising claim about the quantity of positive reviews. A compliance reviewer could assess this claim for truthfulness.,"over 192,000 5-star product reviews!"
harv_ev_nad_zarbees_cough_product_claims_2021_106d81_3001,not_a_claim,misses,"This appears to be a product name or a descriptive label, not an advertising claim. It describes what the product is for, but doesn't make a promise or assertion about its performance.",Cough & Throat Relief + Mucus
harv_ev_nad_zarbees_cough_product_claims_2021_106d81_3002,not_a_claim,fires,"This appears to be a product name or a descriptive label, not an advertising claim. It describes what the product is for, but doesn't make a promise or assertion about its performance.",Complete Nighttime Cough Syrup + Immune
harv_ev_nad_zarbees_cough_product_claims_2021_106d81_3003,not_a_claim,fires,"This appears to be a product name or a descriptive label, not an advertising claim. It describes what the product is for, but doesn't make a promise or assertion about its performance.",Complete Cough Syrup + Immune—Dark Honey & Elderberry
harv_ev_nad_zarbees_cough_product_claims_2021_106d81_3004,not_a_claim,fires,"This appears to be a product name or a descriptive label, not an advertising claim. It describes what the product is for, but doesn't make a promise or assertion about its performance.",Complete Cough Syrup + Immune Nighttime
harv_ev_nad_zarbees_cough_product_claims_2021_106d81_3005,not_a_claim,misses,"This appears to be a product name or a descriptive label, not an advertising claim. It describes what the product is for, but doesn't make a promise or assertion about its performance.",Cough Syrup + Mucus Nighttime
harv_ev_nad_zarbees_cough_product_claims_2021_106d81_3006,not_a_claim,fires,"This appears to be a product name or a descriptive label, not an advertising claim. It describes what the product is for, but doesn't make a promise or assertion about its performance.",Children’s Cough Syrup + Mucus
harv_ev_nad_zarbees_cough_product_claims_2021_106d81_3007,not_a_claim,fires,"This appears to be a product name or a descriptive label, not an advertising claim. It describes what the product is for, but doesn't make a promise or assertion about its performance.",Children’s Nighttime Cough Syrup + Mucus
harv_ev_nad_nad_comcast_wifi_claim_2020_f68ae4_3012,assessable_claim,fires,This is a self-contained advertising claim asserting a superlative quality for a product/service. A compliance reviewer could assess this claim for substantiation.,Best In-Home WiFi Experience
harv_ev_nad_rhinosystems_health_claims_2023_2bd0a3_3013,assessable_claim,misses,This is a self-contained advertising claim that promises multiple health benefits from using a specific product. A compliance reviewer could assess this claim for substantiation.,"using products such as Naväge Nasal Care not only avoids steroids and pills, but helps to avoid allergies, post-nasal drip, and a cold or flu"
harv_ev_nad_genexa_otc_kids_pain_fever_2022_85e880_3016,assessable_claim,misses,This is a self-contained advertising claim about the composition of a product. A compliance reviewer could assess this claim for truthfulness.,MADE WITH REAL INGREDIENTS
harv_ev_nad_genexa_otc_kids_pain_fever_2022_85e880_3017,assessable_claim,misses,This is a self-contained advertising claim that implies a benefit (not causing headaches) for the parent using the product for their child. A compliance reviewer could assess this claim for truthfulness and potential implied claims.,Your kid’s pain medicine shouldn’t give you a headache
harv_ev_nad_genexa_otc_kids_pain_fever_2022_85e880_3018,fragment,misses,"This is a fragment. It is missing context to be a self-contained claim. 'food that makes you hungry' could be part of a larger claim about a product or a description of a type of food, but as it stands, it's incomplete.",food that makes you hungry
harv_ev_nad_crest_whitening_emulsions_claims_2021_0617af_3022,assessable_claim,fires,"This is a self-contained advertising claim. It makes a specific, quantifiable comparison about the product's active ingredient content, which could be substantiated or disproven.",Delivers 5x more active hydrogen peroxide compared to other whitening gels and pens
harv_ev_nad_crest_whitening_emulsions_claims_2021_0617af_3023,assessable_claim,fires,This is a self-contained advertising claim. 'Best in Class Results' is a comparative claim that implies superiority and would require substantiation.,Best in Class Results
harv_ev_nad_spectrum_mobile_speed_boost_2023_977a6b_3026,not_a_claim,fires,"This appears to be a list of features or services rather than a single, self-contained advertising claim. While each item could be a claim, the collection itself reads like a bulleted list of offerings.",Unlimited Data. Unlimited Talk & Text. Reliable Coverage. Nationwide 5G. Secure WiFi. Speed Boost
harv_ev_nad_duckduckgo_privacy_claims_2022_502ff6_3028,fragment,fires,"This is a fragment. It refers to 'the best, quickest and easiest step' but doesn't specify what 'step' it is referring to, making it incomplete as a standalone claim.","best, quickest and easiest step you can take for your privacy health"
harv_ev_nad_duckduckgo_privacy_claims_2022_502ff6_3029,fragment,misses,This is a fragment. 'every product Google and Facebook release' is descriptive but not a claim on its own. It's likely part of a larger sentence or comparison.,every product Google and Facebook release
harv_ev_nad_duckduckgo_privacy_claims_2022_502ff6_3030,fragment,misses,This is a fragment. 'no matter where the Internet takes' is incomplete and requires additional context to form a full claim.,no matter where the Internet takes
harv_ev_nad_charter_speed_boost_2023_a2faa1_3031,assessable_claim,fires,"This is a self-contained advertising claim. It makes an exclusivity claim ('Only Spectrum gives you Speed Boost') and a performance claim ('fastest wireless speeds'), both of which would require substantiation.","Only Spectrum gives you Speed Boost, for the fastest wireless speeds in the palm of your hand"
harv_ev_nad_smile_prep_claims_disclosures_2022_2f4221_3032,assessable_claim,misses,"This is a self-contained advertising claim. It makes a specific promise about results ('results in as few as four months') and includes a qualifier ('for some customers'), which is typical of an assessable claim.",results in as few as four months for some customers
harv_ev_nad_smile_prep_claims_disclosures_2022_2f4221_3033,assessable_claim,fires,This is a self-contained advertising claim. It makes a comparative claim of superiority ('one of the most effective at-home teeth straightening services on the market') which would require substantiation.,Byte is one of the most effective at-home teeth straightening services on the market
harv_ev_nad_smile_prep_claims_disclosures_2022_2f4221_3034,assessable_claim,fires,"This is a self-contained advertising claim. It makes a comparative claim about exclusive features and benefits, which would require substantiation.","Smile Prep partners, including Byte, offer exclusive features and benefits that other clear aligner providers do not"
harv_ev_nad_comcast_xfinity_speed_claims_2022_b4a0a0_3039,not_a_claim,misses,"This is a general statement or opinion, not a specific advertising claim about a product or service. It's more of a rhetorical statement.",Everyone Likes to Go Fast
harv_ev_nad_unilever_degree_advanced_2024_8ef4b9_3042,assessable_claim,fires,"This is a self-contained advertising claim. It makes a specific performance promise about keeping underarms dry and odor at bay, even under certain conditions.","even when sweat builds up on your chest or back, Degree Advanced keeps your underarms dry and odor at bay"
harv_ev_nad_nad_plxpharma_claims_2021_c01db0_3044,assessable_claim,fires,"This is a self-contained advertising claim. It makes a specific, quantifiable comparative claim about therapeutic efficacy and speed, which would require substantiation.",Vazalore achieves therapeutic efficacy 4 times faster than EC aspirin
harv_ev_nad_nad_plxpharma_claims_2021_c01db0_3045,fragment,fires,"This is a fragment. While it contains comparative language ('faster . . . antiplatelet response'), it's cut off and doesn't specify what is faster than enteric coated aspirin, making it incomplete as a standalone claim.",faster . . . antiplatelet response than enteric coated aspirin
harv_ev_nad_nad_plxpharma_claims_2021_c01db0_3046,assessable_claim,fires,"This is a self-contained advertising claim. It makes a specific, quantifiable comparative claim about absorption, which would require substantiation.",Vazalore has up to 5X greater absorption than enteric coated aspirin
harv_ev_nad_nad_plxpharma_claims_2021_c01db0_3047,assessable_claim,fires,"This is a self-contained advertising claim. It makes specific, quantifiable comparative claims about reduced risks, which would require substantiation.",Vazalore vs. Aspirin: 47% lower risk of erosions or ulcers; 71% lower risk of ulcers
harv_ev_nad_aso_2x_faster_2024_086055_3053,assessable_claim,fires,"This is a self-contained advertising claim. It makes a specific, quantifiable claim about healing speed, which would require substantiation.",up to 2x faster healing
harv_ev_nad_aso_2x_faster_2024_086055_3055,fragment,fires,This is a fragment. 'up to 2x faster' is incomplete without knowing what is 'faster' or what it is being compared to. It lacks the necessary context to be a self-contained claim.,up to 2x faster
harv_ev_nad_charter_spectrum_internet_2023_429809_3064,assessable_claim,misses,"This is a self-contained advertising claim. It makes a specific negative claim about a competitor's service, which would require substantiation.",T-Mobile Home Internet slows down when you need it most
harv_ev_nad_charter_spectrum_internet_2023_429809_3065,assessable_claim,misses,"This is a self-contained advertising claim. It makes a specific negative claim about a competitor's service ('Lag that Makes Gamers Rage'), implying a poor user experience that would require substantiation.",Lag that Makes Gamers Rage
harv_ev_nad_charter_spectrum_internet_2023_429809_3066,assessable_claim,misses,"This is a self-contained advertising claim. It makes a specific negative claim about a competitor's service ('Buffering Will Test Your Patience'), implying a poor user experience that would require substantiation.",Buffering Will Test Your Patience
harv_ev_nad_charter_spectrum_internet_2023_429809_3067,assessable_claim,misses,"This is a self-contained advertising claim. It makes a specific claim about the suitability of a product for a particular use case ('High-Speed Internet for Rural Areas'), which would require substantiation.",High-Speed Internet for Rural Areas
harv_ev_nad_comcast_xfinity_mobile_appeal_2023_c8b47c_3069,assessable_claim,fires,"This is a self-contained advertising claim. It makes a comparative claim of superiority ('best devices on the best network'), which would require substantiation.",Choose from the best devices on the best network
harv_ev_nad_charter_spectrum_mobile_savings_2024_753253_3071,assessable_claim,misses,"This is a self-contained advertising claim. It makes a specific, quantifiable claim about potential savings, which would require substantiation.","save over $1,500 in their first year"
harv_ev_nad_simmons_memory_foam_2020_270e29_3077,assessable_claim,misses,This is a self-contained advertising claim that promises a benefit related to sleeping posture. A compliance reviewer could assess whether this claim needs substantiation.,promotes Proper Sleeping Posture
harv_ev_nad_march_fast_track_swift_cases_2022_67ef8b_3079,fragment,misses,This is a superlative but lacks context. 'Biggest game of the year' is a fragment because it's unclear what 'game' it refers to or what product/service is being advertised.,biggest game of the year
harv_ev_nad_march_fast_track_swift_cases_2022_67ef8b_3081,assessable_claim,misses,This is a self-contained claim stating a lack of a feature or service. A compliance reviewer could assess if this claim is true or misleading in context.,no local sports channels
harv_ev_nad_costar_2024_1ac20e_3083,assessable_claim,misses,"This is a specific, quantifiable claim about website traffic. A compliance reviewer could assess whether this claim is substantiated.",Homes.com just reached 156M monthly unique visitors
harv_ev_nad_costar_2024_1ac20e_3084,assessable_claim,misses,This is a comparative and quantifiable claim about website traffic. A compliance reviewer could assess whether this claim is substantiated.,Homes.com now has DOUBLE Realtor.com’s traffic
harv_ev_nad_princeton_review_money_back_2024_8786c7_3085,assessable_claim,fires,"This is a clear, specific performance guarantee with a money-back offer. A compliance reviewer could assess the terms and conditions of this guarantee.",Score a 515+ on the MCAT or add 15 points depending on your starting score. Guaranteed or your money back
harv_ev_nad_sharkninja_comparative_claims_2022_866a3f_3087,assessable_claim,fires,"This is a detailed, comparative claim with specific percentages about product performance (faster air velocity and drying time). A compliance reviewer could assess whether these claims are substantiated.","Meet the Shark HyperAir. Shark created a revolutionary technology with high velocity air that gives you up to 135% faster air velocity versus traditional hair dryers with a concentrator, for up to 100% faster drying time"
harv_ev_nad_sharkninja_comparative_claims_2022_866a3f_3088,fragment,misses,This phrase is incomplete and lacks context. It's impossible to understand the full claim or its meaning without the preceding and following text.,hair as well as its
harv_ev_nad_nad_advantice_health_claims_2020_8ab86a_3089,assessable_claim,fires,"This is a specific, quantifiable claim about product efficacy and speed of results. A compliance reviewer could assess whether this claim is substantiated.",Starts improving Nail Appearance in Just 2 Days
harv_ev_nad_nad_advantice_health_claims_2020_8ab86a_3090,assessable_claim,fires,"This is a specific, quantifiable claim about the speed of visible results. A compliance reviewer could assess whether this claim is substantiated.",Visible Results Start in 2 Days
harv_ev_nad_nad_advantice_health_claims_2020_8ab86a_3091,not_a_claim,misses,"This describes product demonstrations and website content, not a direct advertising claim itself. It's narrative from a legal document.","product demonstrations which show a toe progressing from damaged to near normal, including website photos labeled"
harv_ev_nad_nad_advantice_health_claims_2020_8ab86a_3093,assessable_claim,misses,This is a claim about an improvement to a product's directions. A compliance reviewer could assess if this claim is true and if it implies a benefit.,new & improved dosing directions
harv_ev_nad_december_fast_track_swift_2022_0db7a5_3096,assessable_claim,misses,This is a superlative claim ('first and only') combined with a descriptive claim about a product. A compliance reviewer could assess the truthfulness of the 'first and only' aspect and the product description.,first and only high velocity hair dryer and styling system
harv_ev_nad_shark_wandvac_2023_9cb121_3099,assessable_claim,misses,This is a descriptive claim about a product feature (HEPA sealed clean air system). A compliance reviewer could assess whether the product possesses this feature as described.,HEPA sealed clean air system
harv_ev_nad_shark_wandvac_2023_9cb121_3100,assessable_claim,fires,"This is a specific, quantifiable claim about a product's filtration capabilities. A compliance reviewer could assess whether this claim is substantiated.",Anti-Allergen Complete Seal with HEPA captures and traps 99.9% of dust and allergens
harv_ev_nad_chipotle_sustainability_claims_2022_fb2b67_3103,assessable_claim,misses,"This is a specific claim about environmental benefits (reduced carbon emissions) and the method of reduction, with a comparative element. A compliance reviewer could assess whether this claim is substantiated.","Reduced Carbon Emissions: From Farm to foil, we’re reducing greenhouse gas emissions by optimizing our supply chain, compared to conventional ingredients"
harv_ev_nad_agendia_mammaprint_blueprint_2024_7ef539_3109,assessable_claim,misses,"This is a broad claim about equality of care. While general, it makes a promise that could be assessed for truthfulness or substantiation in the context of the advertised service.",EQUAL CARE FOR ALL
harv_ev_nad_agendia_mammaprint_blueprint_2024_7ef539_3110,assessable_claim,misses,This is a claim about a company's commitment to addressing a specific issue. A compliance reviewer could assess whether the company's actions align with this stated commitment.,Agendia is committed to addressing racial disparities in breast cancer
harv_ev_nad_tmobile_dont_worry_thint_2023_c923dc_3112,assessable_claim,misses,"This is a direct assurance about speed, implying that speed will not be an issue for the consumer. A compliance reviewer could assess whether this claim is true for the advertised service.",Don’t you worry ‘bout speed
harv_ev_nad_dermstore_smartlash_2020_7e22a1_3114,assessable_claim,misses,"This is a specific, quantifiable claim about product efficacy (increase in lash length appearance). A compliance reviewer could assess whether this claim is substantiated.",Up to a 68% increase in the appearance of lash length!
harv_ev_nad_louisiana_pacific_2023_a7c0de_3115,assessable_claim,misses,This is a comparative and quantifiable claim about waste reduction. A compliance reviewer could assess whether this claim is substantiated.,Primed LP® SmartSide® Lap reduced waste by 7% compared to fiber cement
harv_ev_nad_bestcompany_com_moderated_reviews_claim_2022_bcbcf3_3119,fragment,misses,This phrase describes an action ('unfairly favor one company over another') but is missing the subject and context of what 'not based on merit' refers to. It's likely part of a larger sentence.,"unfairly favor one company over another, not based on merit"
harv_ev_nad_bestcompany_com_moderated_reviews_claim_2022_bcbcf3_3120,assessable_claim,misses,"This is a direct claim about the nature of rankings and reviews, asserting independence and impartiality. A compliance reviewer could assess whether this claim is true.",Truly Independent and Impartial Rankings and Reviews
harv_ev_nad_nad_smile_direct_club_claims_2020_83ee8f_3122,assessable_claim,misses,This is a claim about product design and potential benefits (straightening smiles and correcting bite issues). A compliance reviewer could assess whether these claims are substantiated.,"Our aligners are designed not only to help straighten smiles, but they may also correct bite issues"
harv_ev_nad_nad_smile_direct_club_claims_2020_83ee8f_3123,assessable_claim,misses,"This is a specific, quantifiable claim about the average treatment time for a product. A compliance reviewer could assess whether this claim is substantiated.",SmileDirectClub invisible aligners straighten most smiles in an average of 6 months
harv_ev_nad_nad_smile_direct_club_claims_2020_83ee8f_3124,assessable_claim,fires,This is a self-contained advertising claim that makes a specific assertion about the product's design and its benefits for straightening teeth without attachments or buttons. A compliance reviewer could assess this claim for substantiation.,"Unlike some other brands, we trim our aligners straight across the top, not scalloped. Because of this, our aligners allow for optimal turning force to straighten your teeth without the need for attachments or buttons"
harv_ev_nad_nad_smile_direct_club_claims_2020_83ee8f_3125,assessable_claim,fires,This is a self-contained advertising claim stating a benefit (desired smile) and a comparative advantage (half the cost and time). A compliance reviewer could assess this claim.,I got the smile I always wanted with ½ the cost and time that regular aligners are
harv_ev_nad_france_media_readership_claim_2020_3ed6ed_3128,assessable_claim,misses,This is a self-contained advertising claim asserting a superlative status ('largest commercial real estate publisher in the United States'). A compliance reviewer could assess this claim for substantiation.,largest commercial real estate publisher in the United States
harv_ev_nad_global_medical_response_air_ambulance_transport_2022_a5dcb1_3131,assessable_claim,misses,This is a self-contained advertising claim promising a financial benefit ('never pay a dime'). A compliance reviewer could assess this claim for substantiation or disclosure requirements.,never pay a dime
harv_ev_nad_avadim_health_theraworx_claims_2020_a64c7d_3144,assessable_claim,misses,This is a self-contained advertising claim stating a product benefit ('FAST-ACTING MUSCLE CRAMP RELIEF'). A compliance reviewer could assess this claim for substantiation.,FAST-ACTING MUSCLE CRAMP RELIEF
harv_ev_nad_avadim_health_theraworx_claims_2020_a64c7d_3145,assessable_claim,misses,"This is a self-contained advertising claim stating a product benefit ('Relieves arthritic, inflamed, sore, or overused joints'). A compliance reviewer could assess this claim for substantiation.","Relieves arthritic, inflamed, sore, or overused joints"
harv_ev_nad_avadim_health_theraworx_claims_2020_a64c7d_3146,fragment,misses,"This is a fragment. While it mentions a recommendation, it's incomplete ('health care professionals recommend') and lacks the object of the recommendation or the full context to be an assessable claim on its own.",health care professionals recommend
harv_ev_nad_avadim_health_theraworx_claims_2020_a64c7d_3147,assessable_claim,fires,This is a self-contained advertising claim making a comparative assertion ('Theraworx Relief is better than any product out there for leg cramps or spasms or even muscle soreness'). A compliance reviewer could assess this claim for substantiation.,Theraworx Relief is better than any product out there for leg cramps or spasms or even muscle soreness
harv_ev_nad_avadim_health_theraworx_claims_2020_a64c7d_3148,assessable_claim,misses,This is a self-contained advertising claim stating that 'Healthcare Professionals Recommend Theraworx'. A compliance reviewer could assess this claim for substantiation.,Healthcare Professionals Recommend Theraworx
harv_ev_nad_coldest_water_material_connections_tiktok_2021_9bc493_3149,not_a_claim,misses,"This is a question, likely from a FAQ or instructional content, not an advertising claim about a product's features or benefits.",How Can I Promote the Coldest Water
harv_ev_nad_kimberly_clark_huggies_2024_4879ef_3150,fragment,misses,"This is a fragment. 'curved and stretchy fit' describes a feature but is not a complete, self-contained claim about a benefit or performance that could be assessed without more context.",curved and stretchy fit
harv_ev_nad_kimberly_clark_huggies_2024_4879ef_3151,assessable_claim,misses,This is a self-contained advertising claim making a unique selling proposition ('only Huggies has the most curves to fit your delicate skin'). A compliance reviewer could assess this claim for substantiation.,only Huggies has the most curves to fit your delicate skin
harv_ev_nad_charter_spectrum_business_2024_89ca52_3152,assessable_claim,fires,"This is a self-contained advertising claim describing a product benefit ('Made to keep you online even when the power’s off, with the complete connectivity and reliability you get from wireless internet backup'). A compliance reviewer could assess this claim for substantiation.","Made to keep you online even when the power’s off, with the complete connectivity and reliability you get from wireless internet backup"
harv_ev_nad_sharkninja_2024_90a723_3153,assessable_claim,fires,This is a self-contained advertising claim asserting a superlative status ('America’s #1 Floorcare Brand'). A compliance reviewer could assess this claim for substantiation.,America’s #1 Floorcare Brand
harv_ev_nad_perrigo_cost_savings_2022_df1c1f_3155,assessable_claim,fires,"This is a self-contained advertising claim that makes a statement about value and cost savings ('you can’t put a price on health and nutrition, but there’s no reason to pay a premium just for the name on the label'). A compliance reviewer could assess this claim for its implications regarding price and quality.","you can’t put a price on health and nutrition, but there’s no reason to pay a premium just for the name on the label"
harv_ev_nad_salonpas_pain_relief_claims_2021_408bcd_3156,assessable_claim,misses,"This is a self-contained advertising claim making a unique selling proposition and benefit ('only pain reliever labeled to relieve mild to tougher, moderate pain'). A compliance reviewer could assess this claim for substantiation and labeling accuracy.","only pain reliever labeled to relieve mild to tougher, moderate pain"
harv_ev_nad_salonpas_pain_relief_claims_2021_408bcd_3157,fragment,misses,"This is a fragment. 'Salonpas demonstrated . . . improved range of motion' is incomplete. It's missing what Salonpas demonstrated or how it demonstrated it, making it difficult to assess as a standalone claim.",Salonpas demonstrated . . . improved range of motion
harv_ev_nad_salonpas_pain_relief_claims_2021_408bcd_3161,assessable_claim,fires,This is a self-contained advertising claim making a unique selling proposition ('only FDA-approved OTC topical pain reliever'). A compliance reviewer could assess this claim for substantiation and regulatory accuracy.,only FDA-approved OTC topical pain reliever
harv_ev_nad_voltaren_arthritis_2023_4a339f_3164,assessable_claim,misses,"This is a self-contained advertising claim making a comparative statement about how other products work versus, implicitly, the advertised product. A compliance reviewer could assess this claim for substantiation.","most topicals heat, cool, or irritate the surface of the skin, which masks the pain"
harv_ev_nad_twilio_cdp_claim_2022_4c5efb_3169,assessable_claim,fires,This is a self-contained advertising claim asserting a superlative status ('Twilio #1 Customer Data Platforms'). A compliance reviewer could assess this claim for substantiation.,Twilio #1 Customer Data Platforms
harv_ev_nad_twilio_cdp_claim_2022_4c5efb_3170,not_a_claim,misses,"This is descriptive text about a report, not an advertising claim about a product's features or benefits. It's informational, not promotional.",IDC report on 2020 market share rankings for Customer Data Platforms is now available
harv_ev_nad_focus_consumer_healthcare_2024_1a9c06_3174,assessable_claim,fires,This is a self-contained advertising claim promising a benefit ('experience a better period'). A compliance reviewer could assess this claim for substantiation.,experience a better period
harv_ev_nad_verizon_americas_most_awarded_network_claim_2021_ac0135_3179,not_a_claim,fires,This is a general statement or slogan ('Everyone Deserves the Best') that is too broad and aspirational to be an assessable advertising claim about a specific product feature or benefit.,Everyone Deserves the Best
harv_ev_nad_verizon_americas_most_awarded_network_claim_2021_ac0135_3180,assessable_claim,fires,"This is a self-contained advertising claim making multiple assertions about network reliability, 5G, plans, and entertainment. A compliance reviewer could assess these claims for substantiation.","America’s Most Reliable Network brings you 5G right, plans to mix and match, entertainment you’ll love, and more"
harv_ev_nad_reckitt_benckiser_finish_2024_801c49_3181,assessable_claim,fires,This is a self-contained advertising claim describing a product's engineering and performance benefit ('Engineered for the Ultimate Clean in the Toughest Conditions'). A compliance reviewer could assess this claim for substantiation.,Engineered for the Ultimate Clean in the Toughest Conditions
harv_ev_nad_dr_luke_healthcare_2024_848d23_3183,assessable_claim,misses,This is a self-contained advertising claim that promises a benefit ('renew damaged nail faster') and describes a product attribute ('Extra strong formula'). A compliance reviewer could assess this claim for substantiation.,"Extra strong formula, renew damaged nail faster"
harv_ev_nad_tiburon_insurance_services_2023_8c91be_3184,assessable_claim,misses,"This is a complete advertising claim promising specific benefits ('no co-pays, no deductibles, and no monthly premiums') for a Medicare Advantage Plan. It is self-contained and assessable.","You could be eligible for a Medicare Advantage Plan with no co-pays, no deductibles, and no monthly premiums. That’s no, as in zero!"
harv_ev_nad_tiburon_insurance_services_2023_8c91be_3185,assessable_claim,fires,"This is a clear, quantifiable advertising claim promising a specific financial benefit ('Save more than $1,000 per year'). It is self-contained and assessable.","Save more than $1,000 per year"
harv_ev_nad_mint_mobile_unlimited_2023_b8aaba_3186,not_a_claim,misses,"This appears to be a narrative or commentary, possibly from a testimonial or social media post, rather than a direct advertising claim about a product's features or benefits. It's not a claim that Mint Mobile itself would make about its service.",Ver!zon Victim finally catching on to their shadiness
harv_ev_nad_optimum_internet_2023_2dad0d_3187,assessable_claim,fires,This is a comparative advertising claim stating a specific performance advantage ('faster download speeds than AT&T nationwide'). It is self-contained and assessable.,Optimum has faster download speeds than AT&T nationwide
harv_ev_nad_cox_internet_2023_ffb380_3188,fragment,misses,This phrase is incomplete and lacks context. It implies a problem ('wrong provider') but doesn't state a claim about a specific product or service's benefit or feature. It requires more information to be assessable.,internet from the wrong provider
harv_ev_nad_s_c_johnson_ziploc_storage_bag_claims_2021_925582_3189,assessable_claim,fires,This is a comparative advertising claim stating a specific product attribute ('stronger than Hefty on punctures and tears'). It is self-contained and assessable.,stronger than Hefty on punctures and tears
harv_ev_nad_s_c_johnson_ziploc_storage_bag_claims_2021_925582_3190,assessable_claim,fires,This is a comparative advertising claim stating a general performance advantage ('outperform competitors in strength and reliability'). It is self-contained and assessable.,outperform competitors in strength and reliability
harv_ev_nad_s_c_johnson_ziploc_storage_bag_claims_2021_925582_3191,assessable_claim,misses,This is a self-contained advertising claim promising a specific benefit ('preserves and extends the life of food'). It is assessable.,preserves and extends the life of food
harv_ev_nad_s_c_johnson_ziploc_storage_bag_claims_2021_925582_3192,assessable_claim,fires,This is a superlative advertising claim about a product attribute ('Strongest film against punctures and tears'). It is self-contained and assessable.,Strongest film against punctures and tears
harv_ev_nad_s_c_johnson_ziploc_storage_bag_claims_2021_925582_3193,assessable_claim,fires,This is a comparative advertising claim stating a specific ease-of-use benefit ('Easier to open and close than any other bag'). It is self-contained and assessable.,Easier to open and close than any other bag
harv_ev_nad_cocofloss_swift_2023_125c78_3196,assessable_claim,fires,"This is a detailed advertising claim describing product features ('textured, loofah-like weave of 500+ filaments') and the benefits derived from them ('whoosh away sticky plaque and cavity-causing bacteria'). It is self-contained and assessable.","Unlike flat slippery floss, Cocofloss features a textured, loofah-like weave of 500+ filaments. As you floss, these soft strands expand to whoosh away sticky plaque and cavity-causing bacteria"
harv_ev_nad_jetty_insurance_comparative_claims_2021_3231ed_3197,assessable_claim,fires,This is a clear advertising claim about a product feature ('zero caps on claims categories'). It is self-contained and assessable.,zero caps on claims categories
harv_ev_nad_quilted_northern_environmental_claims_2021_31f224_3201,assessable_claim,misses,This is a self-contained advertising claim promising that consumers do not have to make a trade-off between two desirable qualities ('comfort and sustainability'). It is assessable.,You don’t have to choose between comfort and sustainability. You can have both
harv_ev_nad_frontier_whole_home_wifi_2023_03a2eb_3206,not_a_claim,misses,"This appears to be a product or service name, or a program title ('Whole Home Wi-Fi Guarantee'), rather than a specific advertising claim about its performance or benefits. It doesn't make a direct promise that can be substantiated.",Whole Home Wi-Fi Guarantee
harv_ev_nad_tmobile_post_merger_5g_claims_2020_87ce8c_3208,assessable_claim,misses,This is a forward-looking advertising claim promising a specific outcome ('will deliver unprecedented reach'). It is self-contained and assessable for substantiation of that future claim.,will deliver unprecedented reach
harv_ev_nad_tmobile_post_merger_5g_claims_2020_87ce8c_3209,assessable_claim,fires,This is a superlative advertising claim promising a specific benefit ('You’ll get the best 5G network'). It is self-contained and assessable.,You’ll get the best 5G network
harv_ev_nad_tmobile_post_merger_5g_claims_2020_87ce8c_3210,assessable_claim,fires,This is a superlative advertising claim promising a specific benefit ('You’ll get the . . . most reliable network'). It is self-contained and assessable.,You’ll get the . . . most reliable network
harv_ev_nad_audien_rechargeable_hearing_aid_claims_2021_a9c473_3211,assessable_claim,misses,This is a comparative advertising claim stating a similarity in technology ('Similar technology to $5000 hearing aids'). It is self-contained and assessable.,Similar technology to $5000 hearing aids
harv_ev_nad_audien_rechargeable_hearing_aid_claims_2021_a9c473_3212,assessable_claim,misses,This is a self-contained advertising claim stating a functional capability ('Can be used for Tinnitus management'). It is assessable.,Can be used for Tinnitus management
harv_ev_nad_audien_rechargeable_hearing_aid_claims_2021_a9c473_3214,assessable_claim,fires,This is a superlative advertising claim stating a specific benefit ('Best hearing aid for tinnitus management'). It is self-contained and assessable.,Best hearing aid for tinnitus management
harv_ev_nad_t_mobile_super_bowl_commercials_2021_553a4d_3215,assessable_claim,fires,This is a comparative advertising claim stating a specific advantage ('T-Mobile has more #1’s in 5G than any other network'). It is self-contained and assessable.,Don’t trust your love life to any network. T-Mobile has more #1’s in 5G than any other network
harv_ev_nad_shark_stratos_vacuum_2023_b5d114_3220,assessable_claim,fires,This is a superlative advertising claim stating a specific performance advantage ('best hair pick-up of any vacuum'). It is self-contained and assessable.,best hair pick-up of any vacuum
harv_ev_nad_precision1_contact_lens_superiority_claims_2020_7a13d2_3223,assessable_claim,misses,This is a comparative advertising claim based on consumer preference data ('Five times more contact lens wearers ‘strongly preferred’ PRECISION1 vs. 1-Day ACUVUE MOIST'). It is self-contained and assessable.,Five times more contact lens wearers ‘strongly preferred’ PRECISION1 vs. 1-Day ACUVUE MOIST
harv_ev_nad_precision1_contact_lens_superiority_claims_2020_7a13d2_3225,assessable_claim,misses,This is a self-contained advertising claim describing a product feature ('SMARTSURFACE Technology') and its benefits ('for your patients’ vision and comfort'). It is assessable.,SMARTSURFACE Technology for your patients’ vision and comfort
harv_ev_nad_google_fiber_superior_speed_2022_5b64ae_3228,fragment,misses,"This is a fragment because it is missing context. 'faster' implies a comparison, but the object of comparison is not present in the claim.",faster in every direction
harv_ev_nad_google_fiber_superior_speed_2022_5b64ae_3229,assessable_claim,misses,This is a self-contained advertising claim that promises increased speed for all user activities. A compliance reviewer could assess this claim for substantiation.,everything you do goes much faster
harv_ev_nad_google_fiber_superior_speed_2022_5b64ae_3230,assessable_claim,fires,This is a self-contained advertising claim that specifies a quantifiable improvement in upload speed. A compliance reviewer could assess this claim for substantiation.,up to 77x faster uploads
harv_ev_nad_t_mobile_americas_most_reliable_5g_claims_2021_85287a_3235,fragment,misses,"This is a fragment because the ellipsis indicates missing text. While 'most reliable network' is a claim, the full context of 'America's' is not present, making it incomplete.",America’s . . . most reliable network
harv_ev_nad_t_mobile_americas_most_reliable_5g_claims_2021_85287a_3236,not_a_claim,misses,"This is a descriptive statement about a competitor's strategy, not an advertising claim about the product itself.",Verizon’s strategy is to steal bandwidth from their 4G
harv_ev_nad_dr_squatch_no_harmful_ingredients_2023_43e74a_3239,not_a_claim,misses,"This is a personal testimonial or expression of preference, not a direct advertising claim about the product's features or benefits that requires substantiation.",I’m never going back to aluminum deodorant again!
harv_ev_nad_dr_squatch_no_harmful_ingredients_2023_43e74a_3240,not_a_claim,misses,"This is a rhetorical question or an evocative description, not a direct advertising claim about the product's features or benefits that requires substantiation.",Don’t hit the showers with neon goop that looks like a sports drink
harv_ev_nad_hismile_comparative_efficacy_2024_089a57_3242,not_a_claim,fires,"This is a narrative or commentary about other brands' marketing tactics, not a direct advertising claim about the product's features or benefits.",You don’t need the features from the big boy brands…selling you like a used car salesman for features you don’t need
harv_ev_nad_fit_products_fit_tea_influencer_2017_230edf_3244,assessable_claim,fires,This is a self-contained advertising claim listing multiple benefits of the product. A compliance reviewer could assess these claims for substantiation.,"Boost Energy, Boost Immunity, Boost Metabolism, Burn Fat"
harv_ev_nad_one_health_certified_2023_e9814a_3247,not_a_claim,misses,"This is a statement of a requirement or a standard, not an advertising claim about a product or service.",prompt treatment of sick animals is required
harv_ev_nad_one_health_certified_2023_e9814a_3248,not_a_claim,misses,"This is a statement of commitment or a mission, not a direct advertising claim about a product's features or benefits that requires substantiation.","Producers are committed to the betterment of human, animal, and environmental health"
harv_ev_nad_isosensuals_2016_c376f9_3253,assessable_claim,misses,This is a self-contained advertising claim about the product's function. A compliance reviewer could assess this claim for substantiation.,TIGHT Vaginal Tightening Pills
harv_ev_nad_isosensuals_2016_c376f9_3254,assessable_claim,misses,This is a self-contained advertising claim about the product's function. A compliance reviewer could assess this claim for substantiation.,CURVE Butt Enhancement Cream
harv_ev_nad_cox_gigablast_speed_claim_2022_fb5138_3255,assessable_claim,misses,This is a self-contained advertising claim about the product's speed and availability. A compliance reviewer could assess this claim for substantiation.,Cox delivers gig-speeds everywhere
harv_ev_nad_cox_gigablast_speed_claim_2022_fb5138_3256,assessable_claim,fires,This is a self-contained advertising claim making a comparative statement about internet speed. A compliance reviewer could assess this claim for substantiation.,Can Always Choose Internet that Can Deliver Speeds Faster than 5G Providers
harv_ev_nad_comcast_hd_directv_2009_f32b74_3258,assessable_claim,fires,This is a self-contained advertising claim making a comparative statement about the quantity of HD content. A compliance reviewer could assess this claim for substantiation.,Comcast has more HD than satellite. More HD than anyone
harv_ev_nad_comcast_hd_directv_2009_f32b74_3260,assessable_claim,fires,"This is a self-contained advertising claim directly refuting a potential belief about a competitor, implying a superior offering. A compliance reviewer could assess this claim for substantiation.",You might think DIRECTV has more HD than Comcast but you’re wrong!
harv_ev_nad_comcast_hd_directv_2009_f32b74_3261,assessable_claim,fires,This is a self-contained advertising claim about the availability of HD content. A compliance reviewer could assess this claim for substantiation.,More HD any time you want it
harv_ev_nad_comcast_hd_directv_2009_f32b74_3262,assessable_claim,misses,"This is a self-contained advertising claim directly refuting a potential belief about a competitor, implying a superior offering. A compliance reviewer could assess this claim for substantiation.",You think you’re getting the most HD with DIRECTV but you’re not
harv_ev_nad_comcast_hd_directv_2009_f32b74_3263,assessable_claim,fires,This is a self-contained advertising claim specifying a quantifiable amount of HD choices. A compliance reviewer could assess this claim for substantiation.,Over 500/1000 HD choices available at any given time
harv_ev_nad_comcast_hd_directv_2009_f32b74_3264,assessable_claim,fires,This is a self-contained advertising claim making a comparative statement about the quantity of HD content. A compliance reviewer could assess this claim for substantiation.,More HD than anyone. More than Satellite
harv_ev_nad_comcast_hd_directv_2009_f32b74_3265,assessable_claim,misses,This is a self-contained advertising claim making a comparative statement about the quantity of HD content. A compliance reviewer could assess this claim for substantiation.,Comcast always has more HD
harv_ev_nad_gurunanda_2024_562b77_3268,assessable_claim,fires,This is a self-contained advertising claim about a product's ability to reverse a medical condition. A compliance reviewer could assess this claim for substantiation.,naturally reverse a cavity
harv_ev_nad_shark_detect_pro_2024_a4394c_3273,fragment,misses,"This is a fragment because 'like a full-sized Shark cordless stick' is a comparison, but the item being compared is missing from the claim.",like a full-sized Shark cordless stick
harv_ev_nad_verizon_5g_ultra_wideband_2022_14eaf0_3277,assessable_claim,misses,"This is a self-contained advertising claim about network reliability, a specific product (Verizon 5G Ultra Wideband), and its expanded availability and benefits. A compliance reviewer could assess this claim for substantiation.","America’s most reliable network is going Ultra with Verizon 5G Ultra Wideband, now in many more cities so you can do more"
harv_ev_nad_novartis_kisqali_2023_109e9f_3280,assessable_claim,fires,This is a self-contained advertising claim about a drug's survival benefit in a specific medical condition. A compliance reviewer could assess this claim for substantiation.,Only drug in class with consistently proven survival benefit in HR+/HER2- metastatic breast cancer
harv_ev_nad_4patriots_long_term_survival_food_kits_2022_87d73f_3282,not_a_claim,misses,"This appears to be a heading or descriptive text about reviews, not a direct advertising claim about the product's performance or characteristics.","Real Survival Food Reviews, from Real Customers"
harv_ev_nad_pg_olay_ultra_moisture_bar_2015_39676f_3289,fragment,misses,"This text is cut off and refers to 'bad habit' and 'claims that characterized Dove as' without completing the thought, making it impossible to assess as a standalone claim.","bad habit, as well as claims that characterized Dove as"
harv_ev_nad_pg_olay_ultra_moisture_bar_2015_39676f_3291,assessable_claim,fires,This is a comparative advertising claim stating a preference for Olay over a specific competitor's product. It is self-contained and assessable.,Even Dove bar users prefer Olay Ultra Moisture bar versus Dove white bar
harv_ev_nad_pg_olay_ultra_moisture_bar_2015_39676f_3292,assessable_claim,misses,This is a comparative advertising claim stating a preference for Olay over 'the leading white bar'. It is self-contained and assessable.,More women prefer Olay Ultra Moisture versus the leading white bar
harv_ev_nad_verizon_appeals_2023_9618f6_3295,fragment,misses,"This is a short, incomplete phrase that implies a need for a better network but doesn't form a complete, assessable advertising claim on its own. It lacks context.",you need a better network
harv_ev_nad_morning_recovery_dietary_supplement_claims_2021_4ee954_3298,assessable_claim,fires,"This is a specific, quantifiable claim about the product's effectiveness in improving hangover symptoms. It is self-contained and assessable.",users of Morning Recovery showed up to 80% improvement on specific hangover symptoms after drinking
harv_ev_nad_colgate_toothpaste_claims_2021_81067b_3301,assessable_claim,fires,"This is a clear, quantifiable claim about the product's ability to remove stains. It is self-contained and assessable.",removes 10 years of yellow stains
harv_ev_nad_nad_nanoceutical_claims_2021_8e278f_3310,not_a_claim,misses,"This appears to be a heading or a descriptive list item, not an advertising claim about a product's benefits or features.",Conditions Associated with LOW Glutathione
harv_ev_nad_nad_nanoceutical_claims_2021_8e278f_3312,fragment,misses,"This is a short phrase that is likely part of a larger statement or list. On its own, it doesn't constitute a complete advertising claim.",associated with low glutathione
harv_ev_nad_three_january_nad_fast_track_swift_cases_2021_cc5393_3314,assessable_claim,misses,This is a quantifiable claim about the number of positive product reviews. It is self-contained and assessable as an advertising claim.,"over 110,000 5-star product reviews!"
harv_ev_nad_safe_catch_tuna_mercury_testing_claims_2021_8ddf06_3321,not_a_claim,misses,"This is a question, likely a rhetorical one in an ad, but not a direct advertising claim about the product's attributes or benefits.",Why test every tuna?
harv_ev_nad_safe_catch_tuna_mercury_testing_claims_2021_8ddf06_3322,assessable_claim,fires,This is a unique selling proposition claiming the brand is the 'only seafood brand' to meet certain mercury standards. It is self-contained and assessable.,Safe Catch is the only seafood brand to align itself with the mercury standards of the medical community
harv_ev_nad_safe_catch_tuna_mercury_testing_claims_2021_8ddf06_3323,assessable_claim,fires,This is a unique selling proposition claiming the brand is the 'only seafood brand endorsed by the APA'. It is self-contained and assessable.,only seafood brand endorsed by the APA
harv_ev_nad_safe_catch_tuna_mercury_testing_claims_2021_8ddf06_3325,not_a_claim,fires,"This is a product descriptor or recommendation, not a claim about its performance or characteristics. It's a label, not a claim.",Tuna Pick for Kids
harv_ev_nad_safe_catch_tuna_mercury_testing_claims_2021_8ddf06_3328,assessable_claim,fires,"This is a specific, quantifiable claim about the product's mercury levels compared to an FDA limit. It is self-contained and assessable.",Psst! Did you hear? . . . Our Elite Tuna averages 22x lower than the FDA’s mercury action limit
harv_ev_nad_safe_catch_tuna_mercury_testing_claims_2021_8ddf06_3332,assessable_claim,fires,This is a unique selling proposition claiming the product is the 'only tuna endorsed by the American Pregnancy Association'. It is self-contained and assessable.,only tuna endorsed by the American Pregnancy Association
harv_ev_nad_spectrum_download_speeds_claim_2022_701543_3336,fragment,misses,This is an incomplete phrase that lacks context. 'keep up with all of this' doesn't form a standalone advertising claim.,keep up with all of this
harv_ev_nad_early_defense_dietary_supplement_2024_23978c_3340,assessable_claim,misses,"This is a claim about the product's development process, implying scientific rigor. It is self-contained and assessable.","Science-Driven Formulas developed from peer-reviewed, published studies"
harv_ev_nad_early_defense_dietary_supplement_2024_23978c_3341,assessable_claim,misses,This is a claim about the product's benefit for eyesight and visual performance. It is self-contained and assessable.,helps maintain healthy eyesight and visual performance
harv_ev_nad_early_defense_dietary_supplement_2024_23978c_3342,assessable_claim,misses,"This is a testimonial acting as an advertising claim about the product's effects on clarity, contrast, and color tone. It is self-contained and assessable.","I have been taking Early Defense capsules since January… I have great clarity, contrast and colour tone"
harv_ev_nad_xfinity_home_internet_2023_de75e3_3345,not_a_claim,misses,"This is a statement describing a common problem or scenario, not a direct advertising claim about a product's features or benefits.","Everyone is online during the day, so we lose speeds"
harv_ev_nad_xfinity_home_internet_2023_de75e3_3346,not_a_claim,misses,"This is a conversational, metaphorical statement, not a direct advertising claim about the product's performance or characteristics.","Well if you just switch, maybe you don’t have to be vampires"
harv_ev_nad_xfinity_home_internet_2023_de75e3_3347,fragment,misses,This is a short phrase describing a negative experience ('lags and it throws the whole thing off') but it's not a complete advertising claim on its own. It lacks context about what 'it' refers to or how the product addresses it.,lags and it throws the whole thing off
harv_ev_nad_xfinity_home_internet_2023_de75e3_3348,fragment,misses,This phrase is cut off and incomplete. 'Getting Xfinity is the' does not form a self-contained advertising claim.,Getting Xfinity is the
harv_ev_nad_xfinity_home_internet_2023_de75e3_3352,assessable_claim,fires,This is a self-contained advertising claim that can be assessed for truthfulness and substantiation.,Xfinity Mobile now has the fastest mobile service
harv_ev_nad_comcast_xfinity_5g_mobile_plan_claims_2021_09ee28_3357,assessable_claim,fires,This is a complete advertising claim stating a specific offer and price.,Get 4 lines of Unlimited 5G data for just $30/line/mo
harv_ev_dssrc_rbc_life_sciences_health_product_claims_to_ftc_2021_a2db70_3359,assessable_claim,fires,"This is a specific, quantifiable earnings claim that can be assessed.","I made $2,000 in my first 8 days part-time!"
harv_ev_dssrc_elomir_2023_556488_3360,assessable_claim,fires,"This is a clear, self-contained claim about the benefits of a product.","Axis Klärity helps to promote healthy joints, a mellow mood, focus and mental clarity and gut health"
harv_ev_dssrc_elomir_2023_556488_3361,not_a_claim,misses,"This is a list of questions or symptoms, not an advertising claim about a product's benefits or features.",Emotional? Overwhelmed? Anxious? Foggy head? Feeling heavy?
harv_ev_dssrc_elomir_2023_556488_3362,assessable_claim,fires,"This is a self-contained claim about earning income and building a business, which can be assessed for substantiation.",Earn a little extra income to help pay your bills and build a home-based business. We allow you to be your own boss and provide you with the compensation plan to help you meet your goals
harv_ev_dssrc_aihu_health_related_product_performance_claims_2021_f422f8_3363,assessable_claim,fires,"This is a testimonial making specific claims about pain relief and product effectiveness, which can be assessed.","I use the Therapeutic Gel on my thumbs to relieve arthritis pain. Almost immediately the pain is gone, which has allowed me to continue on in my practice without having to be dependent on pain relieving pills"
harv_ev_dssrc_aihu_health_related_product_performance_claims_2021_f422f8_3364,assessable_claim,fires,"This is a list of specific health benefits attributed to a product, which can be assessed.","Therapeutic Healing Gel: has been used for chemo patients to reduce nausea, helps sleep and take the edge off of pain, helps fibromyalgia, headaches, arthritis, and sore muscles"
harv_ev_dssrc_aihu_health_related_product_performance_claims_2021_f422f8_3365,assessable_claim,fires,"This is a claim about the relief provided by a product for various conditions, which can be assessed.","Testimonials point to the relief given to assist with arthritis pain, muscle aches, fatigue, fibromyalgia, migraines and sinus pain, as well as helping to offset chemotherapy side effects"
harv_ev_dssrc_globallee_health_related_product_earnings_claims_2021_776b52_3366,not_a_claim,misses,"This is a generic, aspirational phrase or heading, not a specific advertising claim.",Fast Track to Success
harv_ev_dssrc_lifebrook_health_related_product_claims_2021_c1e829_3368,assessable_claim,misses,"This is a claim about a product's potential to weaken diabetic growth and save lives, which can be assessed.","PURONIA, an aronia juice, may be the kryptonite that could weaken the diabetic growth and begin to save lives"
harv_ev_dssrc_b_epic_advertising_claims_2022_70d8c2_3369,assessable_claim,misses,"This contains questions followed by specific claims about product benefits for stress, anxiety, pain, and sleep, which can be assessed.",Do you suffer from anxiety? Do you have chronic pain? Minimize feelings of stress and anxiety; Help manage pain and reduce inflammation; Promote relaxation; Assist in relieving insomnia
harv_ev_dssrc_b_epic_advertising_claims_2022_70d8c2_3370,assessable_claim,fires,"This is a list of specific claims about a product's effects on the immune system, which can be assessed.",Strengthen Immune Response; Boost and Balance Immune System; Help protect the Body Against Illness
harv_ev_dssrc_be_factor_earnings_claims_to_ftc_2022_cc7d8e_3371,assessable_claim,fires,"This is a direct claim about earning money and becoming rich with an app, which can be assessed.","Welcome to earn money it's easy to come to profit with an amazing app with Melius, you will be rich"
harv_ev_dssrc_dssrc_global_domains_2024_20df10_3373,assessable_claim,misses,"This is a specific, quantifiable earnings claim that can be assessed.",Thousands Per Week in Personal Income
harv_ev_dssrc_dssrc_global_domains_2024_20df10_3375,assessable_claim,fires,"This is a specific, quantifiable earnings claim that can be assessed.",Earn an unlimited number of $100 bonuses each week
harv_ev_dssrc_dssrc_global_domains_2024_20df10_3376,assessable_claim,fires,"This is a claim about reliable and unlimited income, which can be assessed.",reliable and unlimited income for life
harv_ev_dssrc_pawtree_2024_62d4d4_3377,assessable_claim,fires,"This is a self-contained claim about unlimited income opportunity, which can be assessed.","I also know that my pawTree business deserves my attention and I have unlimited income opportunity there, plus it brings me much JOY"
harv_ev_dssrc_tastefully_simple_earnings_claims_2022_151063_3380,not_a_claim,misses,"This is a rhetorical question, not a direct advertising claim about earnings or product benefits.",What would you do with an extra $500 to spend each month?
harv_ev_dssrc_limbic_arc_performance_earnings_claims_2021_0d8d93_3382,assessable_claim,fires,"This is a specific, quantifiable claim about growing a business to a certain income level, which can be assessed.","Did you know that you could GROW a business to $2000+ per month and never talking about the money side of it. That’s how we are building Limbic Arc, 1 testimonial at a time!"
harv_ev_dssrc_limbic_arc_performance_earnings_claims_2021_0d8d93_3383,assessable_claim,misses,"This is a claim about achieving financial freedom, which can be assessed.","Coupled with our powerful web app, your financial freedom is closer than you think!"
harv_ev_dssrc_limbic_arc_performance_earnings_claims_2021_0d8d93_3385,assessable_claim,misses,"This is a claim about passive income and a healthy future, which can be assessed.",Passive income & a healthy future together amazing
harv_ev_dssrc_thrive_life_2023_e31134_3386,assessable_claim,misses,"This is a claim about an opportunity to make a decent income, which can be assessed.","Thrive Life has an excellent opportunity, to make a decent income, sharing things you love!!"
harv_ev_dssrc_thrive_life_2023_e31134_3387,assessable_claim,misses,"This is a specific, quantifiable claim about setting up a seven-figure income, which can be assessed.",Thrive Life 2018 Pre Launch to Set Up Your Seven Figure Income
harv_ev_dssrc_thrive_life_2023_e31134_3388,assessable_claim,fires,"This is a list of benefits and opportunities, including earning extra income and free trips, which can be assessed.","please give our contact info to anyone who is interested in eating healthy or saving time, earning extra income, free trips, needs a part time job or a full time job, or isn't happy with their current job!"
harv_ev_dssrc_thrive_life_2023_e31134_3389,assessable_claim,fires,This is a self-contained advertising claim about earning potential with Thrive Life's new compensation plan.,Webinar Earn $100000 with Thrive Life with New compensation plan
harv_ev_dssrc_thrive_life_2023_e31134_3390,assessable_claim,fires,This is a self-contained advertising claim about the potential monthly earnings from a Thrive business.,Your Thrive business can earn you over $10000 a month
harv_ev_dssrc_zilis_health_claims_2022_0d01ee_3391,assessable_claim,fires,This is a list of self-contained advertising claims about product benefits.,Lost weight; Reduce Cravings; Boost your immune system…helps with situational stress
harv_ev_dssrc_zilis_health_claims_2022_0d01ee_3392,assessable_claim,misses,This is a testimonial acting as an advertising claim about the product's effectiveness for stress and mood.,"Every day I see at least one post in my news feed about someone dealing with anxiety. Zilis CBD has helped me so much in my daily life with stress and bad, dreary moods"
harv_ev_dssrc_zinzino_product_earnings_2021_3824ff_3393,assessable_claim,fires,This is a self-contained advertising claim about the product's ability to help with COVID-19.,COVID-19 Solution: Omega 3 and Vitamin-D can help with this disease
harv_ev_dssrc_icoinpro_ftc_2023_60f668_3395,assessable_claim,fires,This is a self-contained advertising claim about the earning potential with cryptocurrency.,People are making a FORTUNE with cryptocurrency all over the world
harv_ev_dssrc_icoinpro_ftc_2023_60f668_3396,assessable_claim,fires,This is a self-contained advertising claim promoting 'THE MICRO PROFIT SYSTEM' as a path to financial freedom.,Financial Freedom is knocking. And it's name is THE MICRO PROFIT SYSTEM
harv_ev_dssrc_rootwellness_health_related_product_claims_2021_a48735_3397,not_a_claim,misses,"This appears to be a heading or a list of conditions mentioned in testimonials, not a direct advertising claim about the product's efficacy for these conditions.","ROOT Testimonial Tuesday -- Fatty Liver, Psoriasis, Childhood ADHD, Chronic Fatigue"
harv_ev_dssrc_pink_zebra_2023_2676c0_3399,assessable_claim,misses,This is a self-contained advertising claim (testimonial) about replacing income through Pink Zebra.,Pink Zebra has allowed me to replace my income
harv_ev_dssrc_vyvo_claims_ftc_2022_424e67_3400,assessable_claim,fires,This is a self-contained advertising claim about boosting business and achieving financial freedom/residual income through a promotion.,Take advantage of the benefits and boost your business thank to the VYVO Power Boost Promotion #financialfreedom #residualincome
harv_ev_dssrc_vyvo_claims_ftc_2022_424e67_3401,assessable_claim,fires,This is a self-contained advertising claim about an opportunity to create residual income.,Ask me how you can have an opportunity to create residual income in your spare time with this Amazing Technology Giant!
harv_ev_dssrc_mary_kay_earnings_claims_2021_e070a0_3402,assessable_claim,fires,This is a self-contained advertising claim about the open-ended earning opportunity with a Mary Kay business.,How much money can I expect to earn as an Independent Business Consultant? - The earning opportunity associated with a Mary Kay business is open-ended
harv_ev_dssrc_magnetude_compliance_2024_37e6df_3403,assessable_claim,fires,This is a self-contained advertising claim about unlimited earning potential.,Unlimited Earning….Unlimited earning potential!
harv_ev_dssrc_immunotec_earnings_product_performance_claims_2022_395e51_3405,assessable_claim,misses,This is a self-contained advertising claim about protecting oneself from viruses by strengthening the immune system with Immunocal.,Protect yourself from the viruses we’re exposed every day! Strengthening your immune system with Immunocal
harv_ev_dssrc_futurenet_earnings_claims_ftc_referral_2022_da5e44_3406,assessable_claim,misses,This is a self-contained advertising claim about creating real and sustainable passive income with FutureNet.,FutureNet revolution is underway in South Africa; climb in now and create real and sustainable passive income for yourself
harv_ev_dssrc_innov8tive_earnings_product_claims_2022_15dfdc_3407,assessable_claim,fires,This is a self-contained advertising claim posing a question that implies CBD could protect against the virus.,"Cannabis and COVID, could CBD protect us from the virus?"
harv_ev_dssrc_innov8tive_earnings_product_claims_2022_15dfdc_3408,assessable_claim,fires,This is a self-contained advertising claim about Innov8tive providing time freedom and an additional income stream.,Innov8tive provides you the time freedom and an additional income stream that can change your life
harv_ev_dssrc_innov8tive_earnings_product_claims_2022_15dfdc_3409,assessable_claim,fires,This is a self-contained advertising claim about people earning part-time and full-time income.,It’s why people all across the country are earning part-time and full-time income
harv_ev_dssrc_lifestyles_usa_2024_82f975_3410,assessable_claim,misses,This is a self-contained advertising claim about Lifestyles creating millionaires and improving health and wealth.,Lifestyles has created many millionaires around the world…improve both your health and your wealth
harv_ev_dssrc_gano_excel_product_earnings_claims_to_ftc_2021_07a440_3412,assessable_claim,fires,This is a list of self-contained advertising claims about product benefits.,"Boost the immune system, detoxifies the body from toxins and reduces the risk of hypertension, diabetes and cancer"
harv_ev_dssrc_gano_excel_product_earnings_claims_to_ftc_2021_07a440_3413,assessable_claim,fires,This is a self-contained advertising claim about having the best solution for Coronavirus.,I HAVE THE BEST SOLUTION FOR CORONA VIRUS
harv_ev_dssrc_gano_excel_product_earnings_claims_to_ftc_2021_07a440_3414,assessable_claim,misses,"This is a self-contained advertising claim about helping people earn and become healthier, with specific income potential mentioned.","Lett’s Help People All Over the U.S. abroad Earn and Become Healthier…If You Know 2 people Who Love Coffee and Tea Or Know Someone Who Wants to Make An extra $500-$50,000 a Month"
harv_ev_dssrc_dssrc_lemongrass_2024_fccfc1_3415,assessable_claim,misses,This is a self-contained advertising claim about providing flexibility and financial freedom.,gives you flexibility & financial freedom ??
harv_ev_narb_mint_mobile_narb_2024_cdf5de_3418,assessable_claim,fires,This is a self-contained advertising claim about cutting out retail service costs and passing savings to the customer.,cut out the cost of retail service and passed those sweet savings directly to you
harv_ev_nad_narb_doterra_health_claims_2021_72ab1d_3419,assessable_claim,misses,This is a self-contained advertising claim about improving or managing mood.,Improving or managing mood
harv_ev_nad_narb_doterra_health_claims_2021_72ab1d_3420,fragment,fires,"This is a fragment because it is cut off and does not form a complete, assessable claim on its own. The ellipsis indicates missing text.",Benefits for the . . . mind
harv_ev_nad_narb_doterra_health_claims_2021_72ab1d_3421,assessable_claim,fires,This is a self-contained advertising claim that promises 'positive effects on emotions.' A compliance reviewer could assess this claim for substantiation.,Positive effects on emotions
harv_ev_narb_narb_avadim_ftc_2021_bd68b1_3422,assessable_claim,misses,This is a self-contained advertising claim that states 'Healthcare Professionals Recommend Theraworx Relief.' A compliance reviewer could assess this claim for substantiation.,Healthcare Professionals Recommend Theraworx Relief
harv_ev_narb_narb_avadim_ftc_2021_bd68b1_3423,assessable_claim,misses,This is a self-contained advertising claim that makes a comparative statement about the market before Theraworx Relief. A compliance reviewer could assess this claim for accuracy and substantiation.,Before Theraworx Relief there wasn’t really a lot of options on the market . . . nothing really to get to the root of the problem
harv_ev_narb_slimfast_clinically_proven_claims_2022_635339_3429,assessable_claim,fires,This is a self-contained advertising claim that promises to 'lose weight and keep it off.' A compliance reviewer could assess this claim for substantiation.,lose weight and keep it off
harv_ev_narb_narb_att_5g_claim_2021_3c20ab_3432,assessable_claim,fires,This is a self-contained advertising claim that states 'Building 5G on America’s Best Network.' A compliance reviewer could assess this claim for substantiation regarding the 'best network' assertion.,Building 5G on America’s Best Network
harv_ev_narb_air_methods_appeal_2022_6e1e76_3437,fragment,fires,"This is a fragment because it starts mid-sentence and is cut off, making it dependent on missing text to be a complete, assessable claim.","patients’ out-of-pocket expenses to an average of $200*, which includes copays and deductibles"
harv_ev_narb_att_fiber_internet_service_appeal_2022_30de3f_3438,fragment,misses,"This is a fragment because it is a verb phrase without a clear subject or context, making it incomplete as a standalone claim.",upload content out to the world
harv_ev_narb_narb_smile_prep_2023_f23221_3439,fragment,misses,"This is a fragment because it describes an 'extensive five-point analysis' but doesn't state a claim about the results or benefits of that analysis, making it incomplete as an advertising claim.","extensive five-point analysis of each company’s effectiveness, affordability, convenience, appearance and customer support"
harv_ev_narb_narb_one_health_2023_e854a8_3441,assessable_claim,misses,This is a self-contained advertising claim that states 'Supports environmental stewardship classes in order to minimize the impact of animal production on the environment.' A compliance reviewer could assess this claim for substantiation.,Supports environmental stewardship classes in order to minimize the impact of animal production on the environment
harv_ev_narb_t_mobile_phone_upgrade_2023_1b6188_3444,assessable_claim,misses,This is a self-contained advertising claim that makes a comparative statement about competitors' practices. A compliance reviewer could assess this claim for accuracy.,AT&T and Verizon rope you in with phone offers then bind you to a three-year device contract
harv_ev_narb_t_mobile_phone_upgrade_2023_1b6188_3445,assessable_claim,misses,"This is a self-contained advertising claim that implies a lack of a 'two-year upgrade' for the consumer, which could be assessed for its implications regarding service or product offerings.",no two-year upgrade for you
harv_ev_narb_t_mobile_superior_reliability_and_5g_claims_2020_7a43dd_3447,assessable_claim,misses,This is a self-contained advertising claim that makes a comparative statement about competitors' 5G signals. A compliance reviewer could assess this claim for accuracy.,Other carriers have 5G signals that drop if you move two feet
harv_ev_narb_narb_shark_stratos_vacuum_2023_c1608b_3455,assessable_claim,fires,This is a self-contained advertising claim that promises 'superior hair pick-up ability and odor neutralizing technology.' A compliance reviewer could assess this claim for substantiation.,superior hair pick-up ability and odor neutralizing technology
harv_ev_narb_narb_genexa_2023_7fbd9d_3459,assessable_claim,fires,This is a self-contained advertising claim that makes a comparative statement about the presence of parabens in different products. A compliance reviewer could assess this claim for accuracy and potential implications.,"PARABENS is stuff you’ll find in ALL PURPOSE CLEANER. And, for some reason, in kids’ fever medicine"
harv_ev_caru_moose_toys_fail_fix_dolls_2022_ac39b0_3464,assessable_claim,fires,This is a self-contained advertising claim that describes a product's ability to 'brush her hair from crazy to cute for the ultimate makeover reveal.' A compliance reviewer could assess this claim for its functionality and outcome.,brush her hair from crazy to cute for the ultimate makeover reveal
harv_ev_caru_moose_toys_fail_fix_dolls_2022_ac39b0_3465,assessable_claim,misses,This is a self-contained advertising claim that promises 'you can fix the whole squad.' A compliance reviewer could assess this claim for its scope and functionality.,you can fix the whole squad
harv_ev_caru_moose_toys_fail_fix_dolls_2022_ac39b0_3466,not_a_claim,misses,"This is narrative text, likely a character's dialogue, expressing a personal situation rather than an advertising claim about a product or service.",My dance class starts soon. I can’t move with this tangled mess
harv_ev_caru_moose_toys_fail_fix_dolls_2022_ac39b0_3467,not_a_claim,misses,"This is narrative text, likely a character's dialogue, expressing a personal reaction rather than an advertising claim about a product or service.",Nope. No way. Nuh-uh. I can’t be seen like this!
harv_ev_caru_mcdonalds_happy_meal_2020_c341ec_3470,not_a_claim,misses,"This is narrative text, likely a character's dialogue, expressing excitement rather than an advertising claim about a product or service.",I am so excited to find out what’s in here
harv_ev_caru_gameloft_disney_getaway_app_2022_7e4faa_3474,assessable_claim,fires,This is a self-contained claim about the app's functionality to 'provide you with advertising that better suits your interests and profile and is age-/gender-appropriate and targeted to your general location.' A compliance reviewer could assess this claim regarding data usage and targeting practices.,provide you with advertising that better suits your interests and profile and is age-/gender-appropriate and targeted to your general location
harv_ev_caru_caru_club_libby_lu_2020_ddeee9_3475,fragment,misses,This is a fragment because it is an instruction or action 'forward to a friend' without a clear context or a complete advertising claim about a product or service.,forward to a friend
harv_ev_caru_imc_toys_non_edible_disclosure_2021_cf946e_3477,assessable_claim,misses,"This is a self-contained statement that clarifies the product's nature: 'fun to squeeze, not to eat.' While it includes a disclosure, it also makes a claim about the product's intended use.","fun to squeeze, not to eat"
harv_ev_caru_mattel_children_privacy_2020_fc5c0e_3482,assessable_claim,misses,This is a self-contained advertising claim for a 'Toy-A-Day Giveaway' with a prize and a shopping spree. A compliance reviewer could assess the terms and conditions of this offer.,Toy-A-Day Giveaway: Enter for your chance to win Today’s Prize and a $500 shopping spree! Click here for details
harv_ev_caru_mattel_children_privacy_2020_fc5c0e_3483,not_a_claim,misses,"This is a verification statement, likely part of a form or terms of service, not an advertising claim about a product or service.",I verify that I am 18 years old
harv_ev_caru_primark_gender_restrictive_2022_d2704d_3486,not_a_claim,misses,"This is a list of adjectives, not an advertising claim.","Grateful, humble and optimistic"
harv_ev_nad_pooph_pet_2024_c60638_3491,assessable_claim,misses,This is a complete claim about the performance of 'slow-acting sprays'.,slow-acting sprays cover-up odors
harv_ev_nad_pooph_pet_2024_c60638_3492,assessable_claim,fires,"This rhetorical question implies a claim about the product's effectiveness in eliminating stink, making it assessable.",Why waste money on any product that doesn’t totally eliminate the stink?
harv_ev_nad_verizon_satellite_texting_2024_aee6d4_3494,assessable_claim,misses,"This is a clear, self-contained claim about the capability of texting anywhere via satellite.",Text Anywhere via Satellite
harv_ev_nad_verizon_satellite_texting_2024_aee6d4_3496,assessable_claim,misses,"This is a clear, self-contained claim about the capability of texting anywhere with satellite.",text anywhere with satellite
harv_ev_nad_petiq_2024_6f7e59_3497,assessable_claim,fires,This is a self-contained comparative claim about the speed and duration of topical protection.,Fastest-acting 30-Day topical protection available
harv_ev_nad_drunk_elephant_2024_598ea5_3499,assessable_claim,misses,"This is a clear, self-contained claim about the quality of the product.",b-goldi illuminating drops are 10/10
harv_ev_dssrc_dssrc_lovvare_2024_710680_3500,assessable_claim,misses,This is a self-contained claim promising financial freedom.,You can thank me when you achieve the financial freedom you deserve
harv_ev_nad_james_hardie_2024_a48263_3501,assessable_claim,misses,This is a self-contained claim describing the properties and vulnerabilities of a material.,"Absorbs water, more susceptible to swelling, buckling, and edge checking"
harv_ev_dssrc_dudley_beauty_2024_2fa57a_3502,assessable_claim,fires,This is a self-contained claim promising to teach how to create generational wealth and leave a legacy.,"Mark will share how average people like you and I, create and build Generational Wealth and leave a legacy to their kids and grand kids"
harv_ev_dssrc_dudley_beauty_2024_2fa57a_3503,assessable_claim,fires,This is a self-contained claim about making money while sleeping and achieving success through residual income.,Making Money While You Sleep - The key to success in today’s marketplace is residual income. How you can duplicate yourself or make money while you sleep can determine your future and help you prosper
harv_ev_nad_spectrum_fastest_speeds_2024_434f19_3504,assessable_claim,fires,This is a self-contained comparative claim about internet speeds and coverage.,Fastest Speeds in More Neighborhoods than Any Other Provider
harv_ev_nad_spectrum_fastest_speeds_2024_434f19_3505,assessable_claim,fires,This is a self-contained comparative claim about internet speeds and coverage.,Spectrum offers the fastest speeds in more neighborhoods than any other provider
harv_ev_nad_spectrum_fastest_speeds_2024_434f19_3506,assessable_claim,misses,This is a self-contained comparative claim about internet speeds in specific markets.,Spectrum offers faster internet speeds in the markets where Spectrum and AT&T compete
harv_ev_nad_gurunanda_oil_pulling_2024_92b1a4_3508,assessable_claim,misses,This is a self-contained claim about the immediate effect of the product.,dazzle from first application
harv_ev_dssrc_scout_cellar_2024_397cc0_3511,assessable_claim,fires,This is a self-contained claim about the flexibility and ease of making money.,"You can make it full time, some time, anytime from your phone, on social media, at a soccer game, at a wine tasting and during girls night"
harv_ev_dssrc_scout_cellar_2024_397cc0_3512,assessable_claim,fires,This is a self-contained claim about low cost of entry and generating residual income.,Low cost of entry! Bring in residual income weekly
harv_ev_nad_zuru_2024_feb329_3514,assessable_claim,fires,This is a self-contained superlative claim about the diaper's absorbing capability.,Our #1 Absorbing Diaper
harv_ev_nad_zuru_2024_feb329_3516,assessable_claim,fires,This is a self-contained comparative claim about the diaper's capacity.,Holds up to 5 cups of water...unlike other diapers
harv_ev_dssrc_valentus_2024_74c200_3520,assessable_claim,fires,This is a self-contained claim listing specific financial benefits and earnings.,Steady income; Car bonus; First month earnings up to $700 or more
harv_ev_dssrc_valentus_2024_74c200_3521,assessable_claim,fires,This is a self-contained claim promising a path to financial independence through a business model and support system.,Dreaming of financial independence? Valentus Global offers a path to independence through our lucrative business model and unparalleled support system. Take the first step towards your dreams today!
harv_ev_nad_charter_unlimited_2025_ce7363_3522,assessable_claim,fires,This is a self-contained claim about unlimited services.,"Unlimited talk, text, and data"
harv_ev_nad_charter_unlimited_2025_ce7363_3523,assessable_claim,misses,This is a self-contained claim about the freedom to use as much data as desired.,use all the data you want
harv_ev_nad_t_mobile_other_big_guys_2025_d40a74_3524,assessable_claim,misses,This is a self-contained comparative claim about monthly savings.,save 20% every month vs. the other big guys
harv_ev_nad_t_mobile_other_big_guys_2025_d40a74_3525,assessable_claim,misses,This is a self-contained comparative claim about monthly savings for families.,families can save 20% vs. the other big guys
harv_ev_nad_larose_industries_2025_465e81_3527,assessable_claim,misses,This is a self-contained advertising claim about the origin of a product.,Proudly Made in USA
harv_ev_nad_nuorganic_cosmetics_2025_8661ce_3528,fragment,misses,This phrase is incomplete and lacks context to be a full claim. It's unclear what 'naturally grown long lashes' refers to or promises without more information.,naturally grown long lashes
harv_ev_nad_olly_kids_chillax_2025_9eb76e_3529,fragment,fires,"This is a fragment. It describes an effect ('mood in kids') but is cut off and doesn't form a complete, assessable claim.",mood in kids while helping them
harv_ev_nad_olly_kids_chillax_2025_9eb76e_3530,assessable_claim,misses,This is a self-contained claim about a product's benefit: 'supports a calm and relaxed mood'.,supports a calm and relaxed mood
harv_ev_nad_t_mobile_families_save_2025_925604_3531,assessable_claim,misses,This is a complete and assessable claim comparing savings with competitors.,Families Can Save 20% Every Month Versus AT&T and Verizon
harv_ev_nad_t_mobile_att_other_big_guys_2025_bf7390_3533,assessable_claim,misses,This is a self-contained advertising claim about saving money on every plan compared to competitors.,Save On Every Plan vs. The Other Big Guys
harv_ev_nad_slba_beauty_ro_2025_504694_3538,assessable_claim,misses,This is a self-contained advertising claim describing a 'breakthrough formula' and a 'revolutionary molecule'.,"breakthrough formula, including the patent-pending SBLA66Peptide™, a truly revolutionary molecule"
harv_ev_dssrc_arbonne_2025_d4c781_3540,assessable_claim,fires,"This is a detailed, self-contained claim about earning potential and the business model.","COMPETITIVE EARNINGS – Our unique business model offers the opportunity to earn weekly commissions through your personal sales, override commissions on your team members’ sales and earn cash awards at every level"
harv_ev_nad_total_wireless_2025_69bee3_3543,fragment,misses,This is a fragment. 'has your back every day' is a common idiom but lacks specific context to be an assessable claim without knowing what 'has your back' means in this advertising context.,has your back every day
harv_ev_nad_certified_beef_2025_213a0a_3545,fragment,fires,"This is a list of practices, but it's not a self-contained claim about a product or service. It's missing what these practices achieve or what product they apply to.","best practices in animal handling, animal care, and responsible antibiotic use"
harv_ev_nad_t_mobile_starlink_2025_88e5b5_3552,assessable_claim,misses,"This is a comprehensive, self-contained claim about T-Mobile's unique connectivity and partnership.",T-Mobile is the first and only U.S. wireless provider to keep you connected in places never thought possible with the world’s largest satellite-to-cell constellation in partnership with Starlink
harv_ev_nad_rascals_2025_1ab4e4_3554,assessable_claim,fires,"This is a quantifiable, self-contained claim about a product's absorption capacity.",Hydrolock CoreTM holds up to 25 x its weight
harv_ev_nad_rascals_2025_1ab4e4_3555,assessable_claim,fires,"This is a quantifiable, self-contained claim about a product's absorption capacity.",absorbs 15 x its weight
harv_ev_nad_rascals_2025_1ab4e4_3556,assessable_claim,misses,This is a self-contained claim about customer satisfaction with the product.,Parents are Happier with Rascals
harv_ev_nad_vktry_2025_e26720_3560,assessable_claim,misses,"This is a clear, self-contained claim about product benefits.","Jump Higher, Run Faster"
harv_ev_nad_vktry_2025_e26720_3561,assessable_claim,misses,"This is a clear, self-contained claim about product benefits.",Enhances support & stability to reduce the risk of injury
harv_ev_nad_cox_internet_speed_2025_da0876_3562,assessable_claim,misses,This is a self-contained claim about internet speed availability.,Multi Gig Speeds Everywhere
harv_ev_nad_cox_internet_speed_2025_da0876_3563,assessable_claim,fires,This is a complete and assessable claim comparing internet speeds with competitors.,Get into the fast lane with Cox Business and get speeds that are up to 20X faster than T-Mobile and AT&T 5G Internet
harv_ev_nad_church_dwight_2025_88378f_3565,assessable_claim,misses,This is a self-contained claim about product superiority and a guarantee.,It’s a better mouthwash. I guarantee it
harv_ev_dssrc_live_good_2025_c8bbed_3566,assessable_claim,misses,This is a self-contained claim inviting people to sign up and promising 'financial freedom'.,Everyone can 𝙎𝙞𝙜𝙣 𝙪𝙥 here and take the first step towards financial freedom with 𝗟𝗶𝘃𝗲𝗚𝗼𝗼𝗱
harv_ev_dssrc_live_good_2025_c8bbed_3567,assessable_claim,fires,"This is a clear, quantifiable claim about potential earnings.","Chance to Earn up to $2,047/Month Even Without Sponsoring Anyone"
harv_ev_dssrc_live_good_2025_c8bbed_3568,assessable_claim,fires,This is a self-contained claim about the earning potential and lifestyle changes experienced by others.,Many people earn thousands of dollars every month in LiveGood. Others have quit their regular job and are full-time busy with LiveGood now
harv_ev_nad_t_mobile_appeal_2025_10cf8e_3569,assessable_claim,misses,This is a self-contained advertising claim about saving money on every plan.,Save on Every Plan
harv_ev_nad_t_mobile_appeal_2025_10cf8e_3570,assessable_claim,misses,This is a self-contained advertising claim offering a specific saving for families during the holidays.,Holidays Are Coming in Hot: Families: Save 20%
harv_ev_nad_coterie_baby_2025_69de7c_3578,assessable_claim,fires,"This is a comparative advertising claim about absorbency, which is assessable.",Up To 4x Absorbency Compared to Leading Brands
harv_ev_nad_coterie_baby_2025_69de7c_3579,assessable_claim,fires,"This is a comparative advertising claim about skin dryness, which is assessable.",Up To 3x Drier Skin Compared to Leading Brands
harv_ev_dssrc_thrive_life_2_2025_653d79_3586,not_a_claim,fires,"This is a personal testimonial or narrative, not a direct advertising claim about a product or service.","I’m in Cancun right now, this is actually the sixth trip that I’ve earned"
harv_ev_narb_essor_group_2025_18c21d_3587,assessable_claim,misses,"This is a self-contained advertising claim about the benefits of Boka mouthwash, including fresher breath due to prebiotics.",Boka mouthwash has prebiotics to maintain a healthy microbiome (that’s science speak for preserving the good bacteria) so you can have fresher breath
harv_ev_dssrc_aloette_cosmetics_2025_360943_3588,assessable_claim,misses,"This is a self-contained advertising claim about the benefits offered to employees or distributors, including commissions, bonuses, discounts, and trips.","We offer top commissions, bonuses, and big discounts plus incredible perks such as our dream vacation Jetsetter trips and more!"
harv_ev_narb_t_mobile_savings_2025_44e67a_3589,assessable_claim,misses,"This is a comparative advertising claim about saving money by switching to T-Mobile, which is assessable.",Switch and save versus AT&T and Verizon’s comparable plans plus streaming
harv_ev_nad_caraway_2025_d88e62_3592,assessable_claim,misses,"This is a self-contained advertising claim about the absence of PFAS in Caraway products, which is assessable.",PFAS are ‘forever chemicals’ commonly used in non-stick cookware … but never used in Caraway products
harv_ev_nad_good_feet_2025_a7df27_3593,assessable_claim,misses,"This is a self-contained advertising claim about living without pain, which is assessable.",help you live the life you love without pain
harv_ev_nad_crest_3d_2025_64af42_3595,assessable_claim,fires,"This is a self-contained advertising claim about the product's ability to repair and strengthen teeth, which is assessable.",REPAIR – Extra strength fluoride remineralizes enamel to strengthen teeth
harv_ev_nad_next_health_2025_7d4e94_3598,assessable_claim,misses,"This is a self-contained advertising claim about living a longer, more fulfilling life, which is assessable.","live the longest, most fulfilling life"
harv_ev_nad_dish_network_2025_058cbb_3602,assessable_claim,misses,This is a self-contained advertising claim about saving a specific amount per month by upgrading to DISH.,Upgrade to DISH and save $30 a month
harv_ev_nad_dish_network_2025_058cbb_3603,not_a_claim,misses,"This is a statement of desire or a quote, not a direct advertising claim made by the advertiser.",I want to save 30 dollars a month on TV like DISH customers
harv_ev_nad_dish_network_2025_058cbb_3604,assessable_claim,misses,This is a self-contained comparative advertising claim about saving money with DISH versus DIRECTV.,Get DISH and save $30/mo./$350/yr. vs DIRECTV
harv_ev_caru_mrbeast_feastables_2025_1cce94_3605,fragment,misses,"This is a title or name of a sweepstakes, but not a complete advertising claim on its own. It lacks context about how to enter or what it entails.",Blue Wave $10K sweepstakes
harv_ev_caru_mrbeast_feastables_2025_1cce94_3606,assessable_claim,misses,This is a self-contained advertising claim detailing how to enter a sweepstakes and what can be won.,Upload Your Receipt & Enter to Win. Confirm your purchase below to enter for a chance to win 10k + a year’s supply of our new chocolate. MORE BARS = MORE ENTRIES
harv_ev_caru_mrbeast_feastables_2025_1cce94_3609,assessable_claim,fires,This is a self-contained advertising claim encouraging purchase for a chance to win money.,Time is Running Out. Buy Feastables for a chance to win $10K
harv_ev_nad_att_guarantee_2025_f4de76_3611,fragment,fires,This is a vague promise that requires context to be assessable. 'Make it right' could refer to many things.,we’ll make it right
harv_ev_nad_att_guarantee_2025_f4de76_3612,assessable_claim,fires,"This is a self-contained advertising claim about the speed of fixing network interruptions, which is assessable.",NETWORK INTERRUPTIONS FIXED FAST
harv_ev_nad_guideline_arr_2025_8300bd_3613,not_a_claim,misses,This is a financial metric (Annual Recurring Revenue) and not an advertising claim to consumers.,nearly $140 million ARR
harv_ev_nad_att_free_iphone_2025_62f546_3614,assessable_claim,misses,"This is a self-contained advertising claim about getting a free iPhone, which is assessable.",Learn How Everyone Gets iPhone 16 Pro on Us
harv_ev_nad_galderma_2025_2d09d0_3616,fragment,misses,This phrase is incomplete and requires context to understand what 'itch relief like that' refers to.,Itch relief like that
harv_ev_nad_verizon_google_pixel_2025_007c7f_3620,assessable_claim,misses,"This is a self-contained advertising claim offering a free product, which is assessable.",Free Google Pixel 10 Pro
harv_ev_nad_national_debt_relief_2025_0aafcc_3624,assessable_claim,fires,This is a self-contained advertising claim about getting out of debt faster and achieving financial stability within a specific timeframe.,Get out of debt faster than you think – Get back to financial stability and living your life within 24–48 months
harv_ev_nad_plant_paper_2025_691132_3627,fragment,misses,"This is a list of medical conditions without any context of a claim being made about them (e.g., preventing, treating, or causing them).","urinary tract infections, vulvar irritation, and hemorrhoids"
harv_ev_dssrc_mwr_life_2025_6f5221_3629,assessable_claim,misses,This is a self-contained advertising claim promising personal and financial benefits.,Unleash Your Potential and Achieve Financial Independence
harv_ev_dssrc_mwr_life_2025_6f5221_3630,fragment,misses,This phrase is incomplete and lacks context to be assessed as a full claim.,earning a great living
harv_ev_dssrc_urban_retreat_2025_893426_3632,assessable_claim,misses,This is a self-contained advertising claim about product efficacy with specific metrics and timeframe.,using the Urban Retreat Detox & Slim Bundle leads to users losing 8 pounds and 8 inches in two weeks
harv_ev_nad_rascals_referral_2025_64deb1_3633,not_a_claim,misses,"This describes the basis of a review, not an advertising claim about a product's features or benefits.","Based on all reviews of Rascals diapers, training pants and wipes across websites globally, including incentivized and organic reviews"
harv_ev_nad_rascals_referral_2025_64deb1_3634,assessable_claim,fires,This is a self-contained advertising claim about the duration of product protection.,up to 12 hours of protection
harv_ev_nad_galderma_nemluvio_2025_c10001_3640,assessable_claim,misses,This is a self-contained advertising claim about the product's unique efficacy and mechanism of action.,"Works Like Nothing Before, Treating Eczema at Its Core"
harv_ev_nad_galderma_nemluvio_2025_c10001_3641,assessable_claim,misses,"This is a self-contained advertising claim, implying the product addresses the fundamental cause of eczema.",Get to the Root of Your Eczema
harv_ev_nad_galderma_nemluvio_2025_c10001_3642,fragment,misses,"This is a fragment of a larger claim, missing context to be fully assessable on its own.",treating eczema at its core
harv_ev_nad_galderma_nemluvio_2025_c10001_3643,assessable_claim,misses,This is a self-contained advertising claim about the product's novelty and uniqueness.,first treatment of its kind
harv_ev_nad_galderma_nemluvio_2025_c10001_3644,assessable_claim,misses,This is a self-contained advertising claim promising a lasting benefit.,Clear Skin That Lasts
harv_ev_nad_galderma_nemluvio_2025_c10001_3645,assessable_claim,misses,This is a self-contained advertising claim implying a significant benefit for skin health.,Skin Can Finally Heal
harv_ev_caru_horizon_ai_2025_d0d818_3647,not_a_claim,misses,"This appears to be a product or solution description, not a specific advertising claim about its performance or benefits.",AI-Powered Smart Baby Monitor Solution
harv_ev_nad_t_mobile_wireless_2026_dd19b0_3648,assessable_claim,misses,This is a self-contained comparative advertising claim about competitors' pricing actions.,AT&T and Verizon have announced price increase over price increase a combined ten times in the past two years
harv_ev_nad_t_mobile_wireless_2026_dd19b0_3649,assessable_claim,fires,This is a self-contained advertising claim promising constant connectivity or availability.,"No matter where you are, you will never miss a moment"
harv_ev_nad_camco_2026_bbd2af_3653,assessable_claim,fires,This is a self-contained advertising claim of market leadership.,America’s #1 RV Leveling Blocks
harv_ev_nad_camco_2026_bbd2af_3654,assessable_claim,fires,This is a self-contained advertising claim of market leadership for a specific product type.,America’s #1 RV Blocks for Leveling
harv_ev_dssrc_faberlic_2026_8e0192_3656,assessable_claim,fires,This is a self-contained advertising claim promising financial freedom.,No tricks here! Treat yourself to financial freedom with Faberlic!
harv_ev_nad_revlon_2026_fe3502_3658,assessable_claim,fires,This is a self-contained advertising claim about product efficacy with a specific quantifiable benefit.,up to 94% smoother
harv_ev_nad_revlon_2026_fe3502_3659,assessable_claim,fires,This is a self-contained advertising claim about product efficacy with a specific quantifiable benefit.,up to 94% silkier
harv_ev_dssrc_vivint_2026_c41d8e_3663,assessable_claim,misses,This is a self-contained testimonial acting as an advertising claim about achieving financial freedom.,I’ve been able to experience financial freedom at 19-21 years old
harv_ev_dssrc_vivint_2026_c41d8e_3664,assessable_claim,fires,This is a self-contained testimonial acting as an advertising claim about income potential and work-life balance.,We work 5 months mainly out of the year during the Summer time to produce our income. This is what I made in 5 months helping protect families + one of my last checks
harv_ev_nad_tmobile_wifi_2026_73f12a_3665,assessable_claim,misses,This is a self-contained comparative advertising claim about pricing for in-flight Wi-Fi.,T-Mobile: In-flight Wi-Fi – Included; Verizon: In-flight Wi-Fi - $ 147.00/mo
harv_ev_nad_midi_health_2026_c0c2ac_3667,assessable_claim,fires,This is a self-contained advertising claim about product efficacy in relieving symptoms and a high success rate.,"Ready to say goodbye to hot flashes, weight gain, insomnia and mood swings? Join the 91% of patients who find relief within 2 months"
harv_ev_nad_olly_chillax_2026_f5c362_3669,assessable_claim,misses,This is a self-contained advertising claim about the product's formulation and its intended effect on mood.,Z is for Zen: These delightful gummies are formulated to support a calm & relaxed mood. That’s our kind of peace of mind
harv_ev_nad_olly_chillax_2026_f5c362_3670,assessable_claim,misses,This is a self-contained advertising claim about the product's intended effect on mood.,formulated to support a calm & relaxed mood
harv_ev_nad_freshpet_2026_0a4722_3676,not_a_claim,fires,"This is a narrative testimonial, not a direct advertising claim about the product's performance or characteristics.","We eat fresh, real food as much as possible at home, so of course, we want the same for Benji. That’s why we give him Freshpet Fresh from the Kitchen Home Cooked Chicken Recipe"
harv_ev_nad_viome_2026_217344_3677,fragment,misses,"This is a fragment. 'First At Home Test' is incomplete; it needs context to be an assessable claim (e.g., 'the first at-home test for X').",First At Home Test
harv_ev_nad_charter_spectrum_2026_a7234a_3678,assessable_claim,misses,This is a self-contained advertising claim describing how Spectrum Internet is powered and delivered.,Spectrum Internet is powered by fiber and delivered to the home via HFC
harv_ev_nad_natures_truth_2026_7807a3_3687,assessable_claim,misses,This is a self-contained advertising claim stating the product name and its dosage per serving.,Magnesium Glycinate Gummies 200 mg per serving
harv_ev_nad_sharkninja_glossi_2026_1c69a9_3691,assessable_claim,fires,"This is a self-contained advertising claim promising a specific outcome ('fastest, glossiest bouncy blowout ever').","unlock the fastest, glossiest bouncy blowout ever"
