candidate_id,content,llm_label,supports_violation,precedent_id,canonical_ids,document_page,document_url,keep?
harv_0566,really are high quality,ad_copy,yes,prec.caag.cri_genetics_2024,health.unsubstantiated_health_claims|misleading.unsubstantiated_objective_claims,13,https://oag.ca.gov/system/files/attachments/press-docs/ECF%20NO%201%20FTC%20v%20CRI%20Genetics%20Complaint%20CDCal%2023cv9824.pdf,
harv_0568,unbiased product reviews for consumers looking to purchase anything related to the field of genetics,ad_copy,yes,prec.caag.cri_genetics_2024,health.unsubstantiated_health_claims|misleading.unsubstantiated_objective_claims,14,https://oag.ca.gov/system/files/attachments/press-docs/ECF%20NO%201%20FTC%20v%20CRI%20Genetics%20Complaint%20CDCal%2023cv9824.pdf,
harv_0570,Genetics Digest has a financial connection to the products sold via links on our website such as our top choice: CRI Genetics,ad_copy,no,prec.caag.cri_genetics_2024,health.unsubstantiated_health_claims|misleading.unsubstantiated_objective_claims,15,https://oag.ca.gov/system/files/attachments/press-docs/ECF%20NO%201%20FTC%20v%20CRI%20Genetics%20Complaint%20CDCal%2023cv9824.pdf,
harv_0573,examined nearly every test in the booming market,ad_copy,yes,prec.caag.cri_genetics_2024,health.unsubstantiated_health_claims|misleading.unsubstantiated_objective_claims,18,https://oag.ca.gov/system/files/attachments/press-docs/ECF%20NO%201%20FTC%20v%20CRI%20Genetics%20Complaint%20CDCal%2023cv9824.pdf,
harv_0574,sort out the great ones from the cheap knockoffs,ad_copy,yes,prec.caag.cri_genetics_2024,health.unsubstantiated_health_claims|misleading.unsubstantiated_objective_claims,18,https://oag.ca.gov/system/files/attachments/press-docs/ECF%20NO%201%20FTC%20v%20CRI%20Genetics%20Complaint%20CDCal%2023cv9824.pdf,
harv_0575,Overall Rating: Excellent,ad_copy,yes,prec.caag.cri_genetics_2024,health.unsubstantiated_health_claims|misleading.unsubstantiated_objective_claims,19,https://oag.ca.gov/system/files/attachments/press-docs/ECF%20NO%201%20FTC%20v%20CRI%20Genetics%20Complaint%20CDCal%2023cv9824.pdf,
harv_0576,lost in the market,ad_copy,yes,prec.caag.cri_genetics_2024,health.unsubstantiated_health_claims|misleading.unsubstantiated_objective_claims,20,https://oag.ca.gov/system/files/attachments/press-docs/ECF%20NO%201%20FTC%20v%20CRI%20Genetics%20Complaint%20CDCal%2023cv9824.pdf,
harv_0577,sampled DNA tests from 12 different companies,ad_copy,yes,prec.caag.cri_genetics_2024,health.unsubstantiated_health_claims|misleading.unsubstantiated_objective_claims,20,https://oag.ca.gov/system/files/attachments/press-docs/ECF%20NO%201%20FTC%20v%20CRI%20Genetics%20Complaint%20CDCal%2023cv9824.pdf,
harv_0578,analyzed them to see which ones accomplish the benefits listed,ad_copy,yes,prec.caag.cri_genetics_2024,health.unsubstantiated_health_claims|misleading.unsubstantiated_objective_claims,20,https://oag.ca.gov/system/files/attachments/press-docs/ECF%20NO%201%20FTC%20v%20CRI%20Genetics%20Complaint%20CDCal%2023cv9824.pdf,
harv_0579,Patented DNA Analysis Technology,ad_copy,yes,prec.caag.cri_genetics_2024,health.unsubstantiated_health_claims|misleading.unsubstantiated_objective_claims,21,https://oag.ca.gov/system/files/attachments/press-docs/ECF%20NO%201%20FTC%20v%20CRI%20Genetics%20Complaint%20CDCal%2023cv9824.pdf,
harv_0580,"Thank You For Your Order! Your order has been successfully processed, you will receive an email with the details",ad_copy,yes,prec.caag.cri_genetics_2024,health.unsubstantiated_health_claims|misleading.unsubstantiated_objective_claims,26,https://oag.ca.gov/system/files/attachments/press-docs/ECF%20NO%201%20FTC%20v%20CRI%20Genetics%20Complaint%20CDCal%2023cv9824.pdf,
harv_0581,"button, but then explained that if consumers hit the",ad_copy,yes,prec.caag.cri_genetics_2024,health.unsubstantiated_health_claims|misleading.unsubstantiated_objective_claims,28,https://oag.ca.gov/system/files/attachments/press-docs/ECF%20NO%201%20FTC%20v%20CRI%20Genetics%20Complaint%20CDCal%2023cv9824.pdf,
harv_0582,Thank you for your order!,ad_copy,yes,prec.caag.cri_genetics_2024,health.unsubstantiated_health_claims|misleading.unsubstantiated_objective_claims,30,https://oag.ca.gov/system/files/attachments/press-docs/ECF%20NO%201%20FTC%20v%20CRI%20Genetics%20Complaint%20CDCal%2023cv9824.pdf,
harv_0563,Buy app reviews & boost your app ranking,ad_copy,yes,prec.caag.roomster_fake_reviews_2023,misleading.unsubstantiated_objective_claims|misleading.false_affiliation_or_endorsement,10,https://oag.ca.gov/system/files/attachments/press-docs/Roomster%20Complaint.pdf,
harv_0004,"No loans, no debt",ad_copy,yes,prec.cfpb.bloomtech_isa_2024,finance.misleading_or_unbalanced_claims|finance.credit_advertising_trigger_terms,15,https://files.consumerfinance.gov/f/documents/cfpb_bloomtech-inc-consent-order_2024-04.pdf,
harv_0005,designed to get you hired,ad_copy,yes,prec.cfpb.bloomtech_isa_2024,finance.misleading_or_unbalanced_claims|finance.credit_advertising_trigger_terms,16,https://files.consumerfinance.gov/f/documents/cfpb_bloomtech-inc-consent-order_2024-04.pdf,
harv_0006,experienced industry expert,ad_copy,yes,prec.cfpb.bloomtech_isa_2024,finance.misleading_or_unbalanced_claims|finance.credit_advertising_trigger_terms,16,https://files.consumerfinance.gov/f/documents/cfpb_bloomtech-inc-consent-order_2024-04.pdf,
harv_0008,top tech companies,ad_copy,yes,prec.cfpb.bloomtech_isa_2024,finance.misleading_or_unbalanced_claims|finance.credit_advertising_trigger_terms,17,https://files.consumerfinance.gov/f/documents/cfpb_bloomtech-inc-consent-order_2024-04.pdf,
harv_0009,Fortune 100 companies,ad_copy,yes,prec.cfpb.bloomtech_isa_2024,finance.misleading_or_unbalanced_claims|finance.credit_advertising_trigger_terms,17,https://files.consumerfinance.gov/f/documents/cfpb_bloomtech-inc-consent-order_2024-04.pdf,
harv_0010,We don’t get paid until you do,ad_copy,yes,prec.cfpb.bloomtech_isa_2024,finance.misleading_or_unbalanced_claims|finance.credit_advertising_trigger_terms,18,https://files.consumerfinance.gov/f/documents/cfpb_bloomtech-inc-consent-order_2024-04.pdf,
harv_0011,"Aligned Incentives . . . Because we invest in you, instead of the other way around, we only make money when you do",ad_copy,yes,prec.cfpb.bloomtech_isa_2024,finance.misleading_or_unbalanced_claims|finance.credit_advertising_trigger_terms,18,https://files.consumerfinance.gov/f/documents/cfpb_bloomtech-inc-consent-order_2024-04.pdf,
harv_0001,save money without thinking about it,ad_copy,yes,prec.cfpb.hello_digit_2022,finance.misleading_or_unbalanced_claims,5,https://files.consumerfinance.gov/f/documents/cfpb_hello-digit-llc_consent-order_2022-08.pdf,
harv_0015,no personal guaranty of collateral,ad_copy,yes,prec.fda.opioid_marketing_2020,health.disease_cure_treatment_claims|health.unsubstantiated_health_claims,4,https://www.ftc.gov/system/files/ftc_gov/pdf/rcg_opinion_order.pdf,
harv_0119,Get FREE Two-Day Delivery with Prime,ad_copy,yes,prec.ftc.amazon_prime_dark_patterns_2023,misleading.missing_or_inconsistent_material_info,31,https://www.ftc.gov/system/files/ftc_gov/pdf/amazon-rosca-public-redacted-complaint-to_be_filed.pdf,
harv_0120,Save $5.99 instantly on this order,ad_copy,yes,prec.ftc.amazon_prime_dark_patterns_2023,misleading.missing_or_inconsistent_material_info,31,https://www.ftc.gov/system/files/ftc_gov/pdf/amazon-rosca-public-redacted-complaint-to_be_filed.pdf,
harv_0121,Perks of Prime,ad_copy,no,prec.ftc.amazon_prime_dark_patterns_2023,misleading.missing_or_inconsistent_material_info,32,https://www.ftc.gov/system/files/ftc_gov/pdf/amazon-rosca-public-redacted-complaint-to_be_filed.pdf,
harv_0122,"Fast, FREE delivery on Prime eligible items",ad_copy,no,prec.ftc.amazon_prime_dark_patterns_2023,misleading.missing_or_inconsistent_material_info,32,https://www.ftc.gov/system/files/ftc_gov/pdf/amazon-rosca-public-redacted-complaint-to_be_filed.pdf,
harv_0123,"Prime Video – Enjoy award-winning Amazon Originals, movies and TV shows",ad_copy,no,prec.ftc.amazon_prime_dark_patterns_2023,misleading.missing_or_inconsistent_material_info,32,https://www.ftc.gov/system/files/ftc_gov/pdf/amazon-rosca-public-redacted-complaint-to_be_filed.pdf,
harv_0125,Place your Order,ad_copy,no,prec.ftc.amazon_prime_dark_patterns_2023,misleading.missing_or_inconsistent_material_info,35,https://www.ftc.gov/system/files/ftc_gov/pdf/amazon-rosca-public-redacted-complaint-to_be_filed.pdf,
harv_0126,"Watch now, cancel anytime. Start your 30-day free trial",ad_copy,no,prec.ftc.amazon_prime_dark_patterns_2023,misleading.missing_or_inconsistent_material_info,37,https://www.ftc.gov/system/files/ftc_gov/pdf/amazon-rosca-public-redacted-complaint-to_be_filed.pdf,
harv_0127,Confirm your details,ad_copy,no,prec.ftc.amazon_prime_dark_patterns_2023,misleading.missing_or_inconsistent_material_info,37,https://www.ftc.gov/system/files/ftc_gov/pdf/amazon-rosca-public-redacted-complaint-to_be_filed.pdf,
harv_0128,Prime. Enjoy unlimited streaming of thousands of movies and TV shows plus FREE Two-Day Delivery on millions of items. $14.99/month after trial,ad_copy,no,prec.ftc.amazon_prime_dark_patterns_2023,misleading.missing_or_inconsistent_material_info,37,https://www.ftc.gov/system/files/ftc_gov/pdf/amazon-rosca-public-redacted-complaint-to_be_filed.pdf,
harv_0129,Start your free trial,ad_copy,no,prec.ftc.amazon_prime_dark_patterns_2023,misleading.missing_or_inconsistent_material_info,39,https://www.ftc.gov/system/files/ftc_gov/pdf/amazon-rosca-public-redacted-complaint-to_be_filed.pdf,
harv_0130,Share your benefits,ad_copy,no,prec.ftc.amazon_prime_dark_patterns_2023,misleading.missing_or_inconsistent_material_info,44,https://www.ftc.gov/system/files/ftc_gov/pdf/amazon-rosca-public-redacted-complaint-to_be_filed.pdf,
harv_0131,Remind me before renewing,ad_copy,no,prec.ftc.amazon_prime_dark_patterns_2023,misleading.missing_or_inconsistent_material_info,44,https://www.ftc.gov/system/files/ftc_gov/pdf/amazon-rosca-public-redacted-complaint-to_be_filed.pdf,
harv_0132,End Your Amazon Prime Membership,ad_copy,yes,prec.ftc.amazon_prime_dark_patterns_2023,misleading.missing_or_inconsistent_material_info,45,https://www.ftc.gov/system/files/ftc_gov/pdf/amazon-rosca-public-redacted-complaint-to_be_filed.pdf,
harv_0133,End Your Prime Membership,ad_copy,yes,prec.ftc.amazon_prime_dark_patterns_2023,misleading.missing_or_inconsistent_material_info,45,https://www.ftc.gov/system/files/ftc_gov/pdf/amazon-rosca-public-redacted-complaint-to_be_filed.pdf,
harv_0134,How to cancel membership,ad_copy,no,prec.ftc.amazon_prime_dark_patterns_2023,misleading.missing_or_inconsistent_material_info,46,https://www.ftc.gov/system/files/ftc_gov/pdf/amazon-rosca-public-redacted-complaint-to_be_filed.pdf,
harv_0135,Start shopping today’s deals!,ad_copy,no,prec.ftc.amazon_prime_dark_patterns_2023,misleading.missing_or_inconsistent_material_info,46,https://www.ftc.gov/system/files/ftc_gov/pdf/amazon-rosca-public-redacted-complaint-to_be_filed.pdf,
harv_0136,Start listening now!,ad_copy,no,prec.ftc.amazon_prime_dark_patterns_2023,misleading.missing_or_inconsistent_material_info,47,https://www.ftc.gov/system/files/ftc_gov/pdf/amazon-rosca-public-redacted-complaint-to_be_filed.pdf,
harv_0137,Continue to Cancel,ad_copy,yes,prec.ftc.amazon_prime_dark_patterns_2023,misleading.missing_or_inconsistent_material_info,49,https://www.ftc.gov/system/files/ftc_gov/pdf/amazon-rosca-public-redacted-complaint-to_be_filed.pdf,
harv_0140,Sign up for Prime,ad_copy,yes,prec.ftc.amazon_prime_dark_patterns_2023,misleading.missing_or_inconsistent_material_info,15,https://www.ftc.gov/system/files/ftc_gov/pdf/2023-09-20-067-AmendedComplaint%28redacted%29.pdf,
harv_0141,FREE Same-Day Delivery with a free trial of Amazon Prime,ad_copy,yes,prec.ftc.amazon_prime_dark_patterns_2023,misleading.missing_or_inconsistent_material_info,19,https://www.ftc.gov/system/files/ftc_gov/pdf/2023-09-20-067-AmendedComplaint%28redacted%29.pdf,
harv_0142,Try Prime FREE for 30 days,ad_copy,yes,prec.ftc.amazon_prime_dark_patterns_2023,misleading.missing_or_inconsistent_material_info,20,https://www.ftc.gov/system/files/ftc_gov/pdf/2023-09-20-067-AmendedComplaint%28redacted%29.pdf,
harv_0143,Get FREE Prime Delivery with Prime,ad_copy,yes,prec.ftc.amazon_prime_dark_patterns_2023,misleading.missing_or_inconsistent_material_info,24,https://www.ftc.gov/system/files/ftc_gov/pdf/2023-09-20-067-AmendedComplaint%28redacted%29.pdf,
harv_0144,No hassle. No Commitments. Cancel Anytime,ad_copy,yes,prec.ftc.amazon_prime_dark_patterns_2023,misleading.missing_or_inconsistent_material_info,24,https://www.ftc.gov/system/files/ftc_gov/pdf/2023-09-20-067-AmendedComplaint%28redacted%29.pdf,
harv_0145,we’re giving you Prime FREE for 30 days!,ad_copy,yes,prec.ftc.amazon_prime_dark_patterns_2023,misleading.missing_or_inconsistent_material_info,24,https://www.ftc.gov/system/files/ftc_gov/pdf/2023-09-20-067-AmendedComplaint%28redacted%29.pdf,
harv_0146,Get your Prime eligible items for $5.99 FREE,ad_copy,yes,prec.ftc.amazon_prime_dark_patterns_2023,misleading.missing_or_inconsistent_material_info,24,https://www.ftc.gov/system/files/ftc_gov/pdf/2023-09-20-067-AmendedComplaint%28redacted%29.pdf,
harv_0147,Start your Prime FREE trial,ad_copy,yes,prec.ftc.amazon_prime_dark_patterns_2023,misleading.missing_or_inconsistent_material_info,30,https://www.ftc.gov/system/files/ftc_gov/pdf/2023-09-20-067-AmendedComplaint%28redacted%29.pdf,
harv_0148,"Don’t worry, cancel anytime",ad_copy,yes,prec.ftc.amazon_prime_dark_patterns_2023,misleading.missing_or_inconsistent_material_info,30,https://www.ftc.gov/system/files/ftc_gov/pdf/2023-09-20-067-AmendedComplaint%28redacted%29.pdf,
harv_0150,Included with Prime,ad_copy,no,prec.ftc.amazon_prime_dark_patterns_2023,misleading.missing_or_inconsistent_material_info,43,https://www.ftc.gov/system/files/ftc_gov/pdf/2023-09-20-067-AmendedComplaint%28redacted%29.pdf,
harv_0154,Get FREE two-day shipping,ad_copy,yes,prec.ftc.amazon_prime_dark_patterns_2023,misleading.missing_or_inconsistent_material_info,77,https://www.ftc.gov/system/files/ftc_gov/pdf/2023-09-20-067-AmendedComplaint%28redacted%29.pdf,
harv_0175,storefront that they can,ad_copy,yes,prec.ftc.amazon_prime_dark_patterns_2023,misleading.missing_or_inconsistent_material_info,38,https://www.ftc.gov/system/files/ftc_gov/pdf/2023-11-17-125-PublicFTCOppositiontoDs%27MotiontoDismiss_0.pdf,
harv_0176,Compl. ¶ 113. Consumers who click that button are told,ad_copy,yes,prec.ftc.amazon_prime_dark_patterns_2023,misleading.missing_or_inconsistent_material_info,38,https://www.ftc.gov/system/files/ftc_gov/pdf/2023-11-17-125-PublicFTCOppositiontoDs%27MotiontoDismiss_0.pdf,
harv_0177,You can end your Prime membership by selecting the End Membership button on this page,ad_copy,yes,prec.ftc.amazon_prime_dark_patterns_2023,misleading.missing_or_inconsistent_material_info,41,https://www.ftc.gov/system/files/ftc_gov/pdf/2023-11-17-125-PublicFTCOppositiontoDs%27MotiontoDismiss_0.pdf,
harv_0178,start watching videos by clicking here!,ad_copy,yes,prec.ftc.amazon_prime_dark_patterns_2023,misleading.missing_or_inconsistent_material_info,42,https://www.ftc.gov/system/files/ftc_gov/pdf/2023-11-17-125-PublicFTCOppositiontoDs%27MotiontoDismiss_0.pdf,
harv_0183,"expedited ‘free’ delivery of merchandise from Amazon’s vast online marketplace, streaming content, and grocery delivery",ad_copy,no,prec.ftc.amazon_prime_dark_patterns_2023,misleading.missing_or_inconsistent_material_info,3,https://www.ftc.gov/system/files/ftc_gov/pdf/2024-05-28-ECF165-OrderDenyingDefendants%27MotionstoDismiss.pdf,
harv_0226,"Chegg takes commercially reasonable security measures to protect the Personal Information submitted to us, both during transmission and once we receive it",ad_copy,yes,prec.ftc.chegg_data_security_2023,privacy.data_collection_disclosure_required,5,https://www.ftc.gov/system/files/ftc_gov/pdf/2023151-Chegg-Complaint.pdf,
harv_0060,Congrats! ... You’re pre-approved for an American Express Card,ad_copy,yes,prec.ftc.credit_karma_preapproved_2023,finance.misleading_or_unbalanced_claims|misleading.unsubstantiated_objective_claims,2,https://www.ftc.gov/system/files/ftc_gov/pdf/CK%20Complaint%209-1-22%20%28Redacted%29.pdf,
harv_0061,You’re pre-approved for this Amex Card,ad_copy,yes,prec.ftc.credit_karma_preapproved_2023,finance.misleading_or_unbalanced_claims|misleading.unsubstantiated_objective_claims,2,https://www.ftc.gov/system/files/ftc_gov/pdf/CK%20Complaint%209-1-22%20%28Redacted%29.pdf,
harv_0099,Count on DeVry for Career Success,ad_copy,yes,prec.ftc.devry_education_claims_2016,misleading.exaggerated_results|misleading.unsubstantiated_objective_claims,12,https://www.ftc.gov/system/files/documents/cases/160127devrycmpt.pdf,
harv_0100,Career Coaching for a Career in Technology,ad_copy,no,prec.ftc.devry_education_claims_2016,misleading.exaggerated_results|misleading.unsubstantiated_objective_claims,15,https://www.ftc.gov/system/files/documents/cases/160127devrycmpt.pdf,
harv_0101,Why Should I Invest in an Education,ad_copy,no,prec.ftc.devry_education_claims_2016,misleading.exaggerated_results|misleading.unsubstantiated_objective_claims,16,https://www.ftc.gov/system/files/documents/cases/160127devrycmpt.pdf,
harv_0201,Apps and Websites,ad_copy,no,prec.ftc.facebook_privacy_2019,privacy.opt_out_of_sale_or_sharing_for_targeted_ads,23,https://www.ftc.gov/system/files/documents/cases/182_3109_facebook_complaint_filed_7-24-19.pdf,
harv_0202,review and edit the privacy of key pieces of information,ad_copy,yes,prec.ftc.facebook_privacy_2019,privacy.opt_out_of_sale_or_sharing_for_targeted_ads,31,https://www.ftc.gov/system/files/documents/cases/182_3109_facebook_complaint_filed_7-24-19.pdf,
harv_0204,Add A New Phone Number,ad_copy,no,prec.ftc.facebook_privacy_2019,privacy.opt_out_of_sale_or_sharing_for_targeted_ads,38,https://www.ftc.gov/system/files/documents/cases/182_3109_facebook_complaint_filed_7-24-19.pdf,
harv_0205,Why am I being asked to add my mobile phone number to my account?,ad_copy,no,prec.ftc.facebook_privacy_2019,privacy.opt_out_of_sale_or_sharing_for_targeted_ads,39,https://www.ftc.gov/system/files/documents/cases/182_3109_facebook_complaint_filed_7-24-19.pdf,
harv_0207,control who can see,ad_copy,yes,prec.ftc.facebook_privacy_2019,privacy.opt_out_of_sale_or_sharing_for_targeted_ads,6,https://www.ftc.gov/sites/default/files/documents/cases/2011/11/111129facebookcmpt.pdf,
harv_0208,Friends of Friends,ad_copy,no,prec.ftc.facebook_privacy_2019,privacy.opt_out_of_sale_or_sharing_for_targeted_ads,6,https://www.ftc.gov/sites/default/files/documents/cases/2011/11/111129facebookcmpt.pdf,
harv_0209,Friends’ App Settings,ad_copy,no,prec.ftc.facebook_privacy_2019,privacy.opt_out_of_sale_or_sharing_for_targeted_ads,6,https://www.ftc.gov/sites/default/files/documents/cases/2011/11/111129facebookcmpt.pdf,
harv_0210,Responding to Your Feedback,ad_copy,yes,prec.ftc.facebook_privacy_2019,privacy.opt_out_of_sale_or_sharing_for_targeted_ads,12,https://www.ftc.gov/sites/default/files/documents/cases/2011/11/111129facebookcmpt.pdf,
harv_0211,Facebook Expands Power of Platform Across the Web and Around the World,ad_copy,yes,prec.ftc.facebook_privacy_2019,privacy.opt_out_of_sale_or_sharing_for_targeted_ads,15,https://www.ftc.gov/sites/default/files/documents/cases/2011/11/111129facebookcmpt.pdf,
harv_0213,HeyDoctor by GoodRx,ad_copy,no,prec.ftc.goodrx_health_data_2023,health.health_privacy_sensitive_attributes|privacy.sensitive_attribute_targeting_prohibited,2,https://www.ftc.gov/system/files/ftc_gov/pdf/goodrx_complaint_for_permanent_injunction_civil_penalties_and_other_relief.pdf,
harv_0514,Advanced Video Manager Options,ad_copy,no,prec.ftc.google_youtube_coppa_2019,minors.parental_consent_for_childrens_data|minors.child_directed_content_ad_restrictions,7,https://www.ftc.gov/system/files/documents/cases/youtube_complaint.pdf,
harv_0515,Insights on Families Online,ad_copy,yes,prec.ftc.google_youtube_coppa_2019,minors.parental_consent_for_childrens_data|minors.child_directed_content_ad_restrictions,8,https://www.ftc.gov/system/files/documents/cases/youtube_complaint.pdf,
harv_0516,YouTube is today’s leader in reaching children age 6-11 against top TV channels,ad_copy,yes,prec.ftc.google_youtube_coppa_2019,minors.parental_consent_for_childrens_data|minors.child_directed_content_ad_restrictions,8,https://www.ftc.gov/system/files/documents/cases/youtube_complaint.pdf,
harv_0517,YouTube was unanimously voted as the favorite website for kids 2-12,ad_copy,yes,prec.ftc.google_youtube_coppa_2019,minors.parental_consent_for_childrens_data|minors.child_directed_content_ad_restrictions,8,https://www.ftc.gov/system/files/documents/cases/youtube_complaint.pdf,
harv_0518,favorite website for kids 2-12,ad_copy,yes,prec.ftc.google_youtube_coppa_2019,minors.parental_consent_for_childrens_data|minors.child_directed_content_ad_restrictions,8,https://www.ftc.gov/system/files/documents/cases/youtube_complaint.pdf,
harv_0520,Made for Kids,ad_copy,no,prec.ftc.google_youtube_coppa_2019,minors.parental_consent_for_childrens_data|minors.child_directed_content_ad_restrictions,9,https://www.ftc.gov/system/files/documents/cases/youtube_complaint.pdf,
harv_0522,Meet the Junior Rainbow Princesses,ad_copy,yes,prec.ftc.google_youtube_coppa_2019,minors.parental_consent_for_childrens_data|minors.child_directed_content_ad_restrictions,10,https://www.ftc.gov/system/files/documents/cases/youtube_complaint.pdf,
harv_0525,how to train your dragon,ad_copy,yes,prec.ftc.google_youtube_coppa_2019,minors.parental_consent_for_childrens_data|minors.child_directed_content_ad_restrictions,11,https://www.ftc.gov/system/files/documents/cases/youtube_complaint.pdf,
harv_0529,Annie’s Hair is Purple?!,ad_copy,yes,prec.ftc.google_youtube_coppa_2019,minors.parental_consent_for_childrens_data|minors.child_directed_content_ad_restrictions,12,https://www.ftc.gov/system/files/documents/cases/youtube_complaint.pdf,
harv_0530,Giant Rainbow Castle! Barbie Princess + Fairy Tea Party – Toy Video,ad_copy,yes,prec.ftc.google_youtube_coppa_2019,minors.parental_consent_for_childrens_data|minors.child_directed_content_ad_restrictions,12,https://www.ftc.gov/system/files/documents/cases/youtube_complaint.pdf,
harv_0531,unique toy channel bursting with . . . family friendly videos inspired by sugary cute toys,ad_copy,yes,prec.ftc.google_youtube_coppa_2019,minors.parental_consent_for_childrens_data|minors.child_directed_content_ad_restrictions,13,https://www.ftc.gov/system/files/documents/cases/youtube_complaint.pdf,
harv_0532,family friendly parodies and skits for kids,ad_copy,yes,prec.ftc.google_youtube_coppa_2019,minors.parental_consent_for_childrens_data|minors.child_directed_content_ad_restrictions,13,https://www.ftc.gov/system/files/documents/cases/youtube_complaint.pdf,
harv_0536,Hickory Dickory Dock Rocks,ad_copy,yes,prec.ftc.google_youtube_coppa_2019,minors.parental_consent_for_childrens_data|minors.child_directed_content_ad_restrictions,14,https://www.ftc.gov/system/files/documents/cases/youtube_complaint.pdf,
harv_0368,take control of your . . . situation / financial future / life,ad_copy,yes,prec.ftc.herbalife_mlm_2016,finance.performance_claims_substantiation|misleading.unsubstantiated_objective_claims,14,https://www.ftc.gov/system/files/documents/cases/160715herbalifecmpt.pdf,
harv_0369,join the emerging megatrend of wellness,ad_copy,yes,prec.ftc.herbalife_mlm_2016,finance.performance_claims_substantiation|misleading.unsubstantiated_objective_claims,14,https://www.ftc.gov/system/files/documents/cases/160715herbalifecmpt.pdf,
harv_0370,allows you to earn Member discounts and profits instantly by retailing products,ad_copy,yes,prec.ftc.herbalife_mlm_2016,finance.performance_claims_substantiation|misleading.unsubstantiated_objective_claims,15,https://www.ftc.gov/system/files/documents/cases/160715herbalifecmpt.pdf,
harv_0371,has surpassed the GNP of all major European countries,ad_copy,yes,prec.ftc.herbalife_mlm_2016,finance.performance_claims_substantiation|misleading.unsubstantiated_objective_claims,15,https://www.ftc.gov/system/files/documents/cases/160715herbalifecmpt.pdf,
harv_0372,Sales & Marketing Plan and Business Rules,ad_copy,no,prec.ftc.herbalife_mlm_2016,finance.performance_claims_substantiation|misleading.unsubstantiated_objective_claims,17,https://www.ftc.gov/system/files/documents/cases/160715herbalifecmpt.pdf,
harv_0373,"use, wear, talk",ad_copy,no,prec.ftc.herbalife_mlm_2016,finance.performance_claims_substantiation|misleading.unsubstantiated_objective_claims,19,https://www.ftc.gov/system/files/documents/cases/160715herbalifecmpt.pdf,
harv_0423,Best part of doing taxes yourself? It’s free,ad_copy,yes,prec.ftc.hrblock_free_filing_2024,finance.misleading_or_unbalanced_claims|misleading.unsubstantiated_objective_claims,24,https://www.ftc.gov/system/files/ftc_gov/pdf/d09427_-_hr_block_consent_agreement_package_without_signatures.pdf,
harv_0424,Simple returns file free,ad_copy,yes,prec.ftc.hrblock_free_filing_2024,finance.misleading_or_unbalanced_claims|misleading.unsubstantiated_objective_claims,24,https://www.ftc.gov/system/files/ftc_gov/pdf/d09427_-_hr_block_consent_agreement_package_without_signatures.pdf,
harv_0425,Tech specs and supported forms,ad_copy,no,prec.ftc.hrblock_free_filing_2024,finance.misleading_or_unbalanced_claims|misleading.unsubstantiated_objective_claims,26,https://www.ftc.gov/system/files/ftc_gov/pdf/d09427_-_hr_block_consent_agreement_package_without_signatures.pdf,
harv_0426,Simple retum s,ad_copy,yes,prec.ftc.hrblock_free_filing_2024,finance.misleading_or_unbalanced_claims|misleading.unsubstantiated_objective_claims,29,https://www.ftc.gov/system/files/ftc_gov/pdf/d09427_-_hr_block_consent_agreement_package_without_signatures.pdf,
harv_0427,Simple retmn s,ad_copy,yes,prec.ftc.hrblock_free_filing_2024,finance.misleading_or_unbalanced_claims|misleading.unsubstantiated_objective_claims,29,https://www.ftc.gov/system/files/ftc_gov/pdf/d09427_-_hr_block_consent_agreement_package_without_signatures.pdf,
harv_0435,Place your order with peace of mind,ad_copy,yes,prec.ftc.instacart_deceptive_2025,misleading.missing_or_inconsistent_material_info|misleading.unsubstantiated_objective_claims,11,https://www.ftc.gov/system/files/ftc_gov/pdf/Instacart-Complaint.pdf,
harv_0436,Join Instacart+ for free delivery and more,ad_copy,yes,prec.ftc.instacart_deceptive_2025,misleading.missing_or_inconsistent_material_info|misleading.unsubstantiated_objective_claims,20,https://www.ftc.gov/system/files/ftc_gov/pdf/Instacart-Complaint.pdf,
harv_0437,can cancel any time,ad_copy,no,prec.ftc.instacart_deceptive_2025,misleading.missing_or_inconsistent_material_info|misleading.unsubstantiated_objective_claims,25,https://www.ftc.gov/system/files/ftc_gov/pdf/Instacart-Complaint.pdf,
harv_0438,Manage your membership,ad_copy,no,prec.ftc.instacart_deceptive_2025,misleading.missing_or_inconsistent_material_info|misleading.unsubstantiated_objective_claims,26,https://www.ftc.gov/system/files/ftc_gov/pdf/Instacart-Complaint.pdf,
harv_0228,"free, free, free",ad_copy,yes,prec.ftc.intuit_turbotax_free_2022,finance.misleading_or_unbalanced_claims|misleading.unsubstantiated_objective_claims,17,https://www.ftc.gov/system/files/ftc_gov/pdf/intuit_initial_decision_public_redacted_1.pdf,
harv_0229,simple tax returns,ad_copy,no,prec.ftc.intuit_turbotax_free_2022,finance.misleading_or_unbalanced_claims|misleading.unsubstantiated_objective_claims,18,https://www.ftc.gov/system/files/ftc_gov/pdf/intuit_initial_decision_public_redacted_1.pdf,
harv_0230,simple U.S. returns only,ad_copy,no,prec.ftc.intuit_turbotax_free_2022,finance.misleading_or_unbalanced_claims|misleading.unsubstantiated_objective_claims,18,https://www.ftc.gov/system/files/ftc_gov/pdf/intuit_initial_decision_public_redacted_1.pdf,
harv_0232,see if you qualify,ad_copy,no,prec.ftc.intuit_turbotax_free_2022,finance.misleading_or_unbalanced_claims|misleading.unsubstantiated_objective_claims,18,https://www.ftc.gov/system/files/ftc_gov/pdf/intuit_initial_decision_public_redacted_1.pdf,
harv_0233,Never a Sellout,ad_copy,yes,prec.ftc.intuit_turbotax_free_2022,finance.misleading_or_unbalanced_claims|misleading.unsubstantiated_objective_claims,21,https://www.ftc.gov/system/files/ftc_gov/pdf/intuit_initial_decision_public_redacted_1.pdf,
harv_0234,"Hey, at least your taxes are free. . . . With TurboTax AbsoluteZero, at least your taxes are free",ad_copy,yes,prec.ftc.intuit_turbotax_free_2022,finance.misleading_or_unbalanced_claims|misleading.unsubstantiated_objective_claims,25,https://www.ftc.gov/system/files/ftc_gov/pdf/intuit_initial_decision_public_redacted_1.pdf,
harv_0235,Movie Credits 30-second,ad_copy,yes,prec.ftc.intuit_turbotax_free_2022,finance.misleading_or_unbalanced_claims|misleading.unsubstantiated_objective_claims,30,https://www.ftc.gov/system/files/ftc_gov/pdf/intuit_initial_decision_public_redacted_1.pdf,
harv_0237,Movie Credits Version 2,ad_copy,yes,prec.ftc.intuit_turbotax_free_2022,finance.misleading_or_unbalanced_claims|misleading.unsubstantiated_objective_claims,32,https://www.ftc.gov/system/files/ftc_gov/pdf/intuit_initial_decision_public_redacted_1.pdf,
harv_0238,Movie Credits 15-second,ad_copy,yes,prec.ftc.intuit_turbotax_free_2022,finance.misleading_or_unbalanced_claims|misleading.unsubstantiated_objective_claims,33,https://www.ftc.gov/system/files/ftc_gov/pdf/intuit_initial_decision_public_redacted_1.pdf,
harv_0239,Movie Credits 15-second Version 2,ad_copy,yes,prec.ftc.intuit_turbotax_free_2022,finance.misleading_or_unbalanced_claims|misleading.unsubstantiated_objective_claims,33,https://www.ftc.gov/system/files/ftc_gov/pdf/intuit_initial_decision_public_redacted_1.pdf,
harv_0240,Game Show 30-second,ad_copy,yes,prec.ftc.intuit_turbotax_free_2022,finance.misleading_or_unbalanced_claims|misleading.unsubstantiated_objective_claims,34,https://www.ftc.gov/system/files/ftc_gov/pdf/intuit_initial_decision_public_redacted_1.pdf,
harv_0241,"That’s right, TurboTax free is free. Free, free free free",ad_copy,yes,prec.ftc.intuit_turbotax_free_2022,finance.misleading_or_unbalanced_claims|misleading.unsubstantiated_objective_claims,35,https://www.ftc.gov/system/files/ftc_gov/pdf/intuit_initial_decision_public_redacted_1.pdf,
harv_0244,"Free, free free free",ad_copy,yes,prec.ftc.intuit_turbotax_free_2022,finance.misleading_or_unbalanced_claims|misleading.unsubstantiated_objective_claims,41,https://www.ftc.gov/system/files/ftc_gov/pdf/intuit_initial_decision_public_redacted_1.pdf,
harv_0246,"That’s right, TurboTax Free is free",ad_copy,yes,prec.ftc.intuit_turbotax_free_2022,finance.misleading_or_unbalanced_claims|misleading.unsubstantiated_objective_claims,41,https://www.ftc.gov/system/files/ftc_gov/pdf/intuit_initial_decision_public_redacted_1.pdf,
harv_0256,"That’s right, TurboTax Free Edition is free. Free, free free free",ad_copy,yes,prec.ftc.intuit_turbotax_free_2022,finance.misleading_or_unbalanced_claims|misleading.unsubstantiated_objective_claims,57,https://www.ftc.gov/system/files/ftc_gov/pdf/intuit_initial_decision_public_redacted_1.pdf,
harv_0257,TurboTax Free Edition is for simple U.S. returns only. See if you qualify at turbotax.com. Offer subject to change,ad_copy,no,prec.ftc.intuit_turbotax_free_2022,finance.misleading_or_unbalanced_claims|misleading.unsubstantiated_objective_claims,57,https://www.ftc.gov/system/files/ftc_gov/pdf/intuit_initial_decision_public_redacted_1.pdf,
harv_0258,simple tax returns only,ad_copy,no,prec.ftc.intuit_turbotax_free_2022,finance.misleading_or_unbalanced_claims|misleading.unsubstantiated_objective_claims,58,https://www.ftc.gov/system/files/ftc_gov/pdf/intuit_initial_decision_public_redacted_1.pdf,
harv_0259,simple returns only,ad_copy,no,prec.ftc.intuit_turbotax_free_2022,finance.misleading_or_unbalanced_claims|misleading.unsubstantiated_objective_claims,58,https://www.ftc.gov/system/files/ftc_gov/pdf/intuit_initial_decision_public_redacted_1.pdf,
harv_0260,File your taxes FREE,ad_copy,yes,prec.ftc.intuit_turbotax_free_2022,finance.misleading_or_unbalanced_claims|misleading.unsubstantiated_objective_claims,75,https://www.ftc.gov/system/files/ftc_gov/pdf/intuit_initial_decision_public_redacted_1.pdf,
harv_0261,"Plus, get a FREE final expert review",ad_copy,yes,prec.ftc.intuit_turbotax_free_2022,finance.misleading_or_unbalanced_claims|misleading.unsubstantiated_objective_claims,75,https://www.ftc.gov/system/files/ftc_gov/pdf/intuit_initial_decision_public_redacted_1.pdf,
harv_0262,Simple tax returns only. File your federal and state taxes for free. Guaranteed,ad_copy,yes,prec.ftc.intuit_turbotax_free_2022,finance.misleading_or_unbalanced_claims|misleading.unsubstantiated_objective_claims,78,https://www.ftc.gov/system/files/ftc_gov/pdf/intuit_initial_decision_public_redacted_1.pdf,
harv_0263,File your federal and state taxes for zero dollars,ad_copy,yes,prec.ftc.intuit_turbotax_free_2022,finance.misleading_or_unbalanced_claims|misleading.unsubstantiated_objective_claims,78,https://www.ftc.gov/system/files/ftc_gov/pdf/intuit_initial_decision_public_redacted_1.pdf,
harv_0264,File your federal and state taxes for free,ad_copy,yes,prec.ftc.intuit_turbotax_free_2022,finance.misleading_or_unbalanced_claims|misleading.unsubstantiated_objective_claims,78,https://www.ftc.gov/system/files/ftc_gov/pdf/intuit_initial_decision_public_redacted_1.pdf,
harv_0265,"File your taxes free, your way. Do it yourself free. Get unlimited advice from tax experts free or have an expert do it all for you 100% free only from turbo tax. Simple tax returns only. Must file by February 15th",ad_copy,yes,prec.ftc.intuit_turbotax_free_2022,finance.misleading_or_unbalanced_claims|misleading.unsubstantiated_objective_claims,86,https://www.ftc.gov/system/files/ftc_gov/pdf/intuit_initial_decision_public_redacted_1.pdf,
harv_0266,"Now file your taxes free your way. Do it yourself, file with unlimited help, or have an expert do it all for you. Pay zero to file only from Turbo Tax. Simple tax returns only. Must file by February 15th",ad_copy,yes,prec.ftc.intuit_turbotax_free_2022,finance.misleading_or_unbalanced_claims|misleading.unsubstantiated_objective_claims,86,https://www.ftc.gov/system/files/ftc_gov/pdf/intuit_initial_decision_public_redacted_1.pdf,
harv_0267,File your taxes free your way. Do it yourself free. Get unlimited advice from tax experts free or have an expert do it all for you. 100% free. Only from Turbo Tax. Simple tax returns only. Must file by March 31st,ad_copy,yes,prec.ftc.intuit_turbotax_free_2022,finance.misleading_or_unbalanced_claims|misleading.unsubstantiated_objective_claims,87,https://www.ftc.gov/system/files/ftc_gov/pdf/intuit_initial_decision_public_redacted_1.pdf,
harv_0268,"That’s right. turbo tax free edition is free. Free, free, free, free",ad_copy,yes,prec.ftc.intuit_turbotax_free_2022,finance.misleading_or_unbalanced_claims|misleading.unsubstantiated_objective_claims,89,https://www.ftc.gov/system/files/ftc_gov/pdf/intuit_initial_decision_public_redacted_1.pdf,
harv_0271,start the transfer and get your guaranteed biggest refund fast and FREE!,ad_copy,yes,prec.ftc.intuit_turbotax_free_2022,finance.misleading_or_unbalanced_claims|misleading.unsubstantiated_objective_claims,102,https://www.ftc.gov/system/files/ftc_gov/pdf/intuit_initial_decision_public_redacted_1.pdf,
harv_0272,File Free Today!,ad_copy,yes,prec.ftc.intuit_turbotax_free_2022,finance.misleading_or_unbalanced_claims|misleading.unsubstantiated_objective_claims,102,https://www.ftc.gov/system/files/ftc_gov/pdf/intuit_initial_decision_public_redacted_1.pdf,
harv_0273,"Forms 1040EZ/1040A, limited time only",ad_copy,no,prec.ftc.intuit_turbotax_free_2022,finance.misleading_or_unbalanced_claims|misleading.unsubstantiated_objective_claims,102,https://www.ftc.gov/system/files/ftc_gov/pdf/intuit_initial_decision_public_redacted_1.pdf,
harv_0274,FREE guaranteed - $0 Fed $0 State $0 To File,ad_copy,yes,prec.ftc.intuit_turbotax_free_2022,finance.misleading_or_unbalanced_claims|misleading.unsubstantiated_objective_claims,102,https://www.ftc.gov/system/files/ftc_gov/pdf/intuit_initial_decision_public_redacted_1.pdf,
harv_0275,FREE guaranteed $0 Fed $0 State $0 To File,ad_copy,yes,prec.ftc.intuit_turbotax_free_2022,finance.misleading_or_unbalanced_claims|misleading.unsubstantiated_objective_claims,102,https://www.ftc.gov/system/files/ftc_gov/pdf/intuit_initial_decision_public_redacted_1.pdf,
harv_0276,"File your simple tax returns for FREE Free, free free free FREE! You have everything you need to finish and file for free, free, free and yes __FREE!",ad_copy,yes,prec.ftc.intuit_turbotax_free_2022,finance.misleading_or_unbalanced_claims|misleading.unsubstantiated_objective_claims,102,https://www.ftc.gov/system/files/ftc_gov/pdf/intuit_initial_decision_public_redacted_1.pdf,
harv_0277,"click here to see TurboTax product guarantees, disclaimers and other important information",ad_copy,no,prec.ftc.intuit_turbotax_free_2022,finance.misleading_or_unbalanced_claims|misleading.unsubstantiated_objective_claims,103,https://www.ftc.gov/system/files/ftc_gov/pdf/intuit_initial_decision_public_redacted_1.pdf,
harv_0278,Get your biggest refund absolutely free,ad_copy,yes,prec.ftc.intuit_turbotax_free_2022,finance.misleading_or_unbalanced_claims|misleading.unsubstantiated_objective_claims,103,https://www.ftc.gov/system/files/ftc_gov/pdf/intuit_initial_decision_public_redacted_1.pdf,
harv_0279,Join the millions who file for $0,ad_copy,yes,prec.ftc.intuit_turbotax_free_2022,finance.misleading_or_unbalanced_claims|misleading.unsubstantiated_objective_claims,103,https://www.ftc.gov/system/files/ftc_gov/pdf/intuit_initial_decision_public_redacted_1.pdf,
harv_0280,free file taxes ONLINE,ad_copy,no,prec.ftc.intuit_turbotax_free_2022,finance.misleading_or_unbalanced_claims|misleading.unsubstantiated_objective_claims,105,https://www.ftc.gov/system/files/ftc_gov/pdf/intuit_initial_decision_public_redacted_1.pdf,
harv_0281,IRS taxes for free,ad_copy,yes,prec.ftc.intuit_turbotax_free_2022,finance.misleading_or_unbalanced_claims|misleading.unsubstantiated_objective_claims,106,https://www.ftc.gov/system/files/ftc_gov/pdf/intuit_initial_decision_public_redacted_1.pdf,
harv_0282,free tax filing,ad_copy,yes,prec.ftc.intuit_turbotax_free_2022,finance.misleading_or_unbalanced_claims|misleading.unsubstantiated_objective_claims,110,https://www.ftc.gov/system/files/ftc_gov/pdf/intuit_initial_decision_public_redacted_1.pdf,
harv_0285,See why it’s free,ad_copy,no,prec.ftc.intuit_turbotax_free_2022,finance.misleading_or_unbalanced_claims|misleading.unsubstantiated_objective_claims,115,https://www.ftc.gov/system/files/ftc_gov/pdf/intuit_initial_decision_public_redacted_1.pdf,
harv_0289,Allows me to file my taxes for free,ad_copy,yes,prec.ftc.intuit_turbotax_free_2022,finance.misleading_or_unbalanced_claims|misleading.unsubstantiated_objective_claims,137,https://www.ftc.gov/system/files/ftc_gov/pdf/intuit_initial_decision_public_redacted_1.pdf,
harv_0295,free free free,ad_copy,yes,prec.ftc.intuit_turbotax_free_2022,finance.misleading_or_unbalanced_claims|misleading.unsubstantiated_objective_claims,140,https://www.ftc.gov/system/files/ftc_gov/pdf/intuit_initial_decision_public_redacted_1.pdf,
harv_0312,see if you qualify at turbotax.com,ad_copy,no,prec.ftc.intuit_turbotax_free_2022,finance.misleading_or_unbalanced_claims|misleading.unsubstantiated_objective_claims,148,https://www.ftc.gov/system/files/ftc_gov/pdf/intuit_initial_decision_public_redacted_1.pdf,
harv_0313,Simple returns only. See if you qualify at turbotax.com,ad_copy,no,prec.ftc.intuit_turbotax_free_2022,finance.misleading_or_unbalanced_claims|misleading.unsubstantiated_objective_claims,148,https://www.ftc.gov/system/files/ftc_gov/pdf/intuit_initial_decision_public_redacted_1.pdf,
harv_0314,File A Simple Return For Free,ad_copy,no,prec.ftc.intuit_turbotax_free_2022,finance.misleading_or_unbalanced_claims|misleading.unsubstantiated_objective_claims,148,https://www.ftc.gov/system/files/ftc_gov/pdf/intuit_initial_decision_public_redacted_1.pdf,
harv_0319,See if you qualify today,ad_copy,no,prec.ftc.intuit_turbotax_free_2022,finance.misleading_or_unbalanced_claims|misleading.unsubstantiated_objective_claims,151,https://www.ftc.gov/system/files/ftc_gov/pdf/intuit_initial_decision_public_redacted_1.pdf,
harv_0321,How does TurboTax make money?,ad_copy,no,prec.ftc.intuit_turbotax_free_2022,finance.misleading_or_unbalanced_claims|misleading.unsubstantiated_objective_claims,154,https://www.ftc.gov/system/files/ftc_gov/pdf/intuit_initial_decision_public_redacted_1.pdf,
harv_0331,TurboTax Federal Free Edition is for simple US returns only. Offer may end without notice. See offer details at TurboTax.com,ad_copy,no,prec.ftc.intuit_turbotax_free_2022,finance.misleading_or_unbalanced_claims|misleading.unsubstantiated_objective_claims,170,https://www.ftc.gov/system/files/ftc_gov/pdf/intuit_initial_decision_public_redacted_1.pdf,
harv_0336,That’s right. TurboTax Free Edition is free,ad_copy,yes,prec.ftc.intuit_turbotax_free_2022,finance.misleading_or_unbalanced_claims|misleading.unsubstantiated_objective_claims,172,https://www.ftc.gov/system/files/ftc_gov/pdf/intuit_initial_decision_public_redacted_1.pdf,
harv_0337,See details at TurboTax.com,ad_copy,no,prec.ftc.intuit_turbotax_free_2022,finance.misleading_or_unbalanced_claims|misleading.unsubstantiated_objective_claims,172,https://www.ftc.gov/system/files/ftc_gov/pdf/intuit_initial_decision_public_redacted_1.pdf,
harv_0338,you can file on TurboTax for absolutely nothing,ad_copy,yes,prec.ftc.intuit_turbotax_free_2022,finance.misleading_or_unbalanced_claims|misleading.unsubstantiated_objective_claims,174,https://www.ftc.gov/system/files/ftc_gov/pdf/intuit_initial_decision_public_redacted_1.pdf,
harv_0341,file for free,ad_copy,yes,prec.ftc.intuit_turbotax_free_2022,finance.misleading_or_unbalanced_claims|misleading.unsubstantiated_objective_claims,176,https://www.ftc.gov/system/files/ftc_gov/pdf/intuit_initial_decision_public_redacted_1.pdf,
harv_0344,"Free, free, free, free",ad_copy,yes,prec.ftc.intuit_turbotax_free_2022,finance.misleading_or_unbalanced_claims|misleading.unsubstantiated_objective_claims,181,https://www.ftc.gov/system/files/ftc_gov/pdf/intuit_initial_decision_public_redacted_1.pdf,
harv_0345,"File your taxes free, your way. Do it yourself free. Get unlimited advice from tax experts free or have an expert do it all for you. 100% free. Only from TurboTax. Simple tax returns only. Must file by February 15th",ad_copy,yes,prec.ftc.intuit_turbotax_free_2022,finance.misleading_or_unbalanced_claims|misleading.unsubstantiated_objective_claims,184,https://www.ftc.gov/system/files/ftc_gov/pdf/intuit_initial_decision_public_redacted_1.pdf,
harv_0346,TurboTax® Official Site – 100% Free Online Tax Filing,ad_copy,yes,prec.ftc.intuit_turbotax_free_2022,finance.misleading_or_unbalanced_claims|misleading.unsubstantiated_objective_claims,189,https://www.ftc.gov/system/files/ftc_gov/pdf/intuit_initial_decision_public_redacted_1.pdf,
harv_0348,"TurboTax® Free Tax Filing – E-file Your Taxes For Free. . . . Fast, easy and 100% free",ad_copy,yes,prec.ftc.intuit_turbotax_free_2022,finance.misleading_or_unbalanced_claims|misleading.unsubstantiated_objective_claims,190,https://www.ftc.gov/system/files/ftc_gov/pdf/intuit_initial_decision_public_redacted_1.pdf,
harv_0358,BILL CREDIT/PROGRAMMING OFFER: IF BY THE END OF PROMOTIONAL PRICE PERIOD(S) CUSTOMER DOES NOT CONTACT DIRECTV TO CHANGE SERVICE THEN ALL SERVICES WILL AUTOMATICALLY CONTINUE AT THE THEN-PREVAILING RATES,ad_copy,no,prec.ftc.intuit_turbotax_free_2022,finance.misleading_or_unbalanced_claims|misleading.unsubstantiated_objective_claims,207,https://www.ftc.gov/system/files/ftc_gov/pdf/intuit_initial_decision_public_redacted_1.pdf,
harv_0364,products & pricing,ad_copy,no,prec.ftc.intuit_turbotax_free_2022,finance.misleading_or_unbalanced_claims|misleading.unsubstantiated_objective_claims,228,https://www.ftc.gov/system/files/ftc_gov/pdf/intuit_initial_decision_public_redacted_1.pdf,
harv_0020,Lumosity in the Classroom Can Positively Impact Students,ad_copy,yes,prec.ftc.lumosity_brain_training_2016,health.unsubstantiated_health_claims|misleading.unsubstantiated_objective_claims,14,https://www.ftc.gov/system/files/documents/cases/160105lumoslabscmpt.pdf,
harv_0021,Lumosity’s Athlete Testimonial Contest,ad_copy,no,prec.ftc.lumosity_brain_training_2016,health.unsubstantiated_health_claims|misleading.unsubstantiated_objective_claims,15,https://www.ftc.gov/system/files/documents/cases/160105lumoslabscmpt.pdf,
harv_0022,Lumosity helps me stay focused during the last mile of the race,ad_copy,yes,prec.ftc.lumosity_brain_training_2016,health.unsubstantiated_health_claims|misleading.unsubstantiated_objective_claims,15,https://www.ftc.gov/system/files/documents/cases/160105lumoslabscmpt.pdf,
harv_0023,How Brain Training Can Improve Your Athletic Game,ad_copy,yes,prec.ftc.lumosity_brain_training_2016,health.unsubstantiated_health_claims|misleading.unsubstantiated_objective_claims,15,https://www.ftc.gov/system/files/documents/cases/160105lumoslabscmpt.pdf,
harv_0024,"Improve Your Job Performance, Attitude, and Ratings",ad_copy,yes,prec.ftc.lumosity_brain_training_2016,health.unsubstantiated_health_claims|misleading.unsubstantiated_objective_claims,16,https://www.ftc.gov/system/files/documents/cases/160105lumoslabscmpt.pdf,
harv_0025,Cognitive Reserve and the Effects of Aging,ad_copy,yes,prec.ftc.lumosity_brain_training_2016,health.unsubstantiated_health_claims|misleading.unsubstantiated_objective_claims,17,https://www.ftc.gov/system/files/documents/cases/160105lumoslabscmpt.pdf,
harv_0026,We Want To Hear Your Story!,ad_copy,no,prec.ftc.lumosity_brain_training_2016,health.unsubstantiated_health_claims|misleading.unsubstantiated_objective_claims,19,https://www.ftc.gov/system/files/documents/cases/160105lumoslabscmpt.pdf,
harv_0027,Cognitive Training Improves Executive Function in Breast Cancer Survivors,ad_copy,yes,prec.ftc.lumosity_brain_training_2016,health.unsubstantiated_health_claims|misleading.unsubstantiated_objective_claims,19,https://www.ftc.gov/system/files/documents/cases/160105lumoslabscmpt.pdf,
harv_0381,working with hundreds of different insurance carriers,ad_copy,yes,prec.ftc.mediaalpha_insurance_leads_2025,misleading.false_affiliation_or_endorsement|finance.misleading_or_unbalanced_claims,7,https://www.ftc.gov/system/files/ftc_gov/pdf/Assurance-Complaint.pdf,
harv_0382,Top Health Insurance Providers,ad_copy,yes,prec.ftc.mediaalpha_insurance_leads_2025,misleading.false_affiliation_or_endorsement|finance.misleading_or_unbalanced_claims,7,https://www.ftc.gov/system/files/ftc_gov/pdf/Assurance-Complaint.pdf,
harv_0383,national health enrollment center,ad_copy,yes,prec.ftc.mediaalpha_insurance_leads_2025,misleading.false_affiliation_or_endorsement|finance.misleading_or_unbalanced_claims,9,https://www.ftc.gov/system/files/ftc_gov/pdf/Assurance-Complaint.pdf,
harv_0384,discount would significantly lower consumers’ medical bills by,ad_copy,yes,prec.ftc.mediaalpha_insurance_leads_2025,misleading.false_affiliation_or_endorsement|finance.misleading_or_unbalanced_claims,10,https://www.ftc.gov/system/files/ftc_gov/pdf/Assurance-Complaint.pdf,
harv_0386,FREE HEALTH INSURANCE PLAN,ad_copy,yes,prec.ftc.mediaalpha_insurance_leads_2025,misleading.false_affiliation_or_endorsement|finance.misleading_or_unbalanced_claims,10,https://www.ftc.gov/system/files/ftc_gov/pdf/complaintforpermanentinjunctionmonetaryjudgmentandotherrelief.pdf,
harv_0387,Health Insurance Give Back Program,ad_copy,yes,prec.ftc.mediaalpha_insurance_leads_2025,misleading.false_affiliation_or_endorsement|finance.misleading_or_unbalanced_claims,11,https://www.ftc.gov/system/files/ftc_gov/pdf/complaintforpermanentinjunctionmonetaryjudgmentandotherrelief.pdf,
harv_0388,Trump Health Care Plan,ad_copy,yes,prec.ftc.mediaalpha_insurance_leads_2025,misleading.false_affiliation_or_endorsement|finance.misleading_or_unbalanced_claims,14,https://www.ftc.gov/system/files/ftc_gov/pdf/complaintforpermanentinjunctionmonetaryjudgmentandotherrelief.pdf,
harv_0389,millions of Americans … were able to qualify for a great health plan for $1/day,ad_copy,yes,prec.ftc.mediaalpha_insurance_leads_2025,misleading.false_affiliation_or_endorsement|finance.misleading_or_unbalanced_claims,14,https://www.ftc.gov/system/files/ftc_gov/pdf/complaintforpermanentinjunctionmonetaryjudgmentandotherrelief.pdf,
harv_0390,Quick and Easy Eligibility Process,ad_copy,yes,prec.ftc.mediaalpha_insurance_leads_2025,misleading.false_affiliation_or_endorsement|finance.misleading_or_unbalanced_claims,17,https://www.ftc.gov/system/files/ftc_gov/pdf/complaintforpermanentinjunctionmonetaryjudgmentandotherrelief.pdf,
harv_0391,Health Plans from $1,ad_copy,yes,prec.ftc.mediaalpha_insurance_leads_2025,misleading.false_affiliation_or_endorsement|finance.misleading_or_unbalanced_claims,17,https://www.ftc.gov/system/files/ftc_gov/pdf/complaintforpermanentinjunctionmonetaryjudgmentandotherrelief.pdf,
harv_0392,"Instantly Browse Prices, Plans, and Eligibility",ad_copy,yes,prec.ftc.mediaalpha_insurance_leads_2025,misleading.false_affiliation_or_endorsement|finance.misleading_or_unbalanced_claims,18,https://www.ftc.gov/system/files/ftc_gov/pdf/complaintforpermanentinjunctionmonetaryjudgmentandotherrelief.pdf,
harv_0393,Sign Up for 2023 Coverage Now,ad_copy,yes,prec.ftc.mediaalpha_insurance_leads_2025,misleading.false_affiliation_or_endorsement|finance.misleading_or_unbalanced_claims,19,https://www.ftc.gov/system/files/ftc_gov/pdf/complaintforpermanentinjunctionmonetaryjudgmentandotherrelief.pdf,
harv_0394,plans and prices,ad_copy,yes,prec.ftc.mediaalpha_insurance_leads_2025,misleading.false_affiliation_or_endorsement|finance.misleading_or_unbalanced_claims,20,https://www.ftc.gov/system/files/ftc_gov/pdf/complaintforpermanentinjunctionmonetaryjudgmentandotherrelief.pdf,
harv_0395,given the option to work with a health insurance agent,ad_copy,yes,prec.ftc.mediaalpha_insurance_leads_2025,misleading.false_affiliation_or_endorsement|finance.misleading_or_unbalanced_claims,21,https://www.ftc.gov/system/files/ftc_gov/pdf/complaintforpermanentinjunctionmonetaryjudgmentandotherrelief.pdf,
harv_0396,premium tax credit,ad_copy,yes,prec.ftc.mediaalpha_insurance_leads_2025,misleading.false_affiliation_or_endorsement|finance.misleading_or_unbalanced_claims,22,https://www.ftc.gov/system/files/ftc_gov/pdf/complaintforpermanentinjunctionmonetaryjudgmentandotherrelief.pdf,
harv_0401,I'm a licensed health insurance agent and benefits coordinator for the headquarters of the state of New Jersey,ad_copy,yes,prec.ftc.mediaalpha_insurance_leads_2025,misleading.false_affiliation_or_endorsement|finance.misleading_or_unbalanced_claims,34,https://www.ftc.gov/system/files/ftc_gov/pdf/complaintforpermanentinjunctionmonetaryjudgmentandotherrelief.pdf,
harv_0221,Send me promotional offers from Microsoft,ad_copy,no,prec.ftc.microsoft_xbox_coppa_2023,minors.parental_consent_for_childrens_data,5,https://www.ftc.gov/system/files/ftc_gov/pdf/microsoftcomplaintcivilpenalties.pdf,
harv_0222,Enhance my online experiences by letting Microsoft Advertising use my account information,ad_copy,no,prec.ftc.microsoft_xbox_coppa_2023,minors.parental_consent_for_childrens_data,5,https://www.ftc.gov/system/files/ftc_gov/pdf/microsoftcomplaintcivilpenalties.pdf,
harv_0410,NextMed offers new FDA approved weight-loss medications like Ozempic and Wegovy,ad_copy,yes,prec.ftc.nextmed_weight_loss_2025,health.unsubstantiated_health_claims|misleading.before_after_distortion,4,https://www.ftc.gov/system/files/ftc_gov/pdf/Complaint.NextMed.pdf,
harv_0411,"Personalized, Doctor-Backed Semaglutide",ad_copy,yes,prec.ftc.nextmed_weight_loss_2025,health.unsubstantiated_health_claims|misleading.before_after_distortion,8,https://www.ftc.gov/system/files/ftc_gov/pdf/Complaint.NextMed.pdf,
harv_0412,Our members lose over 53 lbs on average,ad_copy,yes,prec.ftc.nextmed_weight_loss_2025,health.unsubstantiated_health_claims|misleading.before_after_distortion,8,https://www.ftc.gov/system/files/ftc_gov/pdf/Complaint.NextMed.pdf,
harv_0413,expect to lose up to an average of 23% of body weight,ad_copy,yes,prec.ftc.nextmed_weight_loss_2025,health.unsubstantiated_health_claims|misleading.before_after_distortion,9,https://www.ftc.gov/system/files/ftc_gov/pdf/Complaint.NextMed.pdf,
harv_0414,can lose 53 pounds at 23% weight loss,ad_copy,yes,prec.ftc.nextmed_weight_loss_2025,health.unsubstantiated_health_claims|misleading.before_after_distortion,9,https://www.ftc.gov/system/files/ftc_gov/pdf/Complaint.NextMed.pdf,
harv_0416,Weight Loss Membership Agreement,ad_copy,no,prec.ftc.nextmed_weight_loss_2025,health.unsubstantiated_health_claims|misleading.before_after_distortion,16,https://www.ftc.gov/system/files/ftc_gov/pdf/Complaint.NextMed.pdf,
harv_0417,no diet or exercise,ad_copy,yes,prec.ftc.nextmed_weight_loss_2025,health.unsubstantiated_health_claims|misleading.before_after_distortion,19,https://www.ftc.gov/system/files/ftc_gov/pdf/Complaint.NextMed.pdf,
harv_0105,high impact factors,ad_copy,yes,prec.ftc.omics_deceptive_publishing_2019,misleading.missing_or_inconsistent_material_info,8,https://www.ftc.gov/system/files/documents/cases/de_121_-_omics_order_granting_summary_judgment.pdf,
harv_0108,Peer Review Journal List,ad_copy,yes,prec.ftc.omics_deceptive_publishing_2019,misleading.missing_or_inconsistent_material_info,22,https://www.ftc.gov/system/files/documents/cases/omics_de_86_-_ftc_motion_for_summary_judgment.pdf,
harv_0109,OMICS Peer Review Process,ad_copy,yes,prec.ftc.omics_deceptive_publishing_2019,misleading.missing_or_inconsistent_material_info,22,https://www.ftc.gov/system/files/documents/cases/omics_de_86_-_ftc_motion_for_summary_judgment.pdf,
harv_0110,iMedPub LTD Peer Reviewed Open Access Journals & Articles Publishing Company,ad_copy,yes,prec.ftc.omics_deceptive_publishing_2019,misleading.missing_or_inconsistent_material_info,22,https://www.ftc.gov/system/files/documents/cases/omics_de_86_-_ftc_motion_for_summary_judgment.pdf,
harv_0112,Only top scholars are appointed to Boards of Editors,ad_copy,yes,prec.ftc.omics_deceptive_publishing_2019,misleading.missing_or_inconsistent_material_info,27,https://www.ftc.gov/system/files/documents/cases/omics_de_86_-_ftc_motion_for_summary_judgment.pdf,
harv_0113,Instructions for Authors,ad_copy,no,prec.ftc.omics_deceptive_publishing_2019,misleading.missing_or_inconsistent_material_info,33,https://www.ftc.gov/system/files/documents/cases/omics_de_86_-_ftc_motion_for_summary_judgment.pdf,
harv_0439,our best estimate of full market value,ad_copy,yes,prec.ftc.opendoor_ibuying_2022,misleading.unsubstantiated_objective_claims|finance.misleading_or_unbalanced_claims,12,https://www.ftc.gov/system/files/ftc_gov/pdf/192_3191_-_opendoor_combined_package_public_redacted_not_signed.pdf,
harv_0440,Opendoor only makes a small amount on each sale,ad_copy,yes,prec.ftc.opendoor_ibuying_2022,misleading.unsubstantiated_objective_claims|finance.misleading_or_unbalanced_claims,13,https://www.ftc.gov/system/files/ftc_gov/pdf/192_3191_-_opendoor_combined_package_public_redacted_not_signed.pdf,
harv_0441,local real estate experts,ad_copy,yes,prec.ftc.opendoor_ibuying_2022,misleading.unsubstantiated_objective_claims|finance.misleading_or_unbalanced_claims,13,https://www.ftc.gov/system/files/ftc_gov/pdf/192_3191_-_opendoor_combined_package_public_redacted_not_signed.pdf,
harv_0442,competitive market price,ad_copy,yes,prec.ftc.opendoor_ibuying_2022,misleading.unsubstantiated_objective_claims|finance.misleading_or_unbalanced_claims,13,https://www.ftc.gov/system/files/ftc_gov/pdf/192_3191_-_opendoor_combined_package_public_redacted_not_signed.pdf,
harv_0443,You deserve nothing less than what your home is worth,ad_copy,yes,prec.ftc.opendoor_ibuying_2022,misleading.unsubstantiated_objective_claims|finance.misleading_or_unbalanced_claims,13,https://www.ftc.gov/system/files/ftc_gov/pdf/192_3191_-_opendoor_combined_package_public_redacted_not_signed.pdf,
harv_0444,amount we collect for providing a stress-free experience,ad_copy,yes,prec.ftc.opendoor_ibuying_2022,misleading.unsubstantiated_objective_claims|finance.misleading_or_unbalanced_claims,15,https://www.ftc.gov/system/files/ftc_gov/pdf/192_3191_-_opendoor_combined_package_public_redacted_not_signed.pdf,
harv_0445,How Opendoor calculates the value of your home,ad_copy,no,prec.ftc.opendoor_ibuying_2022,misleading.unsubstantiated_objective_claims|finance.misleading_or_unbalanced_claims,15,https://www.ftc.gov/system/files/ftc_gov/pdf/192_3191_-_opendoor_combined_package_public_redacted_not_signed.pdf,
harv_0446,low ball offers,ad_copy,yes,prec.ftc.opendoor_ibuying_2022,misleading.unsubstantiated_objective_claims|finance.misleading_or_unbalanced_claims,15,https://www.ftc.gov/system/files/ftc_gov/pdf/192_3191_-_opendoor_combined_package_public_redacted_not_signed.pdf,
harv_0447,we do our best to pass wholesale savings on to you from our partnerships with local vendors,ad_copy,yes,prec.ftc.opendoor_ibuying_2022,misleading.unsubstantiated_objective_claims|finance.misleading_or_unbalanced_claims,15,https://www.ftc.gov/system/files/ftc_gov/pdf/192_3191_-_opendoor_combined_package_public_redacted_not_signed.pdf,
harv_0448,"goal is not to make money from repairs—in fact, we pass any discounts from our vendors directly to you",ad_copy,yes,prec.ftc.opendoor_ibuying_2022,misleading.unsubstantiated_objective_claims|finance.misleading_or_unbalanced_claims,15,https://www.ftc.gov/system/files/ftc_gov/pdf/192_3191_-_opendoor_combined_package_public_redacted_not_signed.pdf,
harv_0449,home sale calculator,ad_copy,no,prec.ftc.opendoor_ibuying_2022,misleading.unsubstantiated_objective_claims|finance.misleading_or_unbalanced_claims,15,https://www.ftc.gov/system/files/ftc_gov/pdf/192_3191_-_opendoor_combined_package_public_redacted_not_signed.pdf,
harv_0450,"just finished analyzing your home’s market value, and we’re excited to make you an offer!",ad_copy,yes,prec.ftc.opendoor_ibuying_2022,misleading.unsubstantiated_objective_claims|finance.misleading_or_unbalanced_claims,16,https://www.ftc.gov/system/files/ftc_gov/pdf/192_3191_-_opendoor_combined_package_public_redacted_not_signed.pdf,
harv_0451,home overlap costs,ad_copy,yes,prec.ftc.opendoor_ibuying_2022,misleading.unsubstantiated_objective_claims|finance.misleading_or_unbalanced_claims,18,https://www.ftc.gov/system/files/ftc_gov/pdf/192_3191_-_opendoor_combined_package_public_redacted_not_signed.pdf,
harv_0452,does not necessarily represent the ‘market value’ of your home,ad_copy,no,prec.ftc.opendoor_ibuying_2022,misleading.unsubstantiated_objective_claims|finance.misleading_or_unbalanced_claims,19,https://www.ftc.gov/system/files/ftc_gov/pdf/192_3191_-_opendoor_combined_package_public_redacted_not_signed.pdf,
harv_0453,risks and holding costs of the home,ad_copy,yes,prec.ftc.opendoor_ibuying_2022,misleading.unsubstantiated_objective_claims|finance.misleading_or_unbalanced_claims,20,https://www.ftc.gov/system/files/ftc_gov/pdf/192_3191_-_opendoor_combined_package_public_redacted_not_signed.pdf,
harv_0454,staging and prep work,ad_copy,yes,prec.ftc.opendoor_ibuying_2022,misleading.unsubstantiated_objective_claims|finance.misleading_or_unbalanced_claims,23,https://www.ftc.gov/system/files/ftc_gov/pdf/192_3191_-_opendoor_combined_package_public_redacted_not_signed.pdf,
harv_0457,"based on comparable home sales and adjusting for differences like square footage, age, features, and location",ad_copy,yes,prec.ftc.opendoor_ibuying_2022,misleading.unsubstantiated_objective_claims|finance.misleading_or_unbalanced_claims,7,https://www.ftc.gov/system/files/ftc_gov/pdf/Complaint%20%28redacted%29.pdf,
harv_0466,return to shopping,ad_copy,no,prec.ftc.publishers_clearing_house_2023,misleading.missing_or_inconsistent_material_info|gambling.realmoney_requires_license_and_authorization,9,https://www.ftc.gov/system/files/ftc_gov/pdf/1823145pchorder.pdf,
harv_0467,Learn More About How to Enter,ad_copy,no,prec.ftc.publishers_clearing_house_2023,misleading.missing_or_inconsistent_material_info|gambling.realmoney_requires_license_and_authorization,9,https://www.ftc.gov/system/files/ftc_gov/pdf/1823145pchorder.pdf,
harv_0468,No purchase is necessary to enter a Sweepstakes and a purchase will not improve your chances of winning,ad_copy,no,prec.ftc.publishers_clearing_house_2023,misleading.missing_or_inconsistent_material_info|gambling.realmoney_requires_license_and_authorization,14,https://www.ftc.gov/system/files/ftc_gov/pdf/1823145pchorder.pdf,
harv_0473,Official Entry Registration Form,ad_copy,yes,prec.ftc.publishers_clearing_house_2023,misleading.missing_or_inconsistent_material_info|gambling.realmoney_requires_license_and_authorization,12,https://www.ftc.gov/system/files/ftc_gov/pdf/PCH-Complaint.pdf,
harv_0476,Official Entry-Order Form,ad_copy,yes,prec.ftc.publishers_clearing_house_2023,misleading.missing_or_inconsistent_material_info|gambling.realmoney_requires_license_and_authorization,18,https://www.ftc.gov/system/files/ftc_gov/pdf/PCH-Complaint.pdf,
harv_0477,Official Order-Entry Form,ad_copy,yes,prec.ftc.publishers_clearing_house_2023,misleading.missing_or_inconsistent_material_info|gambling.realmoney_requires_license_and_authorization,18,https://www.ftc.gov/system/files/ftc_gov/pdf/PCH-Complaint.pdf,
harv_0480,submit entry and order,ad_copy,yes,prec.ftc.publishers_clearing_house_2023,misleading.missing_or_inconsistent_material_info|gambling.realmoney_requires_license_and_authorization,27,https://www.ftc.gov/system/files/ftc_gov/pdf/PCH-Complaint.pdf,
harv_0481,YOUR CART’S STILL EMPTY,ad_copy,no,prec.ftc.publishers_clearing_house_2023,misleading.missing_or_inconsistent_material_info|gambling.realmoney_requires_license_and_authorization,28,https://www.ftc.gov/system/files/ftc_gov/pdf/PCH-Complaint.pdf,
harv_0482,No purchase or fee necessary to enter. A purchase won’t increase an individual’s chance of winning,ad_copy,no,prec.ftc.publishers_clearing_house_2023,misleading.missing_or_inconsistent_material_info|gambling.realmoney_requires_license_and_authorization,29,https://www.ftc.gov/system/files/ftc_gov/pdf/PCH-Complaint.pdf,
harv_0485,one final step,ad_copy,yes,prec.ftc.publishers_clearing_house_2023,misleading.missing_or_inconsistent_material_info|gambling.realmoney_requires_license_and_authorization,31,https://www.ftc.gov/system/files/ftc_gov/pdf/PCH-Complaint.pdf,
harv_0486,High Priority Doc. W-10 Enclosed,ad_copy,yes,prec.ftc.publishers_clearing_house_2023,misleading.missing_or_inconsistent_material_info|gambling.realmoney_requires_license_and_authorization,32,https://www.ftc.gov/system/files/ftc_gov/pdf/PCH-Complaint.pdf,
harv_0487,W-19 Notice – Step 3 of 3 INCOMPLETE,ad_copy,yes,prec.ftc.publishers_clearing_house_2023,misleading.missing_or_inconsistent_material_info|gambling.realmoney_requires_license_and_authorization,32,https://www.ftc.gov/system/files/ftc_gov/pdf/PCH-Complaint.pdf,
harv_0488,Enclosed Doc. W8 CERTIFIED. OPEN NOW!,ad_copy,yes,prec.ftc.publishers_clearing_house_2023,misleading.missing_or_inconsistent_material_info|gambling.realmoney_requires_license_and_authorization,32,https://www.ftc.gov/system/files/ftc_gov/pdf/PCH-Complaint.pdf,
harv_0489,CONFIRMED & BINDING Contents Re. Doc W11,ad_copy,yes,prec.ftc.publishers_clearing_house_2023,misleading.missing_or_inconsistent_material_info|gambling.realmoney_requires_license_and_authorization,32,https://www.ftc.gov/system/files/ftc_gov/pdf/PCH-Complaint.pdf,
harv_0490,High Priority Doc. W-52 Enclosed,ad_copy,yes,prec.ftc.publishers_clearing_house_2023,misleading.missing_or_inconsistent_material_info|gambling.realmoney_requires_license_and_authorization,32,https://www.ftc.gov/system/files/ftc_gov/pdf/PCH-Complaint.pdf,
harv_0491,Enc. Doc. W30 APPROVED. OPEN NOW!,ad_copy,yes,prec.ftc.publishers_clearing_house_2023,misleading.missing_or_inconsistent_material_info|gambling.realmoney_requires_license_and_authorization,33,https://www.ftc.gov/system/files/ftc_gov/pdf/PCH-Complaint.pdf,
harv_0494,Enc. Doc. W30 APPROVED. OP EN NOW!,ad_copy,yes,prec.ftc.publishers_clearing_house_2023,misleading.missing_or_inconsistent_material_info|gambling.realmoney_requires_license_and_authorization,34,https://www.ftc.gov/system/files/ftc_gov/pdf/PCH-Complaint.pdf,
harv_0495,High Priority Doc. W-34 Issued,ad_copy,yes,prec.ftc.publishers_clearing_house_2023,misleading.missing_or_inconsistent_material_info|gambling.realmoney_requires_license_and_authorization,35,https://www.ftc.gov/system/files/ftc_gov/pdf/PCH-Complaint.pdf,
harv_0497,has been Processed and is being scheduled for shipment,ad_copy,yes,prec.ftc.publishers_clearing_house_2023,misleading.missing_or_inconsistent_material_info|gambling.realmoney_requires_license_and_authorization,38,https://www.ftc.gov/system/files/ftc_gov/pdf/PCH-Complaint.pdf,
harv_0103,Presente r 30,ad_copy,no,prec.ftc.reebok_easetone_2011,health.unsubstantiated_health_claims,5,https://www.ftc.gov/sites/default/files/documents/cases/2011/09/110928reebokcmpt.pdf,
harv_0104,Break Up 2 Shape Up,ad_copy,no,prec.ftc.skechers_shapeups_2012,health.unsubstantiated_health_claims,5,https://www.ftc.gov/sites/default/files/documents/cases/2012/05/120516skecherscmpt.pdf,
harv_0033,Diesel – It’s No Longer A Dirty Word,ad_copy,yes,prec.ftc.volkswagen_clean_diesel_2016,misleading.unsubstantiated_objective_claims,6,https://www.ftc.gov/system/files/documents/cases/160329volkswagen_cmpt.pdf,
harv_0034,Diesel. It’s no longer a dirty word,ad_copy,yes,prec.ftc.volkswagen_clean_diesel_2016,misleading.unsubstantiated_objective_claims,6,https://www.ftc.gov/system/files/documents/cases/160329volkswagen_cmpt.pdf,
harv_0035,designed to reduce emissions,ad_copy,yes,prec.ftc.volkswagen_clean_diesel_2016,misleading.unsubstantiated_objective_claims,6,https://www.ftc.gov/system/files/documents/cases/160329volkswagen_cmpt.pdf,
harv_0036,Diesel is not dirty. This marathon is about getting the word out that clean-diesel technology such as ours can achieve 40-percent better fuel economy and reduce nitrogen-oxide emissions by 90%,ad_copy,yes,prec.ftc.volkswagen_clean_diesel_2016,misleading.unsubstantiated_objective_claims,7,https://www.ftc.gov/system/files/documents/cases/160329volkswagen_cmpt.pdf,
harv_0037,deNOx catalytic converter . . . helps reduce NOx emissions by up to 90 per cent,ad_copy,yes,prec.ftc.volkswagen_clean_diesel_2016,misleading.unsubstantiated_objective_claims,7,https://www.ftc.gov/system/files/documents/cases/160329volkswagen_cmpt.pdf,
harv_0038,reduces nitrogen oxide (NOx) emissions by up to 90% by making internal engine modifications and implementing a NOx storage catalytic converter,ad_copy,yes,prec.ftc.volkswagen_clean_diesel_2016,misleading.unsubstantiated_objective_claims,7,https://www.ftc.gov/system/files/documents/cases/160329volkswagen_cmpt.pdf,
harv_0039,world’s cleanest diesel SUV,ad_copy,yes,prec.ftc.volkswagen_clean_diesel_2016,misleading.unsubstantiated_objective_claims,7,https://www.ftc.gov/system/files/documents/cases/160329volkswagen_cmpt.pdf,
harv_0040,advanced exhaust emission control system,ad_copy,yes,prec.ftc.volkswagen_clean_diesel_2016,misleading.unsubstantiated_objective_claims,7,https://www.ftc.gov/system/files/documents/cases/160329volkswagen_cmpt.pdf,
harv_0041,significantly less intrusive on the environment than past diesel engines,ad_copy,yes,prec.ftc.volkswagen_clean_diesel_2016,misleading.unsubstantiated_objective_claims,7,https://www.ftc.gov/system/files/documents/cases/160329volkswagen_cmpt.pdf,
harv_0042,fewer NOx emissions than comparable gasoline engines,ad_copy,yes,prec.ftc.volkswagen_clean_diesel_2016,misleading.unsubstantiated_objective_claims,7,https://www.ftc.gov/system/files/documents/cases/160329volkswagen_cmpt.pdf,
harv_0043,coffee filter test,ad_copy,yes,prec.ftc.volkswagen_clean_diesel_2016,misleading.unsubstantiated_objective_claims,7,https://www.ftc.gov/system/files/documents/cases/160329volkswagen_cmpt.pdf,
harv_0044,"Traditional diesel coffee, it’s got the extra kick. It’s got the carbon monoxide, the sulfur oxide . . . . Ready for some sooty emissions, diesel particulates . . . ?",ad_copy,yes,prec.ftc.volkswagen_clean_diesel_2016,misleading.unsubstantiated_objective_claims,8,https://www.ftc.gov/system/files/documents/cases/160329volkswagen_cmpt.pdf,
harv_0045,Diesel Old Wives’ Tale #6: Diesel is Dirty,ad_copy,yes,prec.ftc.volkswagen_clean_diesel_2016,misleading.unsubstantiated_objective_claims,8,https://www.ftc.gov/system/files/documents/cases/160329volkswagen_cmpt.pdf,
harv_0046,Aren’t diesels dirty?,ad_copy,yes,prec.ftc.volkswagen_clean_diesel_2016,misleading.unsubstantiated_objective_claims,8,https://www.ftc.gov/system/files/documents/cases/160329volkswagen_cmpt.pdf,
harv_0047,Certified for use in all 50 states,ad_copy,yes,prec.ftc.volkswagen_clean_diesel_2016,misleading.unsubstantiated_objective_claims,9,https://www.ftc.gov/system/files/documents/cases/160329volkswagen_cmpt.pdf,
harv_0049,"Think Blue is the Volkswagen way to drive progress by creating and producing cars that are more efficient, eco- conscious, and fun to drive",ad_copy,yes,prec.ftc.volkswagen_clean_diesel_2016,misleading.unsubstantiated_objective_claims,10,https://www.ftc.gov/system/files/documents/cases/160329volkswagen_cmpt.pdf,
harv_0050,Hybrids? They’re so last year,ad_copy,yes,prec.ftc.volkswagen_clean_diesel_2016,misleading.unsubstantiated_objective_claims,10,https://www.ftc.gov/system/files/documents/cases/160329volkswagen_cmpt.pdf,
harv_0051,Now going green doesn’t have to feel like you’re going green,ad_copy,yes,prec.ftc.volkswagen_clean_diesel_2016,misleading.unsubstantiated_objective_claims,10,https://www.ftc.gov/system/files/documents/cases/160329volkswagen_cmpt.pdf,
harv_0052,TDI ® clean diesel models typically have a higher resale value versus comparable gasoline vehicles,ad_copy,yes,prec.ftc.volkswagen_clean_diesel_2016,misleading.unsubstantiated_objective_claims,10,https://www.ftc.gov/system/files/documents/cases/160329volkswagen_cmpt.pdf,
harv_0053,better resale value projections,ad_copy,yes,prec.ftc.volkswagen_clean_diesel_2016,misleading.unsubstantiated_objective_claims,10,https://www.ftc.gov/system/files/documents/cases/160329volkswagen_cmpt.pdf,
harv_0054,phenomenal resale value,ad_copy,yes,prec.ftc.volkswagen_clean_diesel_2016,misleading.unsubstantiated_objective_claims,10,https://www.ftc.gov/system/files/documents/cases/160329volkswagen_cmpt.pdf,
harv_0055,That’s the power of German engineering,ad_copy,yes,prec.ftc.volkswagen_clean_diesel_2016,misleading.unsubstantiated_objective_claims,11,https://www.ftc.gov/system/files/documents/cases/160329volkswagen_cmpt.pdf,
harv_0458,Schedule a meeting,ad_copy,no,prec.ftc.vonage_dark_patterns_2022,misleading.missing_or_inconsistent_material_info,6,https://www.ftc.gov/system/files/ftc_gov/pdf/Vonage-Complaint.pdf,
harv_0459,Talk to an Expert,ad_copy,no,prec.ftc.vonage_dark_patterns_2022,misleading.missing_or_inconsistent_material_info,6,https://www.ftc.gov/system/files/ftc_gov/pdf/Vonage-Complaint.pdf,
harv_0065,Construction & Care,ad_copy,no,prec.ftc.walmart_bamboo_greenwashing_2022,misleading.unsubstantiated_objective_claims,3,https://www.ftc.gov/system/files/ftc_gov/pdf/2023171KohlsComplaint.pdf,
harv_0066,Protect-A-Bed Bamboo Waterproof Mattress Protector,ad_copy,yes,prec.ftc.walmart_bamboo_greenwashing_2022,misleading.unsubstantiated_objective_claims,4,https://www.ftc.gov/system/files/ftc_gov/pdf/2023171KohlsComplaint.pdf,
harv_0067,Protect-A-Bed Bamboo Waterproof Pillow Protector,ad_copy,yes,prec.ftc.walmart_bamboo_greenwashing_2022,misleading.unsubstantiated_objective_claims,5,https://www.ftc.gov/system/files/ftc_gov/pdf/2023171KohlsComplaint.pdf,
harv_0068,Sleep Philosophy Bamboo Shredded Memory Foam Body Pillow,ad_copy,yes,prec.ftc.walmart_bamboo_greenwashing_2022,misleading.unsubstantiated_objective_claims,6,https://www.ftc.gov/system/files/ftc_gov/pdf/2023171KohlsComplaint.pdf,
harv_0069,Memory foam fill,ad_copy,no,prec.ftc.walmart_bamboo_greenwashing_2022,misleading.unsubstantiated_objective_claims,6,https://www.ftc.gov/system/files/ftc_gov/pdf/2023171KohlsComplaint.pdf,
harv_0070,Park B. Smith Ultra Spa Luxury Bamboo Solid Bath Rug,ad_copy,yes,prec.ftc.walmart_bamboo_greenwashing_2022,misleading.unsubstantiated_objective_claims,7,https://www.ftc.gov/system/files/ftc_gov/pdf/2023171KohlsComplaint.pdf,
harv_0071,Food NetworkTM CookingreenTM 2-pk. Striped Kitchen Towels,ad_copy,yes,prec.ftc.walmart_bamboo_greenwashing_2022,misleading.unsubstantiated_objective_claims,8,https://www.ftc.gov/system/files/ftc_gov/pdf/2023171KohlsComplaint.pdf,
harv_0072,Sustainability at Kohl’s,ad_copy,no,prec.ftc.walmart_bamboo_greenwashing_2022,misleading.unsubstantiated_objective_claims,9,https://www.ftc.gov/system/files/ftc_gov/pdf/2023171KohlsComplaint.pdf,
harv_0073,Simply Vera Vera Wang 600 Thread Count Supima Cotton Rayon from Bamboo Sheet Set or Pillowcases,ad_copy,yes,prec.ftc.walmart_bamboo_greenwashing_2022,misleading.unsubstantiated_objective_claims,10,https://www.ftc.gov/system/files/ftc_gov/pdf/2023171KohlsComplaint.pdf,
harv_0074,Happitat™ Fluffy Rayon From Bamboo Pillow,ad_copy,yes,prec.ftc.walmart_bamboo_greenwashing_2022,misleading.unsubstantiated_objective_claims,11,https://www.ftc.gov/system/files/ftc_gov/pdf/2023171KohlsComplaint.pdf,
harv_0075,gentle on the planet,ad_copy,yes,prec.ftc.walmart_bamboo_greenwashing_2022,misleading.unsubstantiated_objective_claims,11,https://www.ftc.gov/system/files/ftc_gov/pdf/2023171KohlsComplaint.pdf,
harv_0076,Happitat™ Soft Rayon From Bamboo Duvet Cover and Sham Set,ad_copy,yes,prec.ftc.walmart_bamboo_greenwashing_2022,misleading.unsubstantiated_objective_claims,12,https://www.ftc.gov/system/files/ftc_gov/pdf/2023171KohlsComplaint.pdf,
harv_0077,Happitat™ Fluffy Rayon From Bamboo Mattress Pad,ad_copy,yes,prec.ftc.walmart_bamboo_greenwashing_2022,misleading.unsubstantiated_objective_claims,13,https://www.ftc.gov/system/files/ftc_gov/pdf/2023171KohlsComplaint.pdf,
harv_0078,Highly renewable bamboo blend promises environmentally friendly use,ad_copy,yes,prec.ftc.walmart_bamboo_greenwashing_2022,misleading.unsubstantiated_objective_claims,14,https://www.ftc.gov/system/files/ftc_gov/pdf/2023171KohlsComplaint.pdf,
harv_0079,Pacific Coast Textiles 6-pack Bamboo Towel Set,ad_copy,yes,prec.ftc.walmart_bamboo_greenwashing_2022,misleading.unsubstantiated_objective_claims,15,https://www.ftc.gov/system/files/ftc_gov/pdf/2023171KohlsComplaint.pdf,
harv_0080,Going green has never been so sumptuous . . . this sheet set keeps you cozy while suiting your eco-friendly taste,ad_copy,yes,prec.ftc.walmart_bamboo_greenwashing_2022,misleading.unsubstantiated_objective_claims,16,https://www.ftc.gov/system/files/ftc_gov/pdf/2023171KohlsComplaint.pdf,
harv_0081,Bambu Serenity Natural Bamboo Mattress Pad,ad_copy,no,prec.ftc.walmart_bamboo_greenwashing_2022,misleading.unsubstantiated_objective_claims,16,https://www.ftc.gov/system/files/ftc_gov/pdf/2023171KohlsComplaint.pdf,
harv_0084,Bamboo Sheets - Sweet Home Collection 1800 Series Deep Pocket 4 Piece Set,ad_copy,no,prec.ftc.walmart_bamboo_greenwashing_2022,misleading.unsubstantiated_objective_claims,4,https://www.ftc.gov/system/files/ftc_gov/pdf/2023173WalmartComplaint.pdf,
harv_0085,Pine & River Chilled Bamboo Cooling Weighted Blanket,ad_copy,no,prec.ftc.walmart_bamboo_greenwashing_2022,misleading.unsubstantiated_objective_claims,5,https://www.ftc.gov/system/files/ftc_gov/pdf/2023173WalmartComplaint.pdf,
harv_0086,LUXE Life 100% Organic Bamboo Washcloths for Babies and Adults,ad_copy,no,prec.ftc.walmart_bamboo_greenwashing_2022,misleading.unsubstantiated_objective_claims,6,https://www.ftc.gov/system/files/ftc_gov/pdf/2023173WalmartComplaint.pdf,
harv_0087,washcloths are made from 100% natural bamboo fibers,ad_copy,yes,prec.ftc.walmart_bamboo_greenwashing_2022,misleading.unsubstantiated_objective_claims,6,https://www.ftc.gov/system/files/ftc_gov/pdf/2023173WalmartComplaint.pdf,
harv_0088,eco-friendly & sustainable,ad_copy,yes,prec.ftc.walmart_bamboo_greenwashing_2022,misleading.unsubstantiated_objective_claims,7,https://www.ftc.gov/system/files/ftc_gov/pdf/2023173WalmartComplaint.pdf,
harv_0089,renewable and environmentally sustainable,ad_copy,yes,prec.ftc.walmart_bamboo_greenwashing_2022,misleading.unsubstantiated_objective_claims,7,https://www.ftc.gov/system/files/ftc_gov/pdf/2023173WalmartComplaint.pdf,
harv_0090,Sweet Home Collection Hypoallergenic Bamboo Memory Foam Pillow,ad_copy,no,prec.ftc.walmart_bamboo_greenwashing_2022,misleading.unsubstantiated_objective_claims,7,https://www.ftc.gov/system/files/ftc_gov/pdf/2023173WalmartComplaint.pdf,
harv_0091,Leading Lady Luxurious Bamboo Nursing Sleep Bra,ad_copy,no,prec.ftc.walmart_bamboo_greenwashing_2022,misleading.unsubstantiated_objective_claims,8,https://www.ftc.gov/system/files/ftc_gov/pdf/2023173WalmartComplaint.pdf,
harv_0092,unique eco-friendly fabric,ad_copy,yes,prec.ftc.walmart_bamboo_greenwashing_2022,misleading.unsubstantiated_objective_claims,8,https://www.ftc.gov/system/files/ftc_gov/pdf/2023173WalmartComplaint.pdf,
harv_0093,Home Trends 300 Thread Count Bamboo Sheets,ad_copy,no,prec.ftc.walmart_bamboo_greenwashing_2022,misleading.unsubstantiated_objective_claims,9,https://www.ftc.gov/system/files/ftc_gov/pdf/2023173WalmartComplaint.pdf,
harv_0094,Serenity Organic Self-Cooling Luxury Bamboo Comforter,ad_copy,no,prec.ftc.walmart_bamboo_greenwashing_2022,misleading.unsubstantiated_objective_claims,10,https://www.ftc.gov/system/files/ftc_gov/pdf/2023173WalmartComplaint.pdf,
harv_0095,Our Serenity Bamboo Comforter will appeal to your sense of luxury and your desire to help the planet,ad_copy,yes,prec.ftc.walmart_bamboo_greenwashing_2022,misleading.unsubstantiated_objective_claims,10,https://www.ftc.gov/system/files/ftc_gov/pdf/2023173WalmartComplaint.pdf,
harv_0096,No Boundaries – Juniors Eco-Friendly Stripe Tee Shirt,ad_copy,no,prec.ftc.walmart_bamboo_greenwashing_2022,misleading.unsubstantiated_objective_claims,11,https://www.ftc.gov/system/files/ftc_gov/pdf/2023173WalmartComplaint.pdf,
harv_0376,child-focused lessons and content,ad_copy,yes,prec.ftc.weight_watchers_kurbo_coppa_2022,minors.parental_consent_for_childrens_data|health.negative_self_perception_body_image,7,https://www.ftc.gov/system/files/ftc_gov/pdf/filed_complaint.pdf,
harv_0553,"Inpatient mental health treatment centers in Brooklyn, NY. Call 24/7",ad_copy,yes,prec.nyag.4kapps_healthcare_2024,health.health_privacy_sensitive_attributes|misleading.false_affiliation_or_endorsement,2,https://ag.ny.gov/sites/default/files/settlements-agreements/4k-apps-aod-2024.pdf,
harv_0555,View Pricing and Availability,ad_copy,yes,prec.nyag.4kapps_healthcare_2024,health.health_privacy_sensitive_attributes|misleading.false_affiliation_or_endorsement,15,https://ag.ny.gov/sites/default/files/settlements-agreements/4k-apps-aod-2024.pdf,
harv_0556,Get Pricing and Availability,ad_copy,yes,prec.nyag.4kapps_healthcare_2024,health.health_privacy_sensitive_attributes|misleading.false_affiliation_or_endorsement,15,https://ag.ny.gov/sites/default/files/settlements-agreements/4k-apps-aod-2024.pdf,
harv_0558,Calling this # will route you to a third-party treatment center that advertises on this site,ad_copy,yes,prec.nyag.4kapps_healthcare_2024,health.health_privacy_sensitive_attributes|misleading.false_affiliation_or_endorsement,24,https://ag.ny.gov/sites/default/files/settlements-agreements/4k-apps-aod-2024.pdf,
harv_0565,section of the website claimed that the website offered objective information with phrases implying it was intended to help consumers decide which products,legal_or_narrative,no,prec.caag.cri_genetics_2024,health.unsubstantiated_health_claims|misleading.unsubstantiated_objective_claims,13,https://oag.ca.gov/system/files/attachments/press-docs/ECF%20NO%201%20FTC%20v%20CRI%20Genetics%20Complaint%20CDCal%2023cv9824.pdf,
harv_0567,section of the Genetics Digest website stated that Genetics Digest’s aim was,legal_or_narrative,no,prec.caag.cri_genetics_2024,health.unsubstantiated_health_claims|misleading.unsubstantiated_objective_claims,14,https://oag.ca.gov/system/files/attachments/press-docs/ECF%20NO%201%20FTC%20v%20CRI%20Genetics%20Complaint%20CDCal%2023cv9824.pdf,
harv_0569,page of the Genetics Digest website also stated that Genetics Digest was,legal_or_narrative,no,prec.caag.cri_genetics_2024,health.unsubstantiated_health_claims|misleading.unsubstantiated_objective_claims,14,https://oag.ca.gov/system/files/attachments/press-docs/ECF%20NO%201%20FTC%20v%20CRI%20Genetics%20Complaint%20CDCal%2023cv9824.pdf,
harv_0571,financial connection to,legal_or_narrative,no,prec.caag.cri_genetics_2024,health.unsubstantiated_health_claims|misleading.unsubstantiated_objective_claims,16,https://oag.ca.gov/system/files/attachments/press-docs/ECF%20NO%201%20FTC%20v%20CRI%20Genetics%20Complaint%20CDCal%2023cv9824.pdf,
harv_0572,"claimed to have conducted unbiased and independent research of many of the DNA testing companies on the market, stating that Genetic Digest’s",legal_or_narrative,no,prec.caag.cri_genetics_2024,health.unsubstantiated_health_claims|misleading.unsubstantiated_objective_claims,18,https://oag.ca.gov/system/files/attachments/press-docs/ECF%20NO%201%20FTC%20v%20CRI%20Genetics%20Complaint%20CDCal%2023cv9824.pdf,
harv_0583,CRI Principal Executive Officer,legal_or_narrative,no,prec.caag.cri_genetics_2024,health.unsubstantiated_health_claims|misleading.unsubstantiated_objective_claims,6,https://oag.ca.gov/system/files/attachments/press-docs/ECF%20No%208-1%20FTC%20v%20CRI%20Genetics%20CDCal%2023cv9824%20Proposed%20Stipulated%20Order.pdf,
harv_0564,trade or commerce,legal_or_narrative,no,prec.caag.roomster_fake_reviews_2023,misleading.unsubstantiated_objective_claims|misleading.false_affiliation_or_endorsement,23,https://oag.ca.gov/system/files/attachments/press-docs/Roomster%20Complaint.pdf,
harv_0007,unable to place students at scale,legal_or_narrative,no,prec.cfpb.bloomtech_isa_2024,finance.misleading_or_unbalanced_claims|finance.credit_advertising_trigger_terms,17,https://files.consumerfinance.gov/f/documents/cfpb_bloomtech-inc-consent-order_2024-04.pdf,
harv_0012,"Buy Now, Pay Later",legal_or_narrative,no,prec.cfpb.goldman_apple_card_2024,finance.misleading_or_unbalanced_claims|finance.credit_advertising_trigger_terms,5,https://files.consumerfinance.gov/f/documents/cfpb_goldman-sachs-bank-usa-consent-order_2024-10.pdf,
harv_0013,application received an advertisement that described enrollment in monthly installments as follows,legal_or_narrative,no,prec.cfpb.goldman_apple_card_2024,finance.misleading_or_unbalanced_claims|finance.credit_advertising_trigger_terms,22,https://files.consumerfinance.gov/f/documents/cfpb_goldman-sachs-bank-usa-consent-order_2024-10.pdf,
harv_0014,ACMI advertisements also told consumers,legal_or_narrative,no,prec.cfpb.goldman_apple_card_2024,finance.misleading_or_unbalanced_claims|finance.credit_advertising_trigger_terms,22,https://files.consumerfinance.gov/f/documents/cfpb_goldman-sachs-bank-usa-consent-order_2024-10.pdf,
harv_0002,"article that was on its website until at least July 2019, stating",legal_or_narrative,no,prec.cfpb.hello_digit_2022,finance.misleading_or_unbalanced_claims,12,https://files.consumerfinance.gov/f/documents/cfpb_hello-digit-llc_consent-order_2022-08.pdf,
harv_0003,Optional Add-On Product,legal_or_narrative,no,prec.cfpb.onemain_addons_2023,finance.misleading_or_unbalanced_claims|finance.credit_advertising_trigger_terms,3,https://files.consumerfinance.gov/f/documents/cfpb_onemain-financial-holdings-llc_consent-order_2023-05.pdf,
harv_0016,"engaging in the marketing, promotion or sale of medical alert goods or services",legal_or_narrative,no,prec.fda.opioid_marketing_2020,health.disease_cure_treatment_claims|health.unsubstantiated_health_claims,45,https://www.ftc.gov/system/files/ftc_gov/pdf/rcg_opinion_order.pdf,
harv_0017,labeling some of the expenditures as for a,legal_or_narrative,no,prec.fec.power_of_liberty_electioneering_2019,political.authorization_and_disclaimer_required,11,https://www.fec.gov/resources/cms-content/documents/crew_192753_complaint.pdf,
harv_0018,almost immediately after petitioners filed suit with a link to her redacted,legal_or_narrative,no,prec.fec.power_of_liberty_electioneering_2019,political.authorization_and_disclaimer_required,24,https://www.fec.gov/resources/cms-content/documents/doe_doe_petition_cert.pdf,
harv_0019,JA202. The tweet itself added,consumer_statement,no,prec.fec.power_of_liberty_electioneering_2019,political.authorization_and_disclaimer_required,24,https://www.fec.gov/resources/cms-content/documents/doe_doe_petition_cert.pdf,
harv_0124,"button, Amazon brings the consumer to a final page with a yellow",legal_or_narrative,unclear,prec.ftc.amazon_prime_dark_patterns_2023,misleading.missing_or_inconsistent_material_info,34,https://www.ftc.gov/system/files/ftc_gov/pdf/amazon-rosca-public-redacted-complaint-to_be_filed.pdf,
harv_0138,customers sign up without knowing they did,legal_or_narrative,yes,prec.ftc.amazon_prime_dark_patterns_2023,misleading.missing_or_inconsistent_material_info,6,https://www.ftc.gov/system/files/ftc_gov/pdf/2023-09-20-067-AmendedComplaint%28redacted%29.pdf,
harv_0139,US Prime Performance Update,legal_or_narrative,yes,prec.ftc.amazon_prime_dark_patterns_2023,misleading.missing_or_inconsistent_material_info,8,https://www.ftc.gov/system/files/ftc_gov/pdf/2023-09-20-067-AmendedComplaint%28redacted%29.pdf,
harv_0149,"button, Amazon included",legal_or_narrative,no,prec.ftc.amazon_prime_dark_patterns_2023,misleading.missing_or_inconsistent_material_info,43,https://www.ftc.gov/system/files/ftc_gov/pdf/2023-09-20-067-AmendedComplaint%28redacted%29.pdf,
harv_0151,privileged and confidential,legal_or_narrative,no,prec.ftc.amazon_prime_dark_patterns_2023,misleading.missing_or_inconsistent_material_info,62,https://www.ftc.gov/system/files/ftc_gov/pdf/2023-09-20-067-AmendedComplaint%28redacted%29.pdf,
harv_0152,option from a link to a,legal_or_narrative,no,prec.ftc.amazon_prime_dark_patterns_2023,misleading.missing_or_inconsistent_material_info,70,https://www.ftc.gov/system/files/ftc_gov/pdf/2023-09-20-067-AmendedComplaint%28redacted%29.pdf,
harv_0153,button; (b) making Prime’s price visible outside the terms and conditions; and (c) re-labelling the enrollment button with wording that included,legal_or_narrative,no,prec.ftc.amazon_prime_dark_patterns_2023,misleading.missing_or_inconsistent_material_info,70,https://www.ftc.gov/system/files/ftc_gov/pdf/2023-09-20-067-AmendedComplaint%28redacted%29.pdf,
harv_0155,like a federal judge reading a statute,legal_or_narrative,no,prec.ftc.amazon_prime_dark_patterns_2023,misleading.missing_or_inconsistent_material_info,10,https://www.ftc.gov/system/files/ftc_gov/pdf/2023-11-17-125-PublicFTCOppositiontoDs%27MotiontoDismiss_0.pdf,
harv_0156,"Again, consumers are not judges. This Court will not impose on average consumers an obligation to question the labels they see and parse them as lawyers might for ambiguities",legal_or_narrative,no,prec.ftc.amazon_prime_dark_patterns_2023,misleading.missing_or_inconsistent_material_info,10,https://www.ftc.gov/system/files/ftc_gov/pdf/2023-11-17-125-PublicFTCOppositiontoDs%27MotiontoDismiss_0.pdf,
harv_0157,context of the transaction,legal_or_narrative,no,prec.ftc.amazon_prime_dark_patterns_2023,misleading.missing_or_inconsistent_material_info,12,https://www.ftc.gov/system/files/ftc_gov/pdf/2023-11-17-125-PublicFTCOppositiontoDs%27MotiontoDismiss_0.pdf,
harv_0158,contemplates some sort of continuing relationship,legal_or_narrative,no,prec.ftc.amazon_prime_dark_patterns_2023,misleading.missing_or_inconsistent_material_info,13,https://www.ftc.gov/system/files/ftc_gov/pdf/2023-11-17-125-PublicFTCOppositiontoDs%27MotiontoDismiss_0.pdf,
harv_0159,merely attempting to start a free trial,legal_or_narrative,no,prec.ftc.amazon_prime_dark_patterns_2023,misleading.missing_or_inconsistent_material_info,13,https://www.ftc.gov/system/files/ftc_gov/pdf/2023-11-17-125-PublicFTCOppositiontoDs%27MotiontoDismiss_0.pdf,
harv_0160,scrutinize the page for small text,legal_or_narrative,no,prec.ftc.amazon_prime_dark_patterns_2023,misleading.missing_or_inconsistent_material_info,16,https://www.ftc.gov/system/files/ftc_gov/pdf/2023-11-17-125-PublicFTCOppositiontoDs%27MotiontoDismiss_0.pdf,
harv_0161,"Website users are entitled to assume that important provisions—such as those that disclose the existence of proposed contractual terms—will be prominently displayed, not buried in fine print",legal_or_narrative,no,prec.ftc.amazon_prime_dark_patterns_2023,misleading.missing_or_inconsistent_material_info,21,https://www.ftc.gov/system/files/ftc_gov/pdf/2023-11-17-125-PublicFTCOppositiontoDs%27MotiontoDismiss_0.pdf,
harv_0162,printed in a tiny gray font considerably smaller than the font used in the surrounding website elements,legal_or_narrative,no,prec.ftc.amazon_prime_dark_patterns_2023,misleading.missing_or_inconsistent_material_info,21,https://www.ftc.gov/system/files/ftc_gov/pdf/2023-11-17-125-PublicFTCOppositiontoDs%27MotiontoDismiss_0.pdf,
harv_0163,parse through confusing or distracting content and advertisements,legal_or_narrative,no,prec.ftc.amazon_prime_dark_patterns_2023,misleading.missing_or_inconsistent_material_info,22,https://www.ftc.gov/system/files/ftc_gov/pdf/2023-11-17-125-PublicFTCOppositiontoDs%27MotiontoDismiss_0.pdf,
harv_0164,issue of accidental Prime-sign ups,legal_or_narrative,yes,prec.ftc.amazon_prime_dark_patterns_2023,misleading.missing_or_inconsistent_material_info,24,https://www.ftc.gov/system/files/ftc_gov/pdf/2023-11-17-125-PublicFTCOppositiontoDs%27MotiontoDismiss_0.pdf,
harv_0165,generally require extrinsic evidence,legal_or_narrative,no,prec.ftc.amazon_prime_dark_patterns_2023,misleading.missing_or_inconsistent_material_info,25,https://www.ftc.gov/system/files/ftc_gov/pdf/2023-11-17-125-PublicFTCOppositiontoDs%27MotiontoDismiss_0.pdf,
harv_0166,provides reasonably conspicuously notice,legal_or_narrative,no,prec.ftc.amazon_prime_dark_patterns_2023,misleading.missing_or_inconsistent_material_info,26,https://www.ftc.gov/system/files/ftc_gov/pdf/2023-11-17-125-PublicFTCOppositiontoDs%27MotiontoDismiss_0.pdf,
harv_0167,inquiry notice of the agreement’s existence and contents,legal_or_narrative,no,prec.ftc.amazon_prime_dark_patterns_2023,misleading.missing_or_inconsistent_material_info,26,https://www.ftc.gov/system/files/ftc_gov/pdf/2023-11-17-125-PublicFTCOppositiontoDs%27MotiontoDismiss_0.pdf,
harv_0168,distinguished from the rest of the text,legal_or_narrative,no,prec.ftc.amazon_prime_dark_patterns_2023,misleading.missing_or_inconsistent_material_info,26,https://www.ftc.gov/system/files/ftc_gov/pdf/2023-11-17-125-PublicFTCOppositiontoDs%27MotiontoDismiss_0.pdf,
harv_0169,not buried on the bottom of the webpage or placed outside the action box,legal_or_narrative,no,prec.ftc.amazon_prime_dark_patterns_2023,misleading.missing_or_inconsistent_material_info,26,https://www.ftc.gov/system/files/ftc_gov/pdf/2023-11-17-125-PublicFTCOppositiontoDs%27MotiontoDismiss_0.pdf,
harv_0170,located directly on top of or below each action button,legal_or_narrative,no,prec.ftc.amazon_prime_dark_patterns_2023,misleading.missing_or_inconsistent_material_info,26,https://www.ftc.gov/system/files/ftc_gov/pdf/2023-11-17-125-PublicFTCOppositiontoDs%27MotiontoDismiss_0.pdf,
harv_0171,"below the action button, and webpage was",legal_or_narrative,no,prec.ftc.amazon_prime_dark_patterns_2023,misleading.missing_or_inconsistent_material_info,27,https://www.ftc.gov/system/files/ftc_gov/pdf/2023-11-17-125-PublicFTCOppositiontoDs%27MotiontoDismiss_0.pdf,
harv_0172,consisting only of,legal_or_narrative,no,prec.ftc.amazon_prime_dark_patterns_2023,misleading.missing_or_inconsistent_material_info,27,https://www.ftc.gov/system/files/ftc_gov/pdf/2023-11-17-125-PublicFTCOppositiontoDs%27MotiontoDismiss_0.pdf,
harv_0173,button in Figure 8 below had not consented to the,legal_or_narrative,no,prec.ftc.amazon_prime_dark_patterns_2023,misleading.missing_or_inconsistent_material_info,30,https://www.ftc.gov/system/files/ftc_gov/pdf/2023-11-17-125-PublicFTCOppositiontoDs%27MotiontoDismiss_0.pdf,
harv_0174,did not indicate to the user what action would constitute assent to those terms and conditions,legal_or_narrative,no,prec.ftc.amazon_prime_dark_patterns_2023,misleading.missing_or_inconsistent_material_info,30,https://www.ftc.gov/system/files/ftc_gov/pdf/2023-11-17-125-PublicFTCOppositiontoDs%27MotiontoDismiss_0.pdf,
harv_0179,unified course of fraudulent conduct,legal_or_narrative,no,prec.ftc.amazon_prime_dark_patterns_2023,misleading.missing_or_inconsistent_material_info,46,https://www.ftc.gov/system/files/ftc_gov/pdf/2023-11-17-125-PublicFTCOppositiontoDs%27MotiontoDismiss_0.pdf,
harv_0180,"received internal memoranda, emails, and oral communications describing the Iliad Flow and the complications it presented to Prime subscribers attempting to cancel",legal_or_narrative,yes,prec.ftc.amazon_prime_dark_patterns_2023,misleading.missing_or_inconsistent_material_info,48,https://www.ftc.gov/system/files/ftc_gov/pdf/2023-11-17-125-PublicFTCOppositiontoDs%27MotiontoDismiss_0.pdf,
harv_0181,"Compl. ¶ 235(a). In one email, an Amazon employee nonsensically declared",legal_or_narrative,no,prec.ftc.amazon_prime_dark_patterns_2023,misleading.missing_or_inconsistent_material_info,58,https://www.ftc.gov/system/files/ftc_gov/pdf/2023-11-17-125-PublicFTCOppositiontoDs%27MotiontoDismiss_0.pdf,
harv_0182,"over email, and increasingly a mass one at that",legal_or_narrative,no,prec.ftc.amazon_prime_dark_patterns_2023,misleading.missing_or_inconsistent_material_info,59,https://www.ftc.gov/system/files/ftc_gov/pdf/2023-11-17-125-PublicFTCOppositiontoDs%27MotiontoDismiss_0.pdf,
harv_0184,simple mechanisms for,legal_or_narrative,no,prec.ftc.amazon_prime_dark_patterns_2023,misleading.missing_or_inconsistent_material_info,14,https://www.ftc.gov/system/files/ftc_gov/pdf/2024-05-28-ECF165-OrderDenyingDefendants%27MotionstoDismiss.pdf,
harv_0185,objectively satisfy ROSCA’s plain text,legal_or_narrative,no,prec.ftc.amazon_prime_dark_patterns_2023,misleading.missing_or_inconsistent_material_info,15,https://www.ftc.gov/system/files/ftc_gov/pdf/2024-05-28-ECF165-OrderDenyingDefendants%27MotionstoDismiss.pdf,
harv_0186,clearly and conspicuously disclosed,legal_or_narrative,no,prec.ftc.amazon_prime_dark_patterns_2023,misleading.missing_or_inconsistent_material_info,20,https://www.ftc.gov/system/files/ftc_gov/pdf/2024-05-28-ECF165-OrderDenyingDefendants%27MotionstoDismiss.pdf,
harv_0187,courts routinely dismiss cases like this on the pleadings,legal_or_narrative,no,prec.ftc.amazon_prime_dark_patterns_2023,misleading.missing_or_inconsistent_material_info,20,https://www.ftc.gov/system/files/ftc_gov/pdf/2024-05-28-ECF165-OrderDenyingDefendants%27MotionstoDismiss.pdf,
harv_0188,clear and conspicuous,legal_or_narrative,no,prec.ftc.amazon_prime_dark_patterns_2023,misleading.missing_or_inconsistent_material_info,20,https://www.ftc.gov/system/files/ftc_gov/pdf/2024-05-28-ECF165-OrderDenyingDefendants%27MotionstoDismiss.pdf,
harv_0189,after obtaining consumers’ billing information,legal_or_narrative,no,prec.ftc.amazon_prime_dark_patterns_2023,misleading.missing_or_inconsistent_material_info,22,https://www.ftc.gov/system/files/ftc_gov/pdf/2024-05-28-ECF165-OrderDenyingDefendants%27MotionstoDismiss.pdf,
harv_0190,"cost-effective, timely and easy-to-use mechanism for cancellation",legal_or_narrative,no,prec.ftc.amazon_prime_dark_patterns_2023,misleading.missing_or_inconsistent_material_info,31,https://www.ftc.gov/system/files/ftc_gov/pdf/2024-05-28-ECF165-OrderDenyingDefendants%27MotionstoDismiss.pdf,
harv_0191,Loewen had authority to control his companies’ telemarketing practices even if he did not exercise it,legal_or_narrative,no,prec.ftc.amazon_prime_dark_patterns_2023,misleading.missing_or_inconsistent_material_info,37,https://www.ftc.gov/system/files/ftc_gov/pdf/2024-05-28-ECF165-OrderDenyingDefendants%27MotionstoDismiss.pdf,
harv_0192,basic negative-option marketing practices that it now attacks as unlawful have long been a mainstay of many lawful industries,legal_or_narrative,no,prec.ftc.amazon_prime_dark_patterns_2023,misleading.missing_or_inconsistent_material_info,44,https://www.ftc.gov/system/files/ftc_gov/pdf/2024-05-28-ECF165-OrderDenyingDefendants%27MotionstoDismiss.pdf,
harv_0193,Amazon faced questions from the FTC about whether it tricked customers into signing up for Prime. Internal documents show that some employees felt it had,legal_or_narrative,no,prec.ftc.amazon_prime_dark_patterns_2023,misleading.missing_or_inconsistent_material_info,5,https://www.ftc.gov/system/files/ftc_gov/pdf/2025-07-10-ECF404-OrderSupplementingOrderonSanctions.pdf,
harv_0194,marking docs and emails,legal_or_narrative,no,prec.ftc.amazon_prime_dark_patterns_2023,misleading.missing_or_inconsistent_material_info,5,https://www.ftc.gov/system/files/ftc_gov/pdf/2025-07-10-ECF404-OrderSupplementingOrderonSanctions.pdf,
harv_0195,told anyone . . . to mark a document as privileged without regard to whether or not they were actually seeking legal advice?,legal_or_narrative,no,prec.ftc.amazon_prime_dark_patterns_2023,misleading.missing_or_inconsistent_material_info,5,https://www.ftc.gov/system/files/ftc_gov/pdf/2025-07-10-ECF404-OrderSupplementingOrderonSanctions.pdf,
harv_0196,unintentional Prime sign-ups,legal_or_narrative,no,prec.ftc.amazon_prime_dark_patterns_2023,misleading.missing_or_inconsistent_material_info,6,https://www.ftc.gov/system/files/ftc_gov/pdf/2025-07-10-ECF404-OrderSupplementingOrderonSanctions.pdf,
harv_0378,"Apps such as email, social media, calendar, word processing, streaming music, navigation, and data backup frequently stop working without the ability to reliably connect to the data network at a reasonable speed",consumer_statement,yes,prec.ftc.att_unlimited_data_2019,misleading.missing_or_inconsistent_material_info|misleading.unsubstantiated_objective_claims,6,https://www.ftc.gov/system/files/documents/cases/141028attcmpt.pdf,
harv_0379,What Are The Intended Purposes Of The Wireless Data Service?,legal_or_narrative,no,prec.ftc.att_unlimited_data_2019,misleading.missing_or_inconsistent_material_info|misleading.unsubstantiated_objective_claims,10,https://www.ftc.gov/system/files/documents/cases/141028attcmpt.pdf,
harv_0380,practice that has,legal_or_narrative,no,prec.ftc.att_unlimited_data_2019,misleading.missing_or_inconsistent_material_info|misleading.unsubstantiated_objective_claims,12,https://www.ftc.gov/system/files/documents/cases/150331attmobilityorder.pdf,
harv_0406,Ecommerce Customer Development Director,legal_or_narrative,no,prec.ftc.bountiful_review_hijacking_2023,misleading.false_affiliation_or_endorsement|misleading.unsubstantiated_objective_claims,3,https://www.ftc.gov/system/files/ftc_gov/pdf/the_bountiful_company_complaint.pdf,
harv_0407,spiked the second we variated the pages and they continue to grow,legal_or_narrative,no,prec.ftc.bountiful_review_hijacking_2023,misleading.false_affiliation_or_endorsement|misleading.unsubstantiated_objective_claims,4,https://www.ftc.gov/system/files/ftc_gov/pdf/the_bountiful_company_complaint.pdf,
harv_0408,allowed the new products,legal_or_narrative,no,prec.ftc.bountiful_review_hijacking_2023,misleading.false_affiliation_or_endorsement|misleading.unsubstantiated_objective_claims,4,https://www.ftc.gov/system/files/ftc_gov/pdf/the_bountiful_company_complaint.pdf,
harv_0225,Information about Chegg Data Breach,legal_or_narrative,no,prec.ftc.chegg_data_security_2023,privacy.data_collection_disclosure_required,5,https://www.ftc.gov/system/files/ftc_gov/pdf/Chegg-DecisionandOrder.pdf,
harv_0062,butto n and three separate,legal_or_narrative,no,prec.ftc.credit_karma_preapproved_2023,finance.misleading_or_unbalanced_claims|misleading.unsubstantiated_objective_claims,4,https://www.ftc.gov/system/files/ftc_gov/pdf/CK%20Complaint%209-1-22%20%28Redacted%29.pdf,
harv_0063,"claims, Respondent states",legal_or_narrative,no,prec.ftc.credit_karma_preapproved_2023,finance.misleading_or_unbalanced_claims|misleading.unsubstantiated_objective_claims,4,https://www.ftc.gov/system/files/ftc_gov/pdf/CK%20Complaint%209-1-22%20%28Redacted%29.pdf,
harv_0064,"link , and some times after addi tiona l offers and in the middle of other lan guage , the emails include a fine-print footnote stating",legal_or_narrative,no,prec.ftc.credit_karma_preapproved_2023,finance.misleading_or_unbalanced_claims|misleading.unsubstantiated_objective_claims,4,https://www.ftc.gov/system/files/ftc_gov/pdf/CK%20Complaint%209-1-22%20%28Redacted%29.pdf,
harv_0098,Notice of Settlement of FTC v. DeVry,legal_or_narrative,no,prec.ftc.devry_education_claims_2016,misleading.exaggerated_results|misleading.unsubstantiated_objective_claims,16,https://www.ftc.gov/system/files/documents/cases/161215_devry_stipulationrefinalorder.pdf,
harv_0102,had two face to face interviews a while back and now 2 Skype interviews,consumer_statement,no,prec.ftc.devry_education_claims_2016,misleading.exaggerated_results|misleading.unsubstantiated_objective_claims,24,https://www.ftc.gov/system/files/documents/cases/160127devrycmpt.pdf,
harv_0543,"United States v. Epic Games, Inc., FTC File No. 2223087",legal_or_narrative,no,prec.ftc.epic_games_coppa_2022,minors.parental_consent_for_childrens_data,25,https://search.ftc.gov/system/files/ftc_gov/pdf/2223087EpicGamesSettlement.pdf,
harv_0544,He further stated,legal_or_narrative,no,prec.ftc.epic_games_coppa_2022,minors.parental_consent_for_childrens_data,8,https://www.ftc.gov/system/files/ftc_gov/pdf/1923203EpicGamesComplaint.pdf,
harv_0545,According to the email,legal_or_narrative,no,prec.ftc.epic_games_coppa_2022,minors.parental_consent_for_childrens_data,9,https://www.ftc.gov/system/files/ftc_gov/pdf/1923203EpicGamesComplaint.pdf,
harv_0546,Fortnite fans 8-12,legal_or_narrative,yes,prec.ftc.epic_games_coppa_2022,minors.parental_consent_for_childrens_data,12,https://www.ftc.gov/system/files/ftc_gov/pdf/2223087EpicGamesComplaint.pdf,
harv_0547,Fortnite fans 13-21,legal_or_narrative,yes,prec.ftc.epic_games_coppa_2022,minors.parental_consent_for_childrens_data,12,https://www.ftc.gov/system/files/ftc_gov/pdf/2223087EpicGamesComplaint.pdf,
harv_0548,cases such as toxicity reports from players who were told to kill themselves by others,legal_or_narrative,yes,prec.ftc.epic_games_coppa_2022,minors.parental_consent_for_childrens_data,18,https://www.ftc.gov/system/files/ftc_gov/pdf/2223087EpicGamesComplaint.pdf,
harv_0409,Third-Party SUD Facility,legal_or_narrative,no,prec.ftc.evoke_wellness_google_ads_2025,misleading.false_affiliation_or_endorsement|health.unsubstantiated_health_claims,3,https://www.ftc.gov/system/files/ftc_gov/pdf/Evoke-StipulatedOrder.pdf,
harv_0197,Graph API V1,legal_or_narrative,no,prec.ftc.facebook_privacy_2019,privacy.opt_out_of_sale_or_sharing_for_targeted_ads,7,https://www.ftc.gov/system/files/documents/cases/182_3109_facebook_complaint_filed_7-24-19.pdf,
harv_0198,Applications and Websites,legal_or_narrative,no,prec.ftc.facebook_privacy_2019,privacy.opt_out_of_sale_or_sharing_for_targeted_ads,9,https://www.ftc.gov/system/files/documents/cases/182_3109_facebook_complaint_filed_7-24-19.pdf,
harv_0199,"tab in the settings menu; (2) find the Platform opt-out setting, which was located in a section of the page devoted to the user’s apps and labeled at various times",legal_or_narrative,no,prec.ftc.facebook_privacy_2019,privacy.opt_out_of_sale_or_sharing_for_targeted_ads,20,https://www.ftc.gov/system/files/documents/cases/182_3109_facebook_complaint_filed_7-24-19.pdf,
harv_0200,"Apps, Websites, and Plugins",legal_or_narrative,no,prec.ftc.facebook_privacy_2019,privacy.opt_out_of_sale_or_sharing_for_targeted_ads,20,https://www.ftc.gov/system/files/documents/cases/182_3109_facebook_complaint_filed_7-24-19.pdf,
harv_0203,"location, education, work status, relationship status, notes, groups, events, photos, religion",legal_or_narrative,unclear,prec.ftc.facebook_privacy_2019,privacy.opt_out_of_sale_or_sharing_for_targeted_ads,33,https://www.ftc.gov/system/files/documents/cases/182_3109_facebook_complaint_filed_7-24-19.pdf,
harv_0206,"interest groups they join, a",legal_or_narrative,no,prec.ftc.facebook_privacy_2019,privacy.opt_out_of_sale_or_sharing_for_targeted_ads,1,https://www.ftc.gov/sites/default/files/documents/cases/2011/11/111129facebookanal.pdf,
harv_0116,data concerning the characteristics and activities,legal_or_narrative,no,prec.ftc.flo_health_data_sharing_2021,privacy.data_collection_disclosure_required,5,https://www.ftc.gov/system/files/documents/cases/flo_health_complaint.pdf,
harv_0117,"requires organizations to inform individuals about, among other things",legal_or_narrative,no,prec.ftc.flo_health_data_sharing_2021,privacy.data_collection_disclosure_required,7,https://www.ftc.gov/system/files/documents/cases/flo_health_complaint.pdf,
harv_0118,requires organizations to,legal_or_narrative,no,prec.ftc.flo_health_data_sharing_2021,privacy.data_collection_disclosure_required,7,https://www.ftc.gov/system/files/documents/cases/flo_health_complaint.pdf,
harv_0212,consumer-focused digital healthcare platform,legal_or_narrative,no,prec.ftc.goodrx_health_data_2023,health.health_privacy_sensitive_attributes|privacy.sensitive_attribute_targeting_prohibited,2,https://www.ftc.gov/system/files/ftc_gov/pdf/goodrx_complaint_for_permanent_injunction_civil_penalties_and_other_relief.pdf,
harv_0214,provides that entities,legal_or_narrative,no,prec.ftc.goodrx_health_data_2023,health.health_privacy_sensitive_attributes|privacy.sensitive_attribute_targeting_prohibited,8,https://www.ftc.gov/system/files/ftc_gov/pdf/goodrx_complaint_for_permanent_injunction_civil_penalties_and_other_relief.pdf,
harv_0215,pred c laims,legal_or_narrative,no,prec.ftc.goodrx_health_data_2023,health.health_privacy_sensitive_attributes|privacy.sensitive_attribute_targeting_prohibited,14,https://www.ftc.gov/system/files/ftc_gov/pdf/goodrx_complaint_for_permanent_injunction_civil_penalties_and_other_relief.pdf,
harv_0216,protected health information,legal_or_narrative,no,prec.ftc.goodrx_health_data_2023,health.health_privacy_sensitive_attributes|privacy.sensitive_attribute_targeting_prohibited,10,https://www.ftc.gov/system/files/ftc_gov/pdf/goodrx_stipulated_order_for_permanent_injunction_civil_penalty_judgment_and_other_relief.pdf,
harv_0217,"U.S. v. GoodRx Holdings, Inc",legal_or_narrative,no,prec.ftc.goodrx_health_data_2023,health.health_privacy_sensitive_attributes|privacy.sensitive_attribute_targeting_prohibited,12,https://www.ftc.gov/system/files/ftc_gov/pdf/goodrx_stipulated_order_for_permanent_injunction_civil_penalty_judgment_and_other_relief.pdf,
harv_0508,Release of Personal Information,legal_or_narrative,no,prec.ftc.google_youtube_coppa_2019,minors.parental_consent_for_childrens_data|minors.child_directed_content_ad_restrictions,8,https://www.ftc.gov/system/files/documents/cases/172_3083_youtube_coppa_consent_order.pdf,
harv_0509,"includes, among other things",legal_or_narrative,no,prec.ftc.google_youtube_coppa_2019,minors.parental_consent_for_childrens_data|minors.child_directed_content_ad_restrictions,3,https://www.ftc.gov/system/files/documents/cases/youtube_complaint.pdf,
harv_0510,persistent identifier that can be used to recognize a user over time and across different Web sites or online services,legal_or_narrative,no,prec.ftc.google_youtube_coppa_2019,minors.parental_consent_for_childrens_data|minors.child_directed_content_ad_restrictions,3,https://www.ftc.gov/system/files/documents/cases/youtube_complaint.pdf,
harv_0511,customer number held in a cookie . . . or unique device identifier,legal_or_narrative,no,prec.ftc.google_youtube_coppa_2019,minors.parental_consent_for_childrens_data|minors.child_directed_content_ad_restrictions,3,https://www.ftc.gov/system/files/documents/cases/youtube_complaint.pdf,
harv_0512,deemed directed to children when it has actual knowledge that it is collecting personal information directly from users of another Web site or online service directed to children,legal_or_narrative,no,prec.ftc.google_youtube_coppa_2019,minors.parental_consent_for_childrens_data|minors.child_directed_content_ad_restrictions,3,https://www.ftc.gov/system/files/documents/cases/youtube_complaint.pdf,
harv_0513,obtaining verifiable consent,legal_or_narrative,no,prec.ftc.google_youtube_coppa_2019,minors.parental_consent_for_childrens_data|minors.child_directed_content_ad_restrictions,5,https://www.ftc.gov/system/files/documents/cases/youtube_complaint.pdf,
harv_0519,"we don’t have users that are below 13 on YouTube and platform/site is general audience, so there is no channel/content that is child-directed and no COPPA compliance is needed",legal_or_narrative,yes,prec.ftc.google_youtube_coppa_2019,minors.parental_consent_for_childrens_data|minors.child_directed_content_ad_restrictions,9,https://www.ftc.gov/system/files/documents/cases/youtube_complaint.pdf,
harv_0521,directed to children,legal_or_narrative,unclear,prec.ftc.google_youtube_coppa_2019,minors.parental_consent_for_childrens_data|minors.child_directed_content_ad_restrictions,10,https://www.ftc.gov/system/files/documents/cases/youtube_complaint.pdf,
harv_0523,Creating for Kids Playbook,legal_or_narrative,no,prec.ftc.google_youtube_coppa_2019,minors.parental_consent_for_childrens_data|minors.child_directed_content_ad_restrictions,11,https://www.ftc.gov/system/files/documents/cases/youtube_complaint.pdf,
harv_0524,section of its YouTube channel webpage describes the channel as,legal_or_narrative,no,prec.ftc.google_youtube_coppa_2019,minors.parental_consent_for_childrens_data|minors.child_directed_content_ad_restrictions,11,https://www.ftc.gov/system/files/documents/cases/youtube_complaint.pdf,
harv_0526,section on its YouTube channel webpage says the channel is,legal_or_narrative,no,prec.ftc.google_youtube_coppa_2019,minors.parental_consent_for_childrens_data|minors.child_directed_content_ad_restrictions,12,https://www.ftc.gov/system/files/documents/cases/youtube_complaint.pdf,
harv_0527,section of its YouTube channel webpage states,legal_or_narrative,no,prec.ftc.google_youtube_coppa_2019,minors.parental_consent_for_childrens_data|minors.child_directed_content_ad_restrictions,12,https://www.ftc.gov/system/files/documents/cases/youtube_complaint.pdf,
harv_0528,Episodes of the show include,legal_or_narrative,no,prec.ftc.google_youtube_coppa_2019,minors.parental_consent_for_childrens_data|minors.child_directed_content_ad_restrictions,12,https://www.ftc.gov/system/files/documents/cases/youtube_complaint.pdf,
harv_0533,section on its YouTube channel webpage says,legal_or_narrative,no,prec.ftc.google_youtube_coppa_2019,minors.parental_consent_for_childrens_data|minors.child_directed_content_ad_restrictions,13,https://www.ftc.gov/system/files/documents/cases/youtube_complaint.pdf,
harv_0534,section on its YouTube channel webpage that it is for those viewers,legal_or_narrative,no,prec.ftc.google_youtube_coppa_2019,minors.parental_consent_for_childrens_data|minors.child_directed_content_ad_restrictions,13,https://www.ftc.gov/system/files/documents/cases/youtube_complaint.pdf,
harv_0535,section on its YouTube channel webpage describes it as,legal_or_narrative,no,prec.ftc.google_youtube_coppa_2019,minors.parental_consent_for_childrens_data|minors.child_directed_content_ad_restrictions,14,https://www.ftc.gov/system/files/documents/cases/youtube_complaint.pdf,
harv_0537,section on its YouTube channel webpage says the channel has,legal_or_narrative,no,prec.ftc.google_youtube_coppa_2019,minors.parental_consent_for_childrens_data|minors.child_directed_content_ad_restrictions,14,https://www.ftc.gov/system/files/documents/cases/youtube_complaint.pdf,
harv_0538,section of its YouTube channel webpage says the channel is,legal_or_narrative,no,prec.ftc.google_youtube_coppa_2019,minors.parental_consent_for_childrens_data|minors.child_directed_content_ad_restrictions,14,https://www.ftc.gov/system/files/documents/cases/youtube_complaint.pdf,
harv_0539,includes a legal guardian. 0,legal_or_narrative,no,prec.ftc.google_youtube_coppa_2019,minors.parental_consent_for_childrens_data|minors.child_directed_content_ad_restrictions,6,https://www.ftc.gov/system/files/documents/cases/172_3083_youtube_coppa_consent_order_signed.pdf,
harv_0540,first and last name,legal_or_narrative,no,prec.ftc.google_youtube_coppa_2019,minors.parental_consent_for_childrens_data|minors.child_directed_content_ad_restrictions,3,https://www.ftc.gov/system/files/documents/cases/172_3083_youtube_revised_complaint.pdf,
harv_0374,Multi-Level Marketing Program,legal_or_narrative,no,prec.ftc.herbalife_mlm_2016,finance.performance_claims_substantiation|misleading.unsubstantiated_objective_claims,4,https://www.ftc.gov/system/files/documents/cases/160715herbalife-stip.pdf,
harv_0418,Space -Constrained Advertisement,legal_or_narrative,no,prec.ftc.hrblock_free_filing_2024,finance.misleading_or_unbalanced_claims|misleading.unsubstantiated_objective_claims,6,https://www.ftc.gov/system/files/ftc_gov/pdf/d09427_-_hr_block_consent_agreement_package_without_signatures.pdf,
harv_0419,help center isn’t helpful for starting over or changing products,legal_or_narrative,no,prec.ftc.hrblock_free_filing_2024,finance.misleading_or_unbalanced_claims|misleading.unsubstantiated_objective_claims,18,https://www.ftc.gov/system/files/ftc_gov/pdf/d09427_-_hr_block_consent_agreement_package_without_signatures.pdf,
harv_0420,I’m not convinced we should ‘publicly’ display how to downgrade themselves – even if it is only in help,legal_or_narrative,no,prec.ftc.hrblock_free_filing_2024,finance.misleading_or_unbalanced_claims|misleading.unsubstantiated_objective_claims,18,https://www.ftc.gov/system/files/ftc_gov/pdf/d09427_-_hr_block_consent_agreement_package_without_signatures.pdf,
harv_0421,Ok. I just wasted an hour of my time,consumer_statement,no,prec.ftc.hrblock_free_filing_2024,finance.misleading_or_unbalanced_claims|misleading.unsubstantiated_objective_claims,20,https://www.ftc.gov/system/files/ftc_gov/pdf/d09427_-_hr_block_consent_agreement_package_without_signatures.pdf,
harv_0422,loss of data with downgrade,legal_or_narrative,no,prec.ftc.hrblock_free_filing_2024,finance.misleading_or_unbalanced_claims|misleading.unsubstantiated_objective_claims,20,https://www.ftc.gov/system/files/ftc_gov/pdf/d09427_-_hr_block_consent_agreement_package_without_signatures.pdf,
harv_0428,Program Upgrades w/o Explanation,legal_or_narrative,no,prec.ftc.hrblock_free_filing_2024,finance.misleading_or_unbalanced_claims|misleading.unsubstantiated_objective_claims,30,https://www.ftc.gov/system/files/ftc_gov/pdf/d09427_-_hr_block_consent_agreement_package_without_signatures.pdf,
harv_0429,"I decided to try deluxe with the assumption that, should it not prove beneficial, I could change my plan back. Being roped into paying for the deluxe version was unhelpful to me, as it did not increase my refund",consumer_statement,yes,prec.ftc.hrblock_free_filing_2024,finance.misleading_or_unbalanced_claims|misleading.unsubstantiated_objective_claims,30,https://www.ftc.gov/system/files/ftc_gov/pdf/d09427_-_hr_block_consent_agreement_package_without_signatures.pdf,
harv_0430,regulatory response fees,legal_or_narrative,no,prec.ftc.instacart_deceptive_2025,misleading.missing_or_inconsistent_material_info|misleading.unsubstantiated_objective_claims,7,https://www.ftc.gov/system/files/ftc_gov/pdf/Instacart-Complaint.pdf,
harv_0431,sometimes with a link to a separate page on Instacart’s website containing the terms applicable to Instacart’s,legal_or_narrative,no,prec.ftc.instacart_deceptive_2025,misleading.missing_or_inconsistent_material_info|misleading.unsubstantiated_objective_claims,7,https://www.ftc.gov/system/files/ftc_gov/pdf/Instacart-Complaint.pdf,
harv_0432,I assumed FREE delivery meant completely free of fees,consumer_statement,yes,prec.ftc.instacart_deceptive_2025,misleading.missing_or_inconsistent_material_info|misleading.unsubstantiated_objective_claims,8,https://www.ftc.gov/system/files/ftc_gov/pdf/Instacart-Complaint.pdf,
harv_0433,"Instacart advertises ‘first three deliveries free,’ but charges a $7 ‘service fee’ which means the delivery isn’t free . . . promising three free deliveries and charging that is deceptive at best, and an outright lie or fraud at worst",consumer_statement,yes,prec.ftc.instacart_deceptive_2025,misleading.missing_or_inconsistent_material_info|misleading.unsubstantiated_objective_claims,8,https://www.ftc.gov/system/files/ftc_gov/pdf/Instacart-Complaint.pdf,
harv_0434,"I understand the delivery fee. I wonder why there is an additional service fee. Like, what does that even mean? Why is it not simply folded into the delivery fee?",consumer_statement,no,prec.ftc.instacart_deceptive_2025,misleading.missing_or_inconsistent_material_info|misleading.unsubstantiated_objective_claims,9,https://www.ftc.gov/system/files/ftc_gov/pdf/Instacart-Complaint.pdf,
harv_0227,"Intuit did use a multiyear, multimodal campaign",legal_or_narrative,no,prec.ftc.intuit_turbotax_free_2022,finance.misleading_or_unbalanced_claims|misleading.unsubstantiated_objective_claims,16,https://www.ftc.gov/system/files/ftc_gov/pdf/intuit_initial_decision_public_redacted_1.pdf,
harv_0231,advertising did not include the language regarding,legal_or_narrative,no,prec.ftc.intuit_turbotax_free_2022,finance.misleading_or_unbalanced_claims|misleading.unsubstantiated_objective_claims,18,https://www.ftc.gov/system/files/ftc_gov/pdf/intuit_initial_decision_public_redacted_1.pdf,
harv_0236,"begin rolling, consisting only of the words",legal_or_narrative,no,prec.ftc.intuit_turbotax_free_2022,finance.misleading_or_unbalanced_claims|misleading.unsubstantiated_objective_claims,31,https://www.ftc.gov/system/files/ftc_gov/pdf/intuit_initial_decision_public_redacted_1.pdf,
harv_0242,Game Show 15-second,legal_or_narrative,no,prec.ftc.intuit_turbotax_free_2022,finance.misleading_or_unbalanced_claims|misleading.unsubstantiated_objective_claims,36,https://www.ftc.gov/system/files/ftc_gov/pdf/intuit_initial_decision_public_redacted_1.pdf,
harv_0243,Court Reporter TY 2019,legal_or_narrative,no,prec.ftc.intuit_turbotax_free_2022,finance.misleading_or_unbalanced_claims|misleading.unsubstantiated_objective_claims,39,https://www.ftc.gov/system/files/ftc_gov/pdf/intuit_initial_decision_public_redacted_1.pdf,
harv_0245,Crossword TY 2019,legal_or_narrative,no,prec.ftc.intuit_turbotax_free_2022,finance.misleading_or_unbalanced_claims|misleading.unsubstantiated_objective_claims,41,https://www.ftc.gov/system/files/ftc_gov/pdf/intuit_initial_decision_public_redacted_1.pdf,
harv_0247,Big Kick 60-second,legal_or_narrative,no,prec.ftc.intuit_turbotax_free_2022,finance.misleading_or_unbalanced_claims|misleading.unsubstantiated_objective_claims,42,https://www.ftc.gov/system/files/ftc_gov/pdf/intuit_initial_decision_public_redacted_1.pdf,
harv_0248,Big Kick 30-second,legal_or_narrative,no,prec.ftc.intuit_turbotax_free_2022,finance.misleading_or_unbalanced_claims|misleading.unsubstantiated_objective_claims,42,https://www.ftc.gov/system/files/ftc_gov/pdf/intuit_initial_decision_public_redacted_1.pdf,
harv_0249,Spelling Bee Version 1,legal_or_narrative,no,prec.ftc.intuit_turbotax_free_2022,finance.misleading_or_unbalanced_claims|misleading.unsubstantiated_objective_claims,44,https://www.ftc.gov/system/files/ftc_gov/pdf/intuit_initial_decision_public_redacted_1.pdf,
harv_0250,Spelling Bee Version 2,legal_or_narrative,no,prec.ftc.intuit_turbotax_free_2022,finance.misleading_or_unbalanced_claims|misleading.unsubstantiated_objective_claims,45,https://www.ftc.gov/system/files/ftc_gov/pdf/intuit_initial_decision_public_redacted_1.pdf,
harv_0251,Spelling Bee 15- second,legal_or_narrative,no,prec.ftc.intuit_turbotax_free_2022,finance.misleading_or_unbalanced_claims|misleading.unsubstantiated_objective_claims,46,https://www.ftc.gov/system/files/ftc_gov/pdf/intuit_initial_decision_public_redacted_1.pdf,
harv_0252,Spelling Bee 15-second Version 2,legal_or_narrative,no,prec.ftc.intuit_turbotax_free_2022,finance.misleading_or_unbalanced_claims|misleading.unsubstantiated_objective_claims,47,https://www.ftc.gov/system/files/ftc_gov/pdf/intuit_initial_decision_public_redacted_1.pdf,
harv_0253,Dance Workout 15-second,legal_or_narrative,no,prec.ftc.intuit_turbotax_free_2022,finance.misleading_or_unbalanced_claims|misleading.unsubstantiated_objective_claims,50,https://www.ftc.gov/system/files/ftc_gov/pdf/intuit_initial_decision_public_redacted_1.pdf,
harv_0254,Steven/Spit Take 14-second,legal_or_narrative,no,prec.ftc.intuit_turbotax_free_2022,finance.misleading_or_unbalanced_claims|misleading.unsubstantiated_objective_claims,53,https://www.ftc.gov/system/files/ftc_gov/pdf/intuit_initial_decision_public_redacted_1.pdf,
harv_0255,Steven/Spit Take 28-second,legal_or_narrative,no,prec.ftc.intuit_turbotax_free_2022,finance.misleading_or_unbalanced_claims|misleading.unsubstantiated_objective_claims,54,https://www.ftc.gov/system/files/ftc_gov/pdf/intuit_initial_decision_public_redacted_1.pdf,
harv_0269,Auctioneer YouTube advertisement,legal_or_narrative,no,prec.ftc.intuit_turbotax_free_2022,finance.misleading_or_unbalanced_claims|misleading.unsubstantiated_objective_claims,90,https://www.ftc.gov/system/files/ftc_gov/pdf/intuit_initial_decision_public_redacted_1.pdf,
harv_0270,"claims, some of which also included small print disclosures of",legal_or_narrative,no,prec.ftc.intuit_turbotax_free_2022,finance.misleading_or_unbalanced_claims|misleading.unsubstantiated_objective_claims,102,https://www.ftc.gov/system/files/ftc_gov/pdf/intuit_initial_decision_public_redacted_1.pdf,
harv_0283,interested in trying to use TurboTax,legal_or_narrative,no,prec.ftc.intuit_turbotax_free_2022,finance.misleading_or_unbalanced_claims|misleading.unsubstantiated_objective_claims,111,https://www.ftc.gov/system/files/ftc_gov/pdf/intuit_initial_decision_public_redacted_1.pdf,
harv_0284,access the product through,legal_or_narrative,no,prec.ftc.intuit_turbotax_free_2022,finance.misleading_or_unbalanced_claims|misleading.unsubstantiated_objective_claims,111,https://www.ftc.gov/system/files/ftc_gov/pdf/intuit_initial_decision_public_redacted_1.pdf,
harv_0286,"suggests a standard for consumers to determine the meaning of the phrase for themselves, and because the word",legal_or_narrative,no,prec.ftc.intuit_turbotax_free_2022,finance.misleading_or_unbalanced_claims|misleading.unsubstantiated_objective_claims,134,https://www.ftc.gov/system/files/ftc_gov/pdf/intuit_initial_decision_public_redacted_1.pdf,
harv_0287,TY20 Campaign Copy Testing,legal_or_narrative,no,prec.ftc.intuit_turbotax_free_2022,finance.misleading_or_unbalanced_claims|misleading.unsubstantiated_objective_claims,136,https://www.ftc.gov/system/files/ftc_gov/pdf/intuit_initial_decision_public_redacted_1.pdf,
harv_0288,copy test advertisements,legal_or_narrative,no,prec.ftc.intuit_turbotax_free_2022,finance.misleading_or_unbalanced_claims|misleading.unsubstantiated_objective_claims,136,https://www.ftc.gov/system/files/ftc_gov/pdf/intuit_initial_decision_public_redacted_1.pdf,
harv_0290,"Consistent, unwavering use of the word ‘free’ throughout captivates viewers as they make sense of the bizarre single word worlds",legal_or_narrative,no,prec.ftc.intuit_turbotax_free_2022,finance.misleading_or_unbalanced_claims|misleading.unsubstantiated_objective_claims,137,https://www.ftc.gov/system/files/ftc_gov/pdf/intuit_initial_decision_public_redacted_1.pdf,
harv_0291,TY18 Copy Testing,legal_or_narrative,no,prec.ftc.intuit_turbotax_free_2022,finance.misleading_or_unbalanced_claims|misleading.unsubstantiated_objective_claims,137,https://www.ftc.gov/system/files/ftc_gov/pdf/intuit_initial_decision_public_redacted_1.pdf,
harv_0292,Spelling Bee copy test advertisement,legal_or_narrative,no,prec.ftc.intuit_turbotax_free_2022,finance.misleading_or_unbalanced_claims|misleading.unsubstantiated_objective_claims,137,https://www.ftc.gov/system/files/ftc_gov/pdf/intuit_initial_decision_public_redacted_1.pdf,
harv_0293,FY’19 GTM White Paper,legal_or_narrative,no,prec.ftc.intuit_turbotax_free_2022,finance.misleading_or_unbalanced_claims|misleading.unsubstantiated_objective_claims,138,https://www.ftc.gov/system/files/ftc_gov/pdf/intuit_initial_decision_public_redacted_1.pdf,
harv_0294,go-to-market plans for fiscal year 2019,legal_or_narrative,no,prec.ftc.intuit_turbotax_free_2022,finance.misleading_or_unbalanced_claims|misleading.unsubstantiated_objective_claims,138,https://www.ftc.gov/system/files/ftc_gov/pdf/intuit_initial_decision_public_redacted_1.pdf,
harv_0296,"Huh, well, if that’s the truth, then how do we create a campaign that builds upon that truth?",legal_or_narrative,no,prec.ftc.intuit_turbotax_free_2022,finance.misleading_or_unbalanced_claims|misleading.unsubstantiated_objective_claims,140,https://www.ftc.gov/system/files/ftc_gov/pdf/intuit_initial_decision_public_redacted_1.pdf,
harv_0297,too many unexpected fees,consumer_statement,yes,prec.ftc.intuit_turbotax_free_2022,finance.misleading_or_unbalanced_claims|misleading.unsubstantiated_objective_claims,141,https://www.ftc.gov/system/files/ftc_gov/pdf/intuit_initial_decision_public_redacted_1.pdf,
harv_0298,hidden costs that were not expected,consumer_statement,yes,prec.ftc.intuit_turbotax_free_2022,finance.misleading_or_unbalanced_claims|misleading.unsubstantiated_objective_claims,141,https://www.ftc.gov/system/files/ftc_gov/pdf/intuit_initial_decision_public_redacted_1.pdf,
harv_0299,Why are you advertising free when by the end of doing my taxes with you it cost me $140! I will add this to my review of this product??,consumer_statement,yes,prec.ftc.intuit_turbotax_free_2022,finance.misleading_or_unbalanced_claims|misleading.unsubstantiated_objective_claims,141,https://www.ftc.gov/system/files/ftc_gov/pdf/intuit_initial_decision_public_redacted_1.pdf,
harv_0300,"ADVERTISES FREE, FREE, FREE, BUT ITS ACTUALLY FEE, FEE, FEE!",consumer_statement,yes,prec.ftc.intuit_turbotax_free_2022,finance.misleading_or_unbalanced_claims|misleading.unsubstantiated_objective_claims,143,https://www.ftc.gov/system/files/ftc_gov/pdf/intuit_initial_decision_public_redacted_1.pdf,
harv_0301,They advertise $0 to file a basic W2 and end up charging you!,consumer_statement,yes,prec.ftc.intuit_turbotax_free_2022,finance.misleading_or_unbalanced_claims|misleading.unsubstantiated_objective_claims,143,https://www.ftc.gov/system/files/ftc_gov/pdf/intuit_initial_decision_public_redacted_1.pdf,
harv_0302,"I would give a higher review, however they keep promoting that it is free free free and yet it is NOT NOT NOT",consumer_statement,yes,prec.ftc.intuit_turbotax_free_2022,finance.misleading_or_unbalanced_claims|misleading.unsubstantiated_objective_claims,143,https://www.ftc.gov/system/files/ftc_gov/pdf/intuit_initial_decision_public_redacted_1.pdf,
harv_0303,"commercial after commercial telling you its free its free, go to hell with that",consumer_statement,yes,prec.ftc.intuit_turbotax_free_2022,finance.misleading_or_unbalanced_claims|misleading.unsubstantiated_objective_claims,143,https://www.ftc.gov/system/files/ftc_gov/pdf/intuit_initial_decision_public_redacted_1.pdf,
harv_0304,I would of given ZERO stars!!!!!!!!!,consumer_statement,no,prec.ftc.intuit_turbotax_free_2022,finance.misleading_or_unbalanced_claims|misleading.unsubstantiated_objective_claims,143,https://www.ftc.gov/system/files/ftc_gov/pdf/intuit_initial_decision_public_redacted_1.pdf,
harv_0305,Your COMMERCIALS in the STATE of MINNESOTA says FREE FREE FREE FREE FREE. YOU CHARGE FOR FILING!!! FALSE ADVERTISEMENT!!!!!! YOU NEED TO REFUND ME FOR FILING!!!!!!!!!!!!!!!!!! STOP LYING about being FREE!!!!!!!!!!!!!!!!!!!!!!!!!,consumer_statement,yes,prec.ftc.intuit_turbotax_free_2022,finance.misleading_or_unbalanced_claims|misleading.unsubstantiated_objective_claims,143,https://www.ftc.gov/system/files/ftc_gov/pdf/intuit_initial_decision_public_redacted_1.pdf,
harv_0306,Probably won’t use Turbotax again,consumer_statement,yes,prec.ftc.intuit_turbotax_free_2022,finance.misleading_or_unbalanced_claims|misleading.unsubstantiated_objective_claims,144,https://www.ftc.gov/system/files/ftc_gov/pdf/intuit_initial_decision_public_redacted_1.pdf,
harv_0307,Free to file my a55,consumer_statement,yes,prec.ftc.intuit_turbotax_free_2022,finance.misleading_or_unbalanced_claims|misleading.unsubstantiated_objective_claims,144,https://www.ftc.gov/system/files/ftc_gov/pdf/intuit_initial_decision_public_redacted_1.pdf,
harv_0308,repeated numerous times across all ads,legal_or_narrative,yes,prec.ftc.intuit_turbotax_free_2022,finance.misleading_or_unbalanced_claims|misleading.unsubstantiated_objective_claims,146,https://www.ftc.gov/system/files/ftc_gov/pdf/intuit_initial_decision_public_redacted_1.pdf,
harv_0309,recall a TurboTax advertisement,legal_or_narrative,no,prec.ftc.intuit_turbotax_free_2022,finance.misleading_or_unbalanced_claims|misleading.unsubstantiated_objective_claims,146,https://www.ftc.gov/system/files/ftc_gov/pdf/intuit_initial_decision_public_redacted_1.pdf,
harv_0310,"simple, easy and free",legal_or_narrative,yes,prec.ftc.intuit_turbotax_free_2022,finance.misleading_or_unbalanced_claims|misleading.unsubstantiated_objective_claims,146,https://www.ftc.gov/system/files/ftc_gov/pdf/intuit_initial_decision_public_redacted_1.pdf,
harv_0311,filing claims for TurboTax products refer to the filing of,legal_or_narrative,no,prec.ftc.intuit_turbotax_free_2022,finance.misleading_or_unbalanced_claims|misleading.unsubstantiated_objective_claims,148,https://www.ftc.gov/system/files/ftc_gov/pdf/intuit_initial_decision_public_redacted_1.pdf,
harv_0315,filing claims include a voice-over stating that consumers can file,legal_or_narrative,no,prec.ftc.intuit_turbotax_free_2022,finance.misleading_or_unbalanced_claims|misleading.unsubstantiated_objective_claims,150,https://www.ftc.gov/system/files/ftc_gov/pdf/intuit_initial_decision_public_redacted_1.pdf,
harv_0316,Video Display Advertisements with verbal free claims also state audibly,legal_or_narrative,no,prec.ftc.intuit_turbotax_free_2022,finance.misleading_or_unbalanced_claims|misleading.unsubstantiated_objective_claims,150,https://www.ftc.gov/system/files/ftc_gov/pdf/intuit_initial_decision_public_redacted_1.pdf,
harv_0317,filing claims for TurboTax products include written disclosures stating,legal_or_narrative,no,prec.ftc.intuit_turbotax_free_2022,finance.misleading_or_unbalanced_claims|misleading.unsubstantiated_objective_claims,150,https://www.ftc.gov/system/files/ftc_gov/pdf/intuit_initial_decision_public_redacted_1.pdf,
harv_0318,"filing claims for TurboTax products include written statements in the subtext, beneath the headline and sub-headline, such as",legal_or_narrative,no,prec.ftc.intuit_turbotax_free_2022,finance.misleading_or_unbalanced_claims|misleading.unsubstantiated_objective_claims,151,https://www.ftc.gov/system/files/ftc_gov/pdf/intuit_initial_decision_public_redacted_1.pdf,
harv_0320,"filing claims for TurboTax products include written disclosures underneath the offer to file for free, stating",legal_or_narrative,no,prec.ftc.intuit_turbotax_free_2022,finance.misleading_or_unbalanced_claims|misleading.unsubstantiated_objective_claims,152,https://www.ftc.gov/system/files/ftc_gov/pdf/intuit_initial_decision_public_redacted_1.pdf,
harv_0322,claims in its advertising and airing advertisements from its,legal_or_narrative,no,prec.ftc.intuit_turbotax_free_2022,finance.misleading_or_unbalanced_claims|misleading.unsubstantiated_objective_claims,157,https://www.ftc.gov/system/files/ftc_gov/pdf/intuit_initial_decision_public_redacted_1.pdf,
harv_0323,Consolidated Class Action Complaint,legal_or_narrative,no,prec.ftc.intuit_turbotax_free_2022,finance.misleading_or_unbalanced_claims|misleading.unsubstantiated_objective_claims,158,https://www.ftc.gov/system/files/ftc_gov/pdf/intuit_initial_decision_public_redacted_1.pdf,
harv_0324,expressly or by implication,legal_or_narrative,no,prec.ftc.intuit_turbotax_free_2022,finance.misleading_or_unbalanced_claims|misleading.unsubstantiated_objective_claims,158,https://www.ftc.gov/system/files/ftc_gov/pdf/intuit_initial_decision_public_redacted_1.pdf,
harv_0325,"free, whether directly or indirectly",legal_or_narrative,no,prec.ftc.intuit_turbotax_free_2022,finance.misleading_or_unbalanced_claims|misleading.unsubstantiated_objective_claims,159,https://www.ftc.gov/system/files/ftc_gov/pdf/intuit_initial_decision_public_redacted_1.pdf,
harv_0326,non-Space-Constrained Advertisement of free tax preparation products other than on a TurboTax Website,legal_or_narrative,no,prec.ftc.intuit_turbotax_free_2022,finance.misleading_or_unbalanced_claims|misleading.unsubstantiated_objective_claims,159,https://www.ftc.gov/system/files/ftc_gov/pdf/intuit_initial_decision_public_redacted_1.pdf,
harv_0327,very near the triggering representation and that the disclosure is made simultaneously with the triggering representation and remains or is repeated throughout the duration of the Advertisement,legal_or_narrative,no,prec.ftc.intuit_turbotax_free_2022,finance.misleading_or_unbalanced_claims|misleading.unsubstantiated_objective_claims,159,https://www.ftc.gov/system/files/ftc_gov/pdf/intuit_initial_decision_public_redacted_1.pdf,
harv_0328,"disclosure made through a hyperlink, pop-up, interstitial, or other similar technique is not in Close Proximity to the triggering representation",legal_or_narrative,no,prec.ftc.intuit_turbotax_free_2022,finance.misleading_or_unbalanced_claims|misleading.unsubstantiated_objective_claims,159,https://www.ftc.gov/system/files/ftc_gov/pdf/intuit_initial_decision_public_redacted_1.pdf,
harv_0329,Space-Constrained Advertisement of free tax preparation products,legal_or_narrative,no,prec.ftc.intuit_turbotax_free_2022,finance.misleading_or_unbalanced_claims|misleading.unsubstantiated_objective_claims,160,https://www.ftc.gov/system/files/ftc_gov/pdf/intuit_initial_decision_public_redacted_1.pdf,
harv_0330,eligibility requirements apply,legal_or_narrative,no,prec.ftc.intuit_turbotax_free_2022,finance.misleading_or_unbalanced_claims|misleading.unsubstantiated_objective_claims,160,https://www.ftc.gov/system/files/ftc_gov/pdf/intuit_initial_decision_public_redacted_1.pdf,
harv_0332,"advertisement, where a court stenographer reads back a transcript consisting only of the word",legal_or_narrative,no,prec.ftc.intuit_turbotax_free_2022,finance.misleading_or_unbalanced_claims|misleading.unsubstantiated_objective_claims,171,https://www.ftc.gov/system/files/ftc_gov/pdf/intuit_initial_decision_public_redacted_1.pdf,
harv_0333,"advertisement, where all the answers are",legal_or_narrative,no,prec.ftc.intuit_turbotax_free_2022,finance.misleading_or_unbalanced_claims|misleading.unsubstantiated_objective_claims,171,https://www.ftc.gov/system/files/ftc_gov/pdf/intuit_initial_decision_public_redacted_1.pdf,
harv_0334,advertisement in which a father and son play football and speak only the word,legal_or_narrative,no,prec.ftc.intuit_turbotax_free_2022,finance.misleading_or_unbalanced_claims|misleading.unsubstantiated_objective_claims,171,https://www.ftc.gov/system/files/ftc_gov/pdf/intuit_initial_decision_public_redacted_1.pdf,
harv_0335,"advertisement, in which",legal_or_narrative,no,prec.ftc.intuit_turbotax_free_2022,finance.misleading_or_unbalanced_claims|misleading.unsubstantiated_objective_claims,171,https://www.ftc.gov/system/files/ftc_gov/pdf/intuit_initial_decision_public_redacted_1.pdf,
harv_0339,combined with the assertion,legal_or_narrative,no,prec.ftc.intuit_turbotax_free_2022,finance.misleading_or_unbalanced_claims|misleading.unsubstantiated_objective_claims,174,https://www.ftc.gov/system/files/ftc_gov/pdf/intuit_initial_decision_public_redacted_1.pdf,
harv_0340,"messaging, the need for the advertiser to provide clear and conspicuous disclosures of any limitations or conditions is particularly strong",legal_or_narrative,no,prec.ftc.intuit_turbotax_free_2022,finance.misleading_or_unbalanced_claims|misleading.unsubstantiated_objective_claims,175,https://www.ftc.gov/system/files/ftc_gov/pdf/intuit_initial_decision_public_redacted_1.pdf,
harv_0342,Advertising capable of being interpreted in a misleading way should be construed against the advertiser,legal_or_narrative,no,prec.ftc.intuit_turbotax_free_2022,finance.misleading_or_unbalanced_claims|misleading.unsubstantiated_objective_claims,177,https://www.ftc.gov/system/files/ftc_gov/pdf/intuit_initial_decision_public_redacted_1.pdf,
harv_0343,pro forma statements,legal_or_narrative,no,prec.ftc.intuit_turbotax_free_2022,finance.misleading_or_unbalanced_claims|misleading.unsubstantiated_objective_claims,177,https://www.ftc.gov/system/files/ftc_gov/pdf/intuit_initial_decision_public_redacted_1.pdf,
harv_0347,returned an advertisement with the headline,legal_or_narrative,no,prec.ftc.intuit_turbotax_free_2022,finance.misleading_or_unbalanced_claims|misleading.unsubstantiated_objective_claims,190,https://www.ftc.gov/system/files/ftc_gov/pdf/intuit_initial_decision_public_redacted_1.pdf,
harv_0349,reliable results from methodologically sound consumer surveys,legal_or_narrative,no,prec.ftc.intuit_turbotax_free_2022,finance.misleading_or_unbalanced_claims|misleading.unsubstantiated_objective_claims,192,https://www.ftc.gov/system/files/ftc_gov/pdf/intuit_initial_decision_public_redacted_1.pdf,
harv_0350,showing how consumers might ordinarily be expected to perceive or understand representations like those contained,legal_or_narrative,no,prec.ftc.intuit_turbotax_free_2022,finance.misleading_or_unbalanced_claims|misleading.unsubstantiated_objective_claims,192,https://www.ftc.gov/system/files/ftc_gov/pdf/intuit_initial_decision_public_redacted_1.pdf,
harv_0351,awareness of free,legal_or_narrative,no,prec.ftc.intuit_turbotax_free_2022,finance.misleading_or_unbalanced_claims|misleading.unsubstantiated_objective_claims,193,https://www.ftc.gov/system/files/ftc_gov/pdf/intuit_initial_decision_public_redacted_1.pdf,
harv_0352,disclosure or the presence of a hyperlink explains the meaning of,legal_or_narrative,no,prec.ftc.intuit_turbotax_free_2022,finance.misleading_or_unbalanced_claims|misleading.unsubstantiated_objective_claims,196,https://www.ftc.gov/system/files/ftc_gov/pdf/intuit_initial_decision_public_redacted_1.pdf,
harv_0353,buy one get one free,legal_or_narrative,no,prec.ftc.intuit_turbotax_free_2022,finance.misleading_or_unbalanced_claims|misleading.unsubstantiated_objective_claims,200,https://www.ftc.gov/system/files/ftc_gov/pdf/intuit_initial_decision_public_redacted_1.pdf,
harv_0354,free with purchase,legal_or_narrative,no,prec.ftc.intuit_turbotax_free_2022,finance.misleading_or_unbalanced_claims|misleading.unsubstantiated_objective_claims,200,https://www.ftc.gov/system/files/ftc_gov/pdf/intuit_initial_decision_public_redacted_1.pdf,
harv_0355,too good to be true,legal_or_narrative,no,prec.ftc.intuit_turbotax_free_2022,finance.misleading_or_unbalanced_claims|misleading.unsubstantiated_objective_claims,201,https://www.ftc.gov/system/files/ftc_gov/pdf/intuit_initial_decision_public_redacted_1.pdf,
harv_0356,Laws are made to protect the trusting as well as the suspicious,legal_or_narrative,no,prec.ftc.intuit_turbotax_free_2022,finance.misleading_or_unbalanced_claims|misleading.unsubstantiated_objective_claims,205,https://www.ftc.gov/system/files/ftc_gov/pdf/intuit_initial_decision_public_redacted_1.pdf,
harv_0357,there is no obligation on the part of the customer to protect himself,legal_or_narrative,no,prec.ftc.intuit_turbotax_free_2022,finance.misleading_or_unbalanced_claims|misleading.unsubstantiated_objective_claims,205,https://www.ftc.gov/system/files/ftc_gov/pdf/intuit_initial_decision_public_redacted_1.pdf,
harv_0359,Intuit has discontinued the purportedly unfair and deceptive advertising campaigns,legal_or_narrative,no,prec.ftc.intuit_turbotax_free_2022,finance.misleading_or_unbalanced_claims|misleading.unsubstantiated_objective_claims,212,https://www.ftc.gov/system/files/ftc_gov/pdf/intuit_initial_decision_public_redacted_1.pdf,
harv_0360,"advertising, marketing, promoting, or offering for sale of any goods or services",legal_or_narrative,no,prec.ftc.intuit_turbotax_free_2022,finance.misleading_or_unbalanced_claims|misleading.unsubstantiated_objective_claims,219,https://www.ftc.gov/system/files/ftc_gov/pdf/intuit_initial_decision_public_redacted_1.pdf,
harv_0361,have the same features,legal_or_narrative,no,prec.ftc.intuit_turbotax_free_2022,finance.misleading_or_unbalanced_claims|misleading.unsubstantiated_objective_claims,222,https://www.ftc.gov/system/files/ftc_gov/pdf/intuit_initial_decision_public_redacted_1.pdf,
harv_0362,refers to covered advertisements that have,legal_or_narrative,no,prec.ftc.intuit_turbotax_free_2022,finance.misleading_or_unbalanced_claims|misleading.unsubstantiated_objective_claims,224,https://www.ftc.gov/system/files/ftc_gov/pdf/intuit_initial_decision_public_redacted_1.pdf,
harv_0363,not all taxpayers qualify,legal_or_narrative,no,prec.ftc.intuit_turbotax_free_2022,finance.misleading_or_unbalanced_claims|misleading.unsubstantiated_objective_claims,225,https://www.ftc.gov/system/files/ftc_gov/pdf/intuit_initial_decision_public_redacted_1.pdf,
harv_0365,"Fedders, 529 F.2d at 1404.44 F 45 b. Multi-product Scope The provisions of the Proposed Order apply to Intuit’s advertising, marketing, promotion or offer of sale of free TurboTax online filing products, as well as any",legal_or_narrative,no,prec.ftc.intuit_turbotax_free_2022,finance.misleading_or_unbalanced_claims|misleading.unsubstantiated_objective_claims,233,https://www.ftc.gov/system/files/ftc_gov/pdf/intuit_initial_decision_public_redacted_1.pdf,
harv_0366,"Proposed Order Sections I, II. Respondent objects to this multi-product scope of the Proposed Order, arguing that because the evidence does not prove any violation as to any product other than TurboTax",legal_or_narrative,no,prec.ftc.intuit_turbotax_free_2022,finance.misleading_or_unbalanced_claims|misleading.unsubstantiated_objective_claims,233,https://www.ftc.gov/system/files/ftc_gov/pdf/intuit_initial_decision_public_redacted_1.pdf,
harv_0367,"expensive, nationwide campaign",legal_or_narrative,no,prec.ftc.intuit_turbotax_free_2022,finance.misleading_or_unbalanced_claims|misleading.unsubstantiated_objective_claims,234,https://www.ftc.gov/system/files/ftc_gov/pdf/intuit_initial_decision_public_redacted_1.pdf,
harv_0028,Important Notice – Your Lumosity Subscription Bill,legal_or_narrative,no,prec.ftc.lumosity_brain_training_2016,health.unsubstantiated_health_claims|misleading.unsubstantiated_objective_claims,12,https://www.ftc.gov/system/files/documents/cases/160105lumoslabsstip.pdf,
harv_0385,ext ernal upsell,legal_or_narrative,no,prec.ftc.mediaalpha_insurance_leads_2025,misleading.false_affiliation_or_endorsement|finance.misleading_or_unbalanced_claims,58,https://www.ftc.gov/system/files/ftc_gov/pdf/MediaAlpha-StipOrder.pdf,
harv_0397,"counts down until an unspecified, non-existent",legal_or_narrative,no,prec.ftc.mediaalpha_insurance_leads_2025,misleading.false_affiliation_or_endorsement|finance.misleading_or_unbalanced_claims,27,https://www.ftc.gov/system/files/ftc_gov/pdf/complaintforpermanentinjunctionmonetaryjudgmentandotherrelief.pdf,
harv_0398,"I have received 47 calls within one day. At this point, this is harassment",consumer_statement,yes,prec.ftc.mediaalpha_insurance_leads_2025,misleading.false_affiliation_or_endorsement|finance.misleading_or_unbalanced_claims,31,https://www.ftc.gov/system/files/ftc_gov/pdf/complaintforpermanentinjunctionmonetaryjudgmentandotherrelief.pdf,
harv_0399,Another happy customer,legal_or_narrative,no,prec.ftc.mediaalpha_insurance_leads_2025,misleading.false_affiliation_or_endorsement|finance.misleading_or_unbalanced_claims,33,https://www.ftc.gov/system/files/ftc_gov/pdf/complaintforpermanentinjunctionmonetaryjudgmentandotherrelief.pdf,
harv_0400,"received 50 calls yesterday, 20 today",consumer_statement,yes,prec.ftc.mediaalpha_insurance_leads_2025,misleading.false_affiliation_or_endorsement|finance.misleading_or_unbalanced_claims,33,https://www.ftc.gov/system/files/ftc_gov/pdf/complaintforpermanentinjunctionmonetaryjudgmentandotherrelief.pdf,
harv_0402,"insurance, falsely suggesting that was because the telemarketer had",legal_or_narrative,no,prec.ftc.mediaalpha_insurance_leads_2025,misleading.false_affiliation_or_endorsement|finance.misleading_or_unbalanced_claims,35,https://www.ftc.gov/system/files/ftc_gov/pdf/complaintforpermanentinjunctionmonetaryjudgmentandotherrelief.pdf,
harv_0403,likely be shut down or not able to pay a large amount for the calls they were buying previously,legal_or_narrative,no,prec.ftc.mediaalpha_insurance_leads_2025,misleading.false_affiliation_or_endorsement|finance.misleading_or_unbalanced_claims,42,https://www.ftc.gov/system/files/ftc_gov/pdf/complaintforpermanentinjunctionmonetaryjudgmentandotherrelief.pdf,
harv_0404,materially and falsely pose as,legal_or_narrative,no,prec.ftc.mediaalpha_insurance_leads_2025,misleading.false_affiliation_or_endorsement|finance.misleading_or_unbalanced_claims,51,https://www.ftc.gov/system/files/ftc_gov/pdf/complaintforpermanentinjunctionmonetaryjudgmentandotherrelief.pdf,
harv_0405,"affiliation with, including endorsement or sponsorship by",legal_or_narrative,no,prec.ftc.mediaalpha_insurance_leads_2025,misleading.false_affiliation_or_endorsement|finance.misleading_or_unbalanced_claims,51,https://www.ftc.gov/system/files/ftc_gov/pdf/complaintforpermanentinjunctionmonetaryjudgmentandotherrelief.pdf,
harv_0218,obtaining verifiable parental consent,legal_or_narrative,no,prec.ftc.microsoft_xbox_coppa_2023,minors.parental_consent_for_childrens_data,4,https://www.ftc.gov/system/files/ftc_gov/pdf/microsoftcomplaintcivilpenalties.pdf,
harv_0219,online contact information,legal_or_narrative,no,prec.ftc.microsoft_xbox_coppa_2023,minors.parental_consent_for_childrens_data,4,https://www.ftc.gov/system/files/ftc_gov/pdf/microsoftcomplaintcivilpenalties.pdf,
harv_0220,Web site or online service directed to children,legal_or_narrative,no,prec.ftc.microsoft_xbox_coppa_2023,minors.parental_consent_for_childrens_data,4,https://www.ftc.gov/system/files/ftc_gov/pdf/microsoftcomplaintcivilpenalties.pdf,
harv_0223,Support for the Internal Operations of the Website or Online Service,legal_or_narrative,no,prec.ftc.microsoft_xbox_coppa_2023,minors.parental_consent_for_childrens_data,9,https://www.ftc.gov/system/files/ftc_gov/pdf/microsoftproposedstiporder.pdf,
harv_0224,Microsoft’s Xbox Parental Controls and Family Settings,legal_or_narrative,no,prec.ftc.microsoft_xbox_coppa_2023,minors.parental_consent_for_childrens_data,11,https://www.ftc.gov/system/files/ftc_gov/pdf/microsoftproposedstiporder.pdf,
harv_0541,Support for the internal operations of the Web site or online service,legal_or_narrative,no,prec.ftc.musically_tiktok_coppa_2019,minors.parental_consent_for_childrens_data,6,https://www.ftc.gov/system/files/documents/cases/musical.ly_proposed_order_ecf_2-27-19.pdf,
harv_0542,related to redevelop ing r.hild­ djrect ed Web sites,legal_or_narrative,no,prec.ftc.musically_tiktok_coppa_2019,minors.parental_consent_for_childrens_data,19,https://www.ftc.gov/system/files/documents/cases/musical.ly_proposed_order_ecf_2-27-19.pdf,
harv_0415,"they thought meds are included, eventually leading them to dispute right away and email us for a refund",legal_or_narrative,no,prec.ftc.nextmed_weight_loss_2025,health.unsubstantiated_health_claims|misleading.before_after_distortion,15,https://www.ftc.gov/system/files/ftc_gov/pdf/Complaint.NextMed.pdf,
harv_0106,CEO and Managing Director,legal_or_narrative,no,prec.ftc.omics_deceptive_publishing_2019,misleading.missing_or_inconsistent_material_info,20,https://www.ftc.gov/system/files/documents/cases/de_121_-_omics_order_granting_summary_judgment.pdf,
harv_0107,"do not operate individually, but rather as a group under Omics Group Inc",legal_or_narrative,no,prec.ftc.omics_deceptive_publishing_2019,misleading.missing_or_inconsistent_material_info,18,https://www.ftc.gov/system/files/documents/cases/omics_de_86_-_ftc_motion_for_summary_judgment.pdf,
harv_0111,Table of Journal Names Not in Review Data Files,legal_or_narrative,no,prec.ftc.omics_deceptive_publishing_2019,misleading.missing_or_inconsistent_material_info,26,https://www.ftc.gov/system/files/documents/cases/omics_de_86_-_ftc_motion_for_summary_judgment.pdf,
harv_0114,OMICS! Those bastards. I had nothing to do with them on this conference in Valencia,consumer_statement,yes,prec.ftc.omics_deceptive_publishing_2019,misleading.missing_or_inconsistent_material_info,36,https://www.ftc.gov/system/files/documents/cases/omics_de_86_-_ftc_motion_for_summary_judgment.pdf,
harv_0115,"Appropriate time, place, and manner restrictions may be imposed on commercial speech, and false or misleading advertisements may be forbidden",legal_or_narrative,no,prec.ftc.omics_deceptive_publishing_2019,misleading.missing_or_inconsistent_material_info,54,https://www.ftc.gov/system/files/documents/cases/omics_de_86_-_ftc_motion_for_summary_judgment.pdf,
harv_0455,buying low and selling high,legal_or_narrative,yes,prec.ftc.opendoor_ibuying_2022,misleading.unsubstantiated_objective_claims|finance.misleading_or_unbalanced_claims,25,https://www.ftc.gov/system/files/ftc_gov/pdf/192_3191_-_opendoor_combined_package_public_redacted_not_signed.pdf,
harv_0456,Real- Estate Service,legal_or_narrative,no,prec.ftc.opendoor_ibuying_2022,misleading.unsubstantiated_objective_claims|finance.misleading_or_unbalanced_claims,25,https://www.ftc.gov/system/files/ftc_gov/pdf/192_3191_-_opendoor_combined_package_public_redacted_not_signed.pdf,
harv_0469,followed by a hyphen and number or a,legal_or_narrative,no,prec.ftc.publishers_clearing_house_2023,misleading.missing_or_inconsistent_material_info|gambling.realmoney_requires_license_and_authorization,3,https://www.ftc.gov/system/files/ftc_gov/pdf/PCH-Complaint.pdf,
harv_0470,Id. 25. The 1999 Committee Report noted that,legal_or_narrative,no,prec.ftc.publishers_clearing_house_2023,misleading.missing_or_inconsistent_material_info|gambling.realmoney_requires_license_and_authorization,7,https://www.ftc.gov/system/files/ftc_gov/pdf/PCH-Complaint.pdf,
harv_0471,consumers understand dramatizations,legal_or_narrative,yes,prec.ftc.publishers_clearing_house_2023,misleading.missing_or_inconsistent_material_info|gambling.realmoney_requires_license_and_authorization,7,https://www.ftc.gov/system/files/ftc_gov/pdf/PCH-Complaint.pdf,
harv_0472,"Id. 28. Moreover, Senator Collins questioned PCH’s representative at length about several other matters, including",legal_or_narrative,no,prec.ftc.publishers_clearing_house_2023,misleading.missing_or_inconsistent_material_info|gambling.realmoney_requires_license_and_authorization,8,https://www.ftc.gov/system/files/ftc_gov/pdf/PCH-Complaint.pdf,
harv_0474,"emails lead consumers to a webpage that represents that, to be eligible to win the sweepstakes, consumers must complete an additional",legal_or_narrative,yes,prec.ftc.publishers_clearing_house_2023,misleading.missing_or_inconsistent_material_info|gambling.realmoney_requires_license_and_authorization,16,https://www.ftc.gov/system/files/ftc_gov/pdf/PCH-Complaint.pdf,
harv_0475,emails lead consumers to a landing page that indicates that the consumer must take a,legal_or_narrative,yes,prec.ftc.publishers_clearing_house_2023,misleading.missing_or_inconsistent_material_info|gambling.realmoney_requires_license_and_authorization,17,https://www.ftc.gov/system/files/ftc_gov/pdf/PCH-Complaint.pdf,
harv_0478,"email, they start to receive a series of emails consistently over the course of approximately six to eight weeks that typically represent that they must complete a",legal_or_narrative,yes,prec.ftc.publishers_clearing_house_2023,misleading.missing_or_inconsistent_material_info|gambling.realmoney_requires_license_and_authorization,19,https://www.ftc.gov/system/files/ftc_gov/pdf/PCH-Complaint.pdf,
harv_0479,sweepstakes landing page,legal_or_narrative,no,prec.ftc.publishers_clearing_house_2023,misleading.missing_or_inconsistent_material_info|gambling.realmoney_requires_license_and_authorization,23,https://www.ftc.gov/system/files/ftc_gov/pdf/PCH-Complaint.pdf,
harv_0483,below the frame,legal_or_narrative,no,prec.ftc.publishers_clearing_house_2023,misleading.missing_or_inconsistent_material_info|gambling.realmoney_requires_license_and_authorization,29,https://www.ftc.gov/system/files/ftc_gov/pdf/PCH-Complaint.pdf,
harv_0484,"button, which is prominently displayed in large font, an example of which is shown below: Figure 10",legal_or_narrative,no,prec.ftc.publishers_clearing_house_2023,misleading.missing_or_inconsistent_material_info|gambling.realmoney_requires_license_and_authorization,29,https://www.ftc.gov/system/files/ftc_gov/pdf/PCH-Complaint.pdf,
harv_0492,"act ually existed, nor was any such document",legal_or_narrative,no,prec.ftc.publishers_clearing_house_2023,misleading.missing_or_inconsistent_material_info|gambling.realmoney_requires_license_and_authorization,33,https://www.ftc.gov/system/files/ftc_gov/pdf/PCH-Complaint.pdf,
harv_0493,touted a prize of,legal_or_narrative,no,prec.ftc.publishers_clearing_house_2023,misleading.missing_or_inconsistent_material_info|gambling.realmoney_requires_license_and_authorization,33,https://www.ftc.gov/system/files/ftc_gov/pdf/PCH-Complaint.pdf,
harv_0496,language in the subject line,legal_or_narrative,no,prec.ftc.publishers_clearing_house_2023,misleading.missing_or_inconsistent_material_info|gambling.realmoney_requires_license_and_authorization,35,https://www.ftc.gov/system/files/ftc_gov/pdf/PCH-Complaint.pdf,
harv_0498,Marketing Update 2020,other,no,prec.ftc.publishers_clearing_house_2023,misleading.missing_or_inconsistent_material_info|gambling.realmoney_requires_license_and_authorization,40,https://www.ftc.gov/system/files/ftc_gov/pdf/PCH-Complaint.pdf,
harv_0499,"option would not be provided with a statement of total costs, including shipping and handling and applicable taxes, until they received an",legal_or_narrative,no,prec.ftc.publishers_clearing_house_2023,misleading.missing_or_inconsistent_material_info|gambling.realmoney_requires_license_and_authorization,40,https://www.ftc.gov/system/files/ftc_gov/pdf/PCH-Complaint.pdf,
harv_0500,there was a high sensitivity to shipping costs,legal_or_narrative,no,prec.ftc.publishers_clearing_house_2023,misleading.missing_or_inconsistent_material_info|gambling.realmoney_requires_license_and_authorization,41,https://www.ftc.gov/system/files/ftc_gov/pdf/PCH-Complaint.pdf,
harv_0501,Controlling the Assault of Non­ Marketing Act of Solicited Pornography and Marketing Act of 2003,legal_or_narrative,no,prec.ftc.publishers_clearing_house_2023,misleading.missing_or_inconsistent_material_info|gambling.realmoney_requires_license_and_authorization,34,https://www.ftc.gov/system/files/ftc_gov/pdf/15StipulatedOrderasenteredbycourt.pdf,
harv_0502,"oO receipt of commercial electronic mail from such senders in the future, other senders provide no such",legal_or_narrative,no,prec.ftc.publishers_clearing_house_2023,misleading.missing_or_inconsistent_material_info|gambling.realmoney_requires_license_and_authorization,35,https://www.ftc.gov/system/files/ftc_gov/pdf/15StipulatedOrderasenteredbycourt.pdf,
harv_0503,affirmative con­ sent,legal_or_narrative,no,prec.ftc.publishers_clearing_house_2023,misleading.missing_or_inconsistent_material_info|gambling.realmoney_requires_license_and_authorization,35,https://www.ftc.gov/system/files/ftc_gov/pdf/15StipulatedOrderasenteredbycourt.pdf,
harv_0504,commercial electronic mail message,legal_or_narrative,no,prec.ftc.publishers_clearing_house_2023,misleading.missing_or_inconsistent_material_info|gambling.realmoney_requires_license_and_authorization,36,https://www.ftc.gov/system/files/ftc_gov/pdf/15StipulatedOrderasenteredbycourt.pdf,
harv_0505,routine convey­ ance,legal_or_narrative,no,prec.ftc.publishers_clearing_house_2023,misleading.missing_or_inconsistent_material_info|gambling.realmoney_requires_license_and_authorization,37,https://www.ftc.gov/system/files/ftc_gov/pdf/15StipulatedOrderasenteredbycourt.pdf,
harv_0506,transactional or relation­ ship message,legal_or_narrative,no,prec.ftc.publishers_clearing_house_2023,misleading.missing_or_inconsistent_material_info|gambling.realmoney_requires_license_and_authorization,37,https://www.ftc.gov/system/files/ftc_gov/pdf/15StipulatedOrderasenteredbycourt.pdf,
harv_0507,mobile service commercial message,legal_or_narrative,no,prec.ftc.publishers_clearing_house_2023,misleading.missing_or_inconsistent_material_info|gambling.realmoney_requires_license_and_authorization,53,https://www.ftc.gov/system/files/ftc_gov/pdf/15StipulatedOrderasenteredbycourt.pdf,
harv_0464,push for as many enrollments as possible,legal_or_narrative,yes,prec.ftc.rite_aid_facial_recognition_2023,privacy.sensitive_attribute_targeting_prohibited|discrimination.discriminatory_ad_content_prohibited,6,https://www.ftc.gov/system/files/ftc_gov/pdf/2023190_riteaid_complaint_filed.pdf,
harv_0465,Automated Biometric or Surveillance Security System,legal_or_narrative,no,prec.ftc.rite_aid_facial_recognition_2023,privacy.sensitive_attribute_targeting_prohibited|discrimination.discriminatory_ad_content_prohibited,11,https://www.ftc.gov/system/files/ftc_gov/pdf/2023190_riteaid_stipulated_order_filed.pdf,
harv_0549,"Followers who viewed these videos in their Instagram feeds – either because the videos played automatically within the mobile app, or because the followers chose to play the videos – could have viewed the videos without clicking",legal_or_narrative,yes,prec.ftc.teami_health_influencers_2020,health.unsubstantiated_health_claims|misleading.unsubstantiated_objective_claims,14,https://www.ftc.gov/system/files/documents/cases/complaint_4.pdf,
harv_0550,Statement of Disclosure Responsibilities,legal_or_narrative,no,prec.ftc.teami_health_influencers_2020,health.unsubstantiated_health_claims|misleading.unsubstantiated_objective_claims,12,https://www.ftc.gov/system/files/documents/cases/stipulated_order.pdf,
harv_0029,"TDI Jetta, in late 2008. According to Volkswagen USA, its introduction of its new",legal_or_narrative,no,prec.ftc.volkswagen_clean_diesel_2016,misleading.unsubstantiated_objective_claims,5,https://www.ftc.gov/system/files/documents/cases/160329volkswagen_cmpt.pdf,
harv_0030,technology in the U.S. market was,legal_or_narrative,no,prec.ftc.volkswagen_clean_diesel_2016,misleading.unsubstantiated_objective_claims,5,https://www.ftc.gov/system/files/documents/cases/160329volkswagen_cmpt.pdf,
harv_0031,diesel’s environmental and economic advantages,legal_or_narrative,no,prec.ftc.volkswagen_clean_diesel_2016,misleading.unsubstantiated_objective_claims,5,https://www.ftc.gov/system/files/documents/cases/160329volkswagen_cmpt.pdf,
harv_0032,rationalize themselves out of their aspirations and justify buying lesser cars under the guise of being responsible,legal_or_narrative,no,prec.ftc.volkswagen_clean_diesel_2016,misleading.unsubstantiated_objective_claims,5,https://www.ftc.gov/system/files/documents/cases/160329volkswagen_cmpt.pdf,
harv_0048,states that the Touareg TDI,legal_or_narrative,no,prec.ftc.volkswagen_clean_diesel_2016,misleading.unsubstantiated_objective_claims,9,https://www.ftc.gov/system/files/documents/cases/160329volkswagen_cmpt.pdf,
harv_0056,"Marketing, Sales Practices, and Products Liability Litigation, No. 3:15-md-2672-CRB (N.D. Cal.) that (1) resolves disputes between consumer class members and Bosch, and (2) obligates Bosch to pay consumers at least $276,531,850. G",legal_or_narrative,no,prec.ftc.volkswagen_clean_diesel_2016,misleading.unsubstantiated_objective_claims,3,https://www.ftc.gov/system/files/documents/cases/170329_stipord_perm_.pdf,
harv_0057,"Marketing, Sales Practices, and Products Liability Litigation, No. 3:15-md-02672-CRB (N.D. Cal.), by the United States on December 20, 2016. If the Court approves the Proposed Second Partial Consent Decree",legal_or_narrative,no,prec.ftc.volkswagen_clean_diesel_2016,misleading.unsubstantiated_objective_claims,5,https://www.ftc.gov/system/files/documents/cases/170329_stipord_perm_.pdf,
harv_0058,Visit VWCourtSettlement.com (or AudiCourtSettlement.com) for information on the TDI Settlement,legal_or_narrative,no,prec.ftc.volkswagen_clean_diesel_2016,misleading.unsubstantiated_objective_claims,18,https://www.ftc.gov/system/files/documents/cases/170329_stipord_perm_.pdf,
harv_0059,Visit VWCourtSettlement.com for information on the TDI Settlement,legal_or_narrative,no,prec.ftc.volkswagen_clean_diesel_2016,misleading.unsubstantiated_objective_claims,16,https://www.ftc.gov/system/files/documents/cases/2104_-_final_signed_ftc_order.pdf,
harv_0460,bounced around between departments,consumer_statement,yes,prec.ftc.vonage_dark_patterns_2022,misleading.missing_or_inconsistent_material_info,8,https://www.ftc.gov/system/files/ftc_gov/pdf/Vonage-Complaint.pdf,
harv_0461,sent in a circle when they want to downgrade or remove the service,legal_or_narrative,yes,prec.ftc.vonage_dark_patterns_2022,misleading.missing_or_inconsistent_material_info,8,https://www.ftc.gov/system/files/ftc_gov/pdf/Vonage-Complaint.pdf,
harv_0462,I can’t understand your policy of having to talk to someone to cancel an account . . . I can order online but can’t cancel online,consumer_statement,yes,prec.ftc.vonage_dark_patterns_2022,misleading.missing_or_inconsistent_material_info,15,https://www.ftc.gov/system/files/ftc_gov/pdf/Vonage-Complaint.pdf,
harv_0463,"I have been trying to cancel my account for weeks and can not get through on the phone and every time they say someone will call me back, no one ever does. The company is bankrupt and this is becoming a legal issue",consumer_statement,yes,prec.ftc.vonage_dark_patterns_2022,misleading.missing_or_inconsistent_material_info,16,https://www.ftc.gov/system/files/ftc_gov/pdf/Vonage-Complaint.pdf,
harv_0082,"misbranded if it is falsely or deceptively stamped, tagged, labeled, invoiced, advertised, or otherwise identified as to the name or amount of constituent fibers contained therein",legal_or_narrative,no,prec.ftc.walmart_bamboo_greenwashing_2022,misleading.unsubstantiated_objective_claims,23,https://www.ftc.gov/system/files/ftc_gov/pdf/2023171KohlsComplaint.pdf,
harv_0083,non-private label products,legal_or_narrative,no,prec.ftc.walmart_bamboo_greenwashing_2022,misleading.unsubstantiated_objective_claims,3,https://www.ftc.gov/system/files/ftc_gov/pdf/2023173WalmartComplaint.pdf,
harv_0097,deemed to be an implication of fiber content,legal_or_narrative,no,prec.ftc.walmart_bamboo_greenwashing_2022,misleading.unsubstantiated_objective_claims,17,https://www.ftc.gov/system/files/ftc_gov/pdf/2023173WalmartComplaint.pdf,
harv_0375,unique device identifier,legal_or_narrative,no,prec.ftc.weight_watchers_kurbo_coppa_2022,minors.parental_consent_for_childrens_data|health.negative_self_perception_body_image,3,https://www.ftc.gov/system/files/ftc_gov/pdf/filed_complaint.pdf,
harv_0377,Website or Online Service Directed to Children,legal_or_narrative,no,prec.ftc.weight_watchers_kurbo_coppa_2022,minors.parental_consent_for_childrens_data|health.negative_self_perception_body_image,5,https://www.ftc.gov/system/files/ftc_gov/pdf/wwkurbostipulatedorder.pdf,
harv_0554,"shown in Figure 1 above, loads a page titled",legal_or_narrative,no,prec.nyag.4kapps_healthcare_2024,health.health_privacy_sensitive_attributes|misleading.false_affiliation_or_endorsement,5,https://ag.ny.gov/sites/default/files/settlements-agreements/4k-apps-aod-2024.pdf,
harv_0557,state that calls will be answered by Rehabs Near You,legal_or_narrative,yes,prec.nyag.4kapps_healthcare_2024,health.health_privacy_sensitive_attributes|misleading.false_affiliation_or_endorsement,20,https://ag.ny.gov/sites/default/files/settlements-agreements/4k-apps-aod-2024.pdf,
harv_0559,"identify the Business, the types of goods or services that it offers, as we ll as the specific product, service, or brand that you request the Talent User to mention or refer to",legal_or_narrative,no,prec.nyag.cameo_endorsements_2024,finance.testimonials_endorsements_disclosure|misleading.false_affiliation_or_endorsement,2,https://ag.ny.gov/sites/default/files/settlements-agreements/cameo-aod-2024.pdf,
harv_0560,Clearly and Conspicuously,legal_or_narrative,no,prec.nyag.cameo_endorsements_2024,finance.testimonials_endorsements_disclosure|misleading.false_affiliation_or_endorsement,3,https://ag.ny.gov/sites/default/files/settlements-agreements/cameo-aod-2024.pdf,
harv_0561,Guides Concerning the Use of E ndorsements and Testimonials in Advertising,legal_or_narrative,no,prec.nyag.cameo_endorsements_2024,finance.testimonials_endorsements_disclosure|misleading.false_affiliation_or_endorsement,8,https://ag.ny.gov/sites/default/files/settlements-agreements/cameo-aod-2024.pdf,
harv_0562,Guides Concerning the Use of Endorsements and Testimonials in Advertising,legal_or_narrative,no,prec.nyag.cameo_endorsements_2024,finance.testimonials_endorsements_disclosure|misleading.false_affiliation_or_endorsement,13,https://ag.ny.gov/sites/default/files/settlements-agreements/cameo-aod-2024.pdf,
harv_0551,does not include an advertisement on the outside (but on the property) of a JLI facility. f,legal_or_narrative,no,prec.nyag.juul_youth_marketing_2023,atc.tobacco_advertising_format_restrictions|minors.age_restricted_products_not_shown_to_minors,2,https://ag.ny.gov/sites/default/files/settlements-agreements/NY%20JUUL%20Final.pdf,
harv_0552,Third-Party Sales Websites,legal_or_narrative,no,prec.nyag.juul_youth_marketing_2023,atc.tobacco_advertising_format_restrictions|minors.age_restricted_products_not_shown_to_minors,8,https://ag.ny.gov/sites/default/files/settlements-agreements/NY%20JUUL%20Final.pdf,
